method,uid,dataset,match_iou,n_gt,n_pred,dice,iou,hd95,assd,bf1,area_err,n_miss,n_fp
A_box,busi_c4322390d6,busi,0.8683147430419922,1,1,0.9295165394402035,0.868314713572617,5.0,2.109949897637993,0.5831390507910076,0.0,,
A_box__detstats,busi_c4322390d6,busi,,1,1,,,,,,,0.0,0.0
A_otsu,busi_c4322390d6,busi,0.8698858022689819,1,1,0.9304159776109909,0.8698858230256898,4.47213595499958,2.07244665716839,0.5745166402535657,0.0002544529262086514,,
A_otsu__detstats,busi_c4322390d6,busi,,1,1,,,,,,,0.0,0.0
A_otsu_fb,busi_c4322390d6,busi,0.8698858022689819,1,1,0.9304159776109909,0.8698858230256898,4.47213595499958,2.07244665716839,0.5745166402535657,0.0002544529262086514,,
A_otsu_fb__detstats,busi_c4322390d6,busi,,1,1,,,,,,,0.0,0.0
A_select,busi_c4322390d6,busi,0.8698858022689819,1,1,0.9304159776109909,0.8698858230256898,4.47213595499958,2.07244665716839,0.5745166402535657,0.0002544529262086514,,
A_select__detstats,busi_c4322390d6,busi,,1,1,,,,,,,0.0,0.0
B_seg,busi_c4322390d6,busi,0.894178569316864,1,1,0.9441333506967053,0.894178589047854,5.907023542164904,1.6137330885097403,0.8132513595068661,0.046055979643765906,,
B_seg__detstats,busi_c4322390d6,busi,,1,1,,,,,,,0.0,0.0
SAM_edgesam,busi_c4322390d6,busi,0.8252591490745544,1,1,0.9042651831247103,0.8252591495663212,8.593577038783863,3.0312516462059667,0.4955300694336609,0.19541984732824427,,
SAM_edgesam__detstats,busi_c4322390d6,busi,,1,1,,,,,,,0.0,0.0
SAM_efficientvit-t,busi_c4322390d6,busi,0.7514827847480774,1,1,0.8581103962072468,0.7514827995255041,348.0,43.524581540256,0.3337423312883436,0.25419847328244277,,
SAM_efficientvit-t__detstats,busi_c4322390d6,busi,,1,1,,,,,,,0.0,0.0
A_box,busi_a3108459ab,busi,0.8610432147979736,1,1,0.9253339172323188,0.8610431947840261,5.0,1.8096936935583252,0.6476190476190475,0.07055344317701732,,
A_box__detstats,busi_a3108459ab,busi,,1,1,,,,,,,0.0,0.0
A_otsu,busi_a3108459ab,busi,0.8317907452583313,1,1,0.9081722319859402,0.8317907444668008,5.0,2.2245454978528065,0.496536312849162,0.07689057879171948,,
A_otsu__detstats,busi_a3108459ab,busi,,1,1,,,,,,,0.0,0.0
A_otsu_fb,busi_a3108459ab,busi,0.8317907452583313,1,1,0.9081722319859402,0.8317907444668008,5.0,2.2245454978528065,0.496536312849162,0.07689057879171948,,
A_otsu_fb__detstats,busi_a3108459ab,busi,,1,1,,,,,,,0.0,0.0
A_select,busi_a3108459ab,busi,0.8317907452583313,1,1,0.9081722319859402,0.8317907444668008,5.0,2.2245454978528065,0.496536312849162,0.07689057879171948,,
A_select__detstats,busi_a3108459ab,busi,,1,1,,,,,,,0.0,0.0
B_seg,busi_a3108459ab,busi,0.8855640888214111,1,1,0.9393094574308385,0.8855640921957137,3.18444134093314,1.4677843308397875,0.7000000000000001,0.02999577524292353,,
B_seg__detstats,busi_a3108459ab,busi,,1,1,,,,,,,0.0,0.0
SAM_edgesam,busi_a3108459ab,busi,0.8497615456581116,1,1,0.9187795444778685,0.8497615262321144,4.0,1.956407118460358,0.5159817351598173,0.03379805661174482,,
SAM_edgesam__detstats,busi_a3108459ab,busi,,1,1,,,,,,,0.0,0.0
SAM_efficientvit-t,busi_a3108459ab,busi,0.8474643230438232,1,1,0.9174351276002574,0.8474643423137876,4.092329219213245,1.9658539820749381,0.5468907427558134,0.02999577524292353,,
SAM_efficientvit-t__detstats,busi_a3108459ab,busi,,1,1,,,,,,,0.0,0.0
A_box,busi_6ca345f4b1,busi,0.8876475691795349,1,2,0.9404801936915731,0.8876475815665863,6.0,2.244002053627721,0.574331151125936,0.03476077187417394,,
A_box__detstats,busi_6ca345f4b1,busi,,1,2,,,,,,,0.0,1.0
A_otsu,busi_6ca345f4b1,busi,0.8251023888587952,1,2,0.9041710665258712,0.8251023849674777,9.649744150086049,3.6248203691631042,0.4999158443962886,0.0026434047052603755,,
A_otsu__detstats,busi_6ca345f4b1,busi,,1,2,,,,,,,0.0,1.0
A_otsu_fb,busi_6ca345f4b1,busi,0.8251023888587952,1,2,0.9041710665258712,0.8251023849674777,9.649744150086049,3.6248203691631042,0.4999158443962886,0.0026434047052603755,,
A_otsu_fb__detstats,busi_6ca345f4b1,busi,,1,2,,,,,,,0.0,1.0
A_select,busi_6ca345f4b1,busi,0.8251023888587952,1,2,0.9041710665258712,0.8251023849674777,9.649744150086049,3.6248203691631042,0.4999158443962886,0.0026434047052603755,,
A_select__detstats,busi_6ca345f4b1,busi,,1,2,,,,,,,0.0,1.0
B_seg,busi_6ca345f4b1,busi,0.7945412397384644,1,3,0.885509028541842,0.794541231126597,11.0,4.33015268082056,0.2608160032851319,0.04216230504890299,,
B_seg__detstats,busi_6ca345f4b1,busi,,1,3,,,,,,,0.0,2.0
SAM_edgesam,busi_6ca345f4b1,busi,0.8208422660827637,1,2,0.9016072128577028,0.820842255531763,7.431158336743021,3.8580305527276364,0.30047318611987384,0.022997620935765267,,
SAM_edgesam__detstats,busi_6ca345f4b1,busi,,1,2,,,,,,,0.0,1.0
SAM_efficientvit-t,busi_6ca345f4b1,busi,0.8320222496986389,1,2,0.9083102127097371,0.8320222679414256,9.0,3.5014986047222765,0.38696699399168893,0.0007930214115781126,,
SAM_efficientvit-t__detstats,busi_6ca345f4b1,busi,,1,2,,,,,,,0.0,1.0
A_box,busi_9460d57994,busi,0.8517837524414062,1,1,0.9199602780536247,0.8517837440235381,6.708203932499369,2.598336470424993,0.5331412103746398,0.053007135575942915,,
A_box__detstats,busi_9460d57994,busi,,1,1,,,,,,,0.0,0.0
A_otsu,busi_9460d57994,busi,0.8817309737205505,1,1,0.9371488033298647,0.881730957509301,5.0,1.9632825069855562,0.6879589216944801,0.040774719673802244,,
A_otsu__detstats,busi_9460d57994,busi,,1,1,,,,,,,0.0,0.0
A_otsu_fb,busi_9460d57994,busi,0.8817309737205505,1,1,0.9371488033298647,0.881730957509301,5.0,1.9632825069855562,0.6879589216944801,0.040774719673802244,,
A_otsu_fb__detstats,busi_9460d57994,busi,,1,1,,,,,,,0.0,0.0
A_select,busi_9460d57994,busi,0.8817309737205505,1,1,0.9371488033298647,0.881730957509301,5.0,1.9632825069855562,0.6879589216944801,0.040774719673802244,,
A_select__detstats,busi_9460d57994,busi,,1,1,,,,,,,0.0,0.0
B_seg,busi_9460d57994,busi,0.8912110328674316,1,1,0.9424765663542181,0.8912110468370965,5.0,1.8421252795949372,0.6647908939762117,0.06625891946992865,,
B_seg__detstats,busi_9460d57994,busi,,1,1,,,,,,,0.0,0.0
SAM_edgesam,busi_9460d57994,busi,0.811282217502594,1,1,0.8958098555475873,0.8112822416032659,10.0,3.369076364939278,0.4618852736578334,0.00998980632008155,,
SAM_edgesam__detstats,busi_9460d57994,busi,,1,1,,,,,,,0.0,0.0
SAM_efficientvit-t,busi_9460d57994,busi,0.8327173590660095,1,1,0.9087242623646784,0.8327173701614472,11.313188505594413,2.959141221759606,0.5755793135198731,0.07910295616717634,,
SAM_efficientvit-t__detstats,busi_9460d57994,busi,,1,1,,,,,,,0.0,0.0
A_box,busi_bd7080a2a6,busi,0.7377426624298096,1,1,0.8490816133308086,0.7377426785126686,13.0,5.170781330487572,0.281949479256574,0.13458141999293535,,
A_box__detstats,busi_bd7080a2a6,busi,,1,1,,,,,,,0.0,0.0
A_otsu,busi_bd7080a2a6,busi,0.80243319272995,1,1,0.8903888202300599,0.8024331734064428,8.94427190999916,3.8026292311777583,0.37117750439367314,0.1421759095725892,,
A_otsu__detstats,busi_bd7080a2a6,busi,,1,1,,,,,,,0.0,0.0
A_otsu_fb,busi_bd7080a2a6,busi,0.80243319272995,1,1,0.8903888202300599,0.8024331734064428,8.94427190999916,3.8026292311777583,0.37117750439367314,0.1421759095725892,,
A_otsu_fb__detstats,busi_bd7080a2a6,busi,,1,1,,,,,,,0.0,0.0
A_select,busi_bd7080a2a6,busi,0.80243319272995,1,1,0.8903888202300599,0.8024331734064428,8.94427190999916,3.8026292311777583,0.37117750439367314,0.1421759095725892,,
A_select__detstats,busi_bd7080a2a6,busi,,1,1,,,,,,,0.0,0.0
B_seg,busi_bd7080a2a6,busi,0.8568075299263,1,1,0.922882427307206,0.8568075117370892,7.0,2.641076232713116,0.4355579573088355,0.04415400918403391,,
B_seg__detstats,busi_bd7080a2a6,busi,,1,1,,,,,,,0.0,0.0
SAM_edgesam,busi_bd7080a2a6,busi,0.7035923004150391,1,1,0.8260102000784622,0.7035923141186299,18.18640479931573,5.7608023905106105,0.26495726495726496,0.199222889438361,,
SAM_edgesam__detstats,busi_bd7080a2a6,busi,,1,1,,,,,,,0.0,0.0
SAM_efficientvit-t,busi_bd7080a2a6,busi,0.7030302882194519,1,1,0.8256227758007118,0.703030303030303,17.0,5.81629744773765,0.34497224808211263,0.21335217237725185,,
SAM_efficientvit-t__detstats,busi_bd7080a2a6,busi,,1,1,,,,,,,0.0,0.0
A_box,busi_479bc9d958,busi,0.0,1,1,0.0,0.0,,,0.0,,,
A_box__detstats,busi_479bc9d958,busi,,1,1,,,,,,,1.0,1.0
A_otsu,busi_479bc9d958,busi,0.0,1,1,0.0,0.0,,,0.0,,,
A_otsu__detstats,busi_479bc9d958,busi,,1,1,,,,,,,1.0,1.0
A_otsu_fb,busi_479bc9d958,busi,0.0,1,1,0.0,0.0,,,0.0,,,
A_otsu_fb__detstats,busi_479bc9d958,busi,,1,1,,,,,,,1.0,1.0
A_select,busi_479bc9d958,busi,0.0,1,1,0.0,0.0,,,0.0,,,
A_select__detstats,busi_479bc9d958,busi,,1,1,,,,,,,1.0,1.0
B_seg,busi_479bc9d958,busi,0.5130279660224915,1,2,0.6781473463229023,0.5130279418333415,111.31936040060597,41.93632169221125,0.00999061487693379,0.19275287143386438,,
B_seg__detstats,busi_479bc9d958,busi,,1,2,,,,,,,0.0,1.0
SAM_edgesam,busi_479bc9d958,busi,0.0,1,1,0.0,0.0,,,0.0,,,
SAM_edgesam__detstats,busi_479bc9d958,busi,,1,1,,,,,,,1.0,1.0
SAM_efficientvit-t,busi_479bc9d958,busi,0.0,1,1,0.0,0.0,,,0.0,,,
SAM_efficientvit-t__detstats,busi_479bc9d958,busi,,1,1,,,,,,,1.0,1.0
A_box,busi_5f2389aed3,busi,0.8897566199302673,1,1,0.941662673694298,0.889756649688738,6.0,2.6984014456133405,0.47794117647058826,0.06355833913245186,,
A_box__detstats,busi_5f2389aed3,busi,,1,1,,,,,,,0.0,0.0
A_otsu,busi_5f2389aed3,busi,0.8855799436569214,1,1,0.9393183707398172,0.8855799373040752,6.324555320336759,2.8638895585427395,0.47328263002944065,0.04662491301322199,,
A_otsu__detstats,busi_5f2389aed3,busi,,1,1,,,,,,,0.0,0.0
A_otsu_fb,busi_5f2389aed3,busi,0.8855799436569214,1,1,0.9393183707398172,0.8855799373040752,6.324555320336759,2.8638895585427395,0.47328263002944065,0.04662491301322199,,
A_otsu_fb__detstats,busi_5f2389aed3,busi,,1,1,,,,,,,0.0,0.0
A_select,busi_5f2389aed3,busi,0.8855799436569214,1,1,0.9393183707398172,0.8855799373040752,6.324555320336759,2.8638895585427395,0.47328263002944065,0.04662491301322199,,
A_select__detstats,busi_5f2389aed3,busi,,1,1,,,,,,,0.0,0.0
B_seg,busi_5f2389aed3,busi,0.8817285895347595,1,2,0.9371474617244158,0.8817285822592873,6.60142603922608,2.915617989814759,0.38888888888888895,0.01507770818835537,,
B_seg__detstats,busi_5f2389aed3,busi,,1,2,,,,,,,0.0,1.0
SAM_edgesam,busi_5f2389aed3,busi,0.8909675478935242,1,1,0.9423403738771546,0.890967519798003,6.0,2.5677808430486078,0.517590548396114,0.08907446068197634,,
SAM_edgesam__detstats,busi_5f2389aed3,busi,,1,1,,,,,,,0.0,0.0
SAM_efficientvit-t,busi_5f2389aed3,busi,0.905289351940155,1,1,0.9502906631866176,0.9052893309222423,6.324555320336759,2.2856749613135623,0.57999371365708,0.04476919508234748,,
SAM_efficientvit-t__detstats,busi_5f2389aed3,busi,,1,1,,,,,,,0.0,0.0
A_box,busi_7432afad2c,busi,0.8822672963142395,1,1,0.9374516521162559,0.8822672906916277,8.0,2.7670602680058964,0.5222101841820151,0.00022104332449160034,,
A_box__detstats,busi_7432afad2c,busi,,1,1,,,,,,,0.0,0.0
A_otsu,busi_7432afad2c,busi,0.8341315984725952,1,1,0.9095657110417258,0.8341316118284048,14.142135623730951,3.9985767435663218,0.4218846525478766,0.05316091954022988,,
A_otsu__detstats,busi_7432afad2c,busi,,1,1,,,,,,,0.0,0.0
A_otsu_fb,busi_7432afad2c,busi,0.8341315984725952,1,1,0.9095657110417258,0.8341316118284048,14.142135623730951,3.9985767435663218,0.4218846525478766,0.05316091954022988,,
A_otsu_fb__detstats,busi_7432afad2c,busi,,1,1,,,,,,,0.0,0.0
A_select,busi_7432afad2c,busi,0.8341315984725952,1,1,0.9095657110417258,0.8341316118284048,14.142135623730951,3.9985767435663218,0.4218846525478766,0.05316091954022988,,
A_select__detstats,busi_7432afad2c,busi,,1,1,,,,,,,0.0,0.0
B_seg,busi_7432afad2c,busi,0.9091380834579468,1,1,0.9524068238617842,0.9091380562182346,5.0,2.0450016869283654,0.6346516562536838,0.03426171529619806,,
B_seg__detstats,busi_7432afad2c,busi,,1,1,,,,,,,0.0,0.0
SAM_edgesam,busi_7432afad2c,busi,0.8774404525756836,1,1,0.9347198780421409,0.877440457937238,7.0710678118654755,2.897660737551959,0.437345843694315,0.02995137046861185,,
SAM_edgesam__detstats,busi_7432afad2c,busi,,1,1,,,,,,,0.0,0.0
SAM_efficientvit-t,busi_7432afad2c,busi,0.8848189115524292,1,1,0.9388901123100639,0.8848189270519872,6.708203932499369,2.643247707693895,0.5177564511168267,0.007515473032714412,,
SAM_efficientvit-t__detstats,busi_7432afad2c,busi,,1,1,,,,,,,0.0,0.0
A_box,busi_98197bf517,busi,0.9016736149787903,1,4,0.9482948294829483,0.9016736401673641,4.036931687685293,1.3378727460066635,0.7559894202880032,0.05353319057815846,,
A_box__detstats,busi_98197bf517,busi,,1,4,,,,,,,0.0,3.0
A_otsu,busi_98197bf517,busi,0.9175401926040649,1,4,0.956997084548105,0.9175401816911251,3.1622776601683795,1.111967816742037,0.8519818924588716,0.04139900071377588,,
A_otsu__detstats,busi_98197bf517,busi,,1,4,,,,,,,0.0,3.0
A_otsu_fb,busi_98197bf517,busi,0.9175401926040649,1,4,0.956997084548105,0.9175401816911251,3.1622776601683795,1.111967816742037,0.8519818924588716,0.04139900071377588,,
A_otsu_fb__detstats,busi_98197bf517,busi,,1,4,,,,,,,0.0,3.0
A_select,busi_98197bf517,busi,0.9175401926040649,1,4,0.956997084548105,0.9175401816911251,3.1622776601683795,1.111967816742037,0.8519818924588716,0.04139900071377588,,
A_select__detstats,busi_98197bf517,busi,,1,4,,,,,,,0.0,3.0
B_seg,busi_98197bf517,busi,0.0,1,2,0.0,0.0,,,0.0,,,
B_seg__detstats,busi_98197bf517,busi,,1,2,,,,,,,1.0,2.0
SAM_edgesam,busi_98197bf517,busi,0.8872861266136169,1,4,0.9402772840383932,0.8872861455887286,4.242640687119285,1.6130591432522308,0.7335845200842965,0.007851534618129907,,
SAM_edgesam__detstats,busi_98197bf517,busi,,1,4,,,,,,,0.0,3.0
SAM_efficientvit-t,busi_98197bf517,busi,0.907213032245636,1,4,0.9513494318181818,0.9072130037250254,3.1622776601683795,1.2371848136703754,0.8663535165047295,0.009992862241256246,,
SAM_efficientvit-t__detstats,busi_98197bf517,busi,,1,4,,,,,,,0.0,3.0
A_box,busi_4e9b7d897c,busi,0.8509141802787781,1,1,0.9194528875379939,0.8509142053445851,3.605551275463989,1.691803230968537,0.7204753321316509,0.08349514563106795,,
A_box__detstats,busi_4e9b7d897c,busi,,1,1,,,,,,,0.0,0.0
A_otsu,busi_4e9b7d897c,busi,0.8950850367546082,1,1,0.944638403990025,0.8950850661625709,3.0,1.1348324312147764,0.8452313883299799,0.05339805825242718,,
A_otsu__detstats,busi_4e9b7d897c,busi,,1,1,,,,,,,0.0,0.0
A_otsu_fb,busi_4e9b7d897c,busi,0.8950850367546082,1,1,0.944638403990025,0.8950850661625709,3.0,1.1348324312147764,0.8452313883299799,0.05339805825242718,,
A_otsu_fb__detstats,busi_4e9b7d897c,busi,,1,1,,,,,,,0.0,0.0
A_select,busi_4e9b7d897c,busi,0.8950850367546082,1,1,0.944638403990025,0.8950850661625709,3.0,1.1348324312147764,0.8452313883299799,0.05339805825242718,,
A_select__detstats,busi_4e9b7d897c,busi,,1,1,,,,,,,0.0,0.0
B_seg,busi_4e9b7d897c,busi,0.8681267499923706,1,1,0.9294088301322025,0.8681267474370923,3.0,1.4600193182701262,0.7981605766840665,0.053883495145631066,,
B_seg__detstats,busi_4e9b7d897c,busi,,1,1,,,,,,,0.0,0.0
SAM_edgesam,busi_4e9b7d897c,busi,0.8890917301177979,1,1,0.941290166706934,0.8890917389319946,4.123105625617661,1.3140558189753748,0.7774800506463297,0.009223300970873786,,
SAM_edgesam__detstats,busi_4e9b7d897c,busi,,1,1,,,,,,,0.0,0.0
SAM_efficientvit-t,busi_4e9b7d897c,busi,0.8788694739341736,1,1,0.9355300859598854,0.8788694481830417,4.123105625617661,1.3957659711365515,0.7721370887195731,0.03300970873786408,,
SAM_efficientvit-t__detstats,busi_4e9b7d897c,busi,,1,1,,,,,,,0.0,0.0
A_box,busi_881775a5f8,busi,0.0,1,1,0.0,0.0,,,0.0,,,
A_box__detstats,busi_881775a5f8,busi,,1,1,,,,,,,1.0,1.0
A_otsu,busi_881775a5f8,busi,0.0,1,1,0.0,0.0,,,0.0,,,
A_otsu__detstats,busi_881775a5f8,busi,,1,1,,,,,,,1.0,1.0
A_otsu_fb,busi_881775a5f8,busi,0.0,1,1,0.0,0.0,,,0.0,,,
A_otsu_fb__detstats,busi_881775a5f8,busi,,1,1,,,,,,,1.0,1.0
A_select,busi_881775a5f8,busi,0.0,1,1,0.0,0.0,,,0.0,,,
A_select__detstats,busi_881775a5f8,busi,,1,1,,,,,,,1.0,1.0
B_seg,busi_881775a5f8,busi,0.0,1,1,0.0,0.0,,,0.0,,,
B_seg__detstats,busi_881775a5f8,busi,,1,1,,,,,,,1.0,1.0
SAM_edgesam,busi_881775a5f8,busi,0.0,1,1,0.0,0.0,,,0.0,,,
SAM_edgesam__detstats,busi_881775a5f8,busi,,1,1,,,,,,,1.0,1.0
SAM_efficientvit-t,busi_881775a5f8,busi,0.0,1,1,0.0,0.0,,,0.0,,,
SAM_efficientvit-t__detstats,busi_881775a5f8,busi,,1,1,,,,,,,1.0,1.0
A_box,busi_11c694f20f,busi,0.8238672614097595,1,1,0.9034289713086074,0.8238672622846203,4.47213595499958,1.7130774122123593,0.7088459285295841,0.04727793696275072,,
A_box__detstats,busi_11c694f20f,busi,,1,1,,,,,,,0.0,0.0
A_otsu,busi_11c694f20f,busi,0.8343004584312439,1,1,0.9096660808435852,0.8343004513217279,4.218733674818961,1.5808047679061557,0.7564469914040115,0.03796561604584527,,
A_otsu__detstats,busi_11c694f20f,busi,,1,1,,,,,,,0.0,0.0
A_otsu_fb,busi_11c694f20f,busi,0.8343004584312439,1,1,0.9096660808435852,0.8343004513217279,4.218733674818961,1.5808047679061557,0.7564469914040115,0.03796561604584527,,
A_otsu_fb__detstats,busi_11c694f20f,busi,,1,1,,,,,,,0.0,0.0
A_select,busi_11c694f20f,busi,0.8343004584312439,1,1,0.9096660808435852,0.8343004513217279,4.218733674818961,1.5808047679061557,0.7564469914040115,0.03796561604584527,,
A_select__detstats,busi_11c694f20f,busi,,1,1,,,,,,,0.0,0.0
B_seg,busi_11c694f20f,busi,0.6828617453575134,1,1,0.8115482233502538,0.6828617191671116,10.391853012565557,3.650471117392532,0.5182346109175376,0.25787965616045844,,
B_seg__detstats,busi_11c694f20f,busi,,1,1,,,,,,,0.0,0.0
SAM_edgesam,busi_11c694f20f,busi,0.692307710647583,1,1,0.8181818181818182,0.6923076923076923,7.0,3.458919599698133,0.2978362324989393,0.19054441260744986,,
SAM_edgesam__detstats,busi_11c694f20f,busi,,1,1,,,,,,,0.0,0.0
SAM_efficientvit-t,busi_11c694f20f,busi,0.7817073464393616,1,1,0.8774811772758385,0.7817073170731708,6.0,2.1819191610696205,0.6441888139627132,0.09312320916905444,,
SAM_efficientvit-t__detstats,busi_11c694f20f,busi,,1,1,,,,,,,0.0,0.0
A_box,busi_dcf573aebc,busi,0.9082112908363342,1,1,0.9518980402905304,0.9082112970711297,10.0,3.894205725120074,0.34410234514603794,0.009547190398254229,,
A_box__detstats,busi_dcf573aebc,busi,,1,1,,,,,,,0.0,0.0
A_otsu,busi_dcf573aebc,busi,0.9196059703826904,1,1,0.9581195231704429,0.9196059859821936,7.810249675906654,3.267157808762616,0.38486376149623225,0.025563089392876628,,
A_otsu__detstats,busi_dcf573aebc,busi,,1,1,,,,,,,0.0,0.0
A_otsu_fb,busi_dcf573aebc,busi,0.9196059703826904,1,1,0.9581195231704429,0.9196059859821936,7.810249675906654,3.267157808762616,0.38486376149623225,0.025563089392876628,,
A_otsu_fb__detstats,busi_dcf573aebc,busi,,1,1,,,,,,,0.0,0.0
A_select,busi_dcf573aebc,busi,0.9196059703826904,1,1,0.9581195231704429,0.9196059859821936,7.810249675906654,3.267157808762616,0.38486376149623225,0.025563089392876628,,
A_select__detstats,busi_dcf573aebc,busi,,1,1,,,,,,,0.0,0.0
B_seg,busi_dcf573aebc,busi,0.9432991743087769,1,1,0.9708223844282239,0.9432991640503839,5.0,2.1976034635590644,0.5347738014854827,0.00198737432779986,,
B_seg__detstats,busi_dcf573aebc,busi,,1,1,,,,,,,0.0,0.0
SAM_edgesam,busi_dcf573aebc,busi,0.9490706920623779,1,1,0.9738699444885012,0.9490706750647243,5.656854249492381,2.0279306470285956,0.6400514031141056,0.034447821681864235,,
SAM_edgesam__detstats,busi_dcf573aebc,busi,,1,1,,,,,,,0.0,0.0
SAM_efficientvit-t,busi_dcf573aebc,busi,0.9542428851127625,1,1,0.976585764612001,0.9542428968087939,4.242640687119285,1.762028082224714,0.6903341213194587,0.0021432468240978877,,
SAM_efficientvit-t__detstats,busi_dcf573aebc,busi,,1,1,,,,,,,0.0,0.0
A_box,busi_25d8683937,busi,0.9008662104606628,1,1,0.9478481012658228,0.9008662175168431,3.1622776601683795,1.3717448569424742,0.7921462423832092,0.09363957597173145,,
A_box__detstats,busi_25d8683937,busi,,1,1,,,,,,,0.0,0.0
A_otsu,busi_25d8683937,busi,0.8805876970291138,1,1,0.9365026595744681,0.8805876836511409,3.605551275463989,1.6835254933298884,0.649402390438247,0.12579505300353358,,
A_otsu__detstats,busi_25d8683937,busi,,1,1,,,,,,,0.0,0.0
A_otsu_fb,busi_25d8683937,busi,0.8805876970291138,1,1,0.9365026595744681,0.8805876836511409,3.605551275463989,1.6835254933298884,0.649402390438247,0.12579505300353358,,
A_otsu_fb__detstats,busi_25d8683937,busi,,1,1,,,,,,,0.0,0.0
A_select,busi_25d8683937,busi,0.8805876970291138,1,1,0.9365026595744681,0.8805876836511409,3.605551275463989,1.6835254933298884,0.649402390438247,0.12579505300353358,,
A_select__detstats,busi_25d8683937,busi,,1,1,,,,,,,0.0,0.0
B_seg,busi_25d8683937,busi,0.8575757741928101,1,1,0.9233278955954323,0.8575757575757575,4.242640687119285,2.1455438115171037,0.517385257301808,0.16607773851590105,,
B_seg__detstats,busi_25d8683937,busi,,1,1,,,,,,,0.0,0.0
SAM_edgesam,busi_25d8683937,busi,0.8100286722183228,1,1,0.895045116352699,0.810028653295129,5.0,2.9067144405442327,0.2778114830952512,0.23215547703180212,,
SAM_edgesam__detstats,busi_25d8683937,busi,,1,1,,,,,,,0.0,0.0
SAM_efficientvit-t,busi_25d8683937,busi,0.7498012185096741,1,1,0.8570130263556498,0.7498012191889742,7.211102550927978,4.091473650850758,0.1992481203007519,0.33286219081272084,,
SAM_efficientvit-t__detstats,busi_25d8683937,busi,,1,1,,,,,,,0.0,0.0
A_box,busi_a2e0eb1c41,busi,0.7512995004653931,1,1,0.8579908675799087,0.7512994802079168,6.4031242374328485,3.3944637917580938,0.32221480987324885,0.31746031746031744,,
A_box__detstats,busi_a2e0eb1c41,busi,,1,1,,,,,,,0.0,0.0
A_otsu,busi_a2e0eb1c41,busi,0.7514910697937012,1,1,0.8581157775255391,0.7514910536779325,7.221453651680858,3.30346666402782,0.38098111385989264,0.3306878306878307,,
A_otsu__detstats,busi_a2e0eb1c41,busi,,1,1,,,,,,,0.0,0.0
A_otsu_fb,busi_a2e0eb1c41,busi,0.7514910697937012,1,1,0.8581157775255391,0.7514910536779325,7.221453651680858,3.30346666402782,0.38098111385989264,0.3306878306878307,,
A_otsu_fb__detstats,busi_a2e0eb1c41,busi,,1,1,,,,,,,0.0,0.0
A_select,busi_a2e0eb1c41,busi,0.7514910697937012,1,1,0.8581157775255391,0.7514910536779325,7.221453651680858,3.30346666402782,0.38098111385989264,0.3306878306878307,,
A_select__detstats,busi_a2e0eb1c41,busi,,1,1,,,,,,,0.0,0.0
B_seg,busi_a2e0eb1c41,busi,0.6872727274894714,1,1,0.8146551724137931,0.6872727272727273,9.0,4.584911547638304,0.270661332879394,0.455026455026455,,
B_seg__detstats,busi_a2e0eb1c41,busi,,1,1,,,,,,,0.0,0.0
SAM_edgesam,busi_a2e0eb1c41,busi,0.7486122250556946,1,1,0.8562358276643991,0.7486122125297383,8.602325267042627,3.4121007787335835,0.3230769230769231,0.3333333333333333,,
SAM_edgesam__detstats,busi_a2e0eb1c41,busi,,1,1,,,,,,,0.0,0.0
SAM_efficientvit-t,busi_a2e0eb1c41,busi,0.7415421009063721,1,1,0.8515925005647165,0.7415420928402833,8.94427190999916,3.419877570606089,0.41222540592168105,0.3423280423280423,,
SAM_efficientvit-t__detstats,busi_a2e0eb1c41,busi,,1,1,,,,,,,0.0,0.0
A_box,busi_0d51c07bd5,busi,0.6917049288749695,1,1,0.8177607199576495,0.6917049143624762,59.093091734040094,10.988957532735837,0.3006309417751797,0.020045856534556174,,
A_box__detstats,busi_0d51c07bd5,busi,,1,1,,,,,,,0.0,0.0
A_otsu,busi_0d51c07bd5,busi,0.7069824934005737,1,1,0.828341805193021,0.7069824705399542,60.88274595042156,10.10430515372764,0.2423729980793805,0.092630199803472,,
A_otsu__detstats,busi_0d51c07bd5,busi,,1,1,,,,,,,0.0,0.0
A_otsu_fb,busi_0d51c07bd5,busi,0.7069824934005737,1,1,0.828341805193021,0.7069824705399542,60.88274595042156,10.10430515372764,0.2423729980793805,0.092630199803472,,
A_otsu_fb__detstats,busi_0d51c07bd5,busi,,1,1,,,,,,,0.0,0.0
A_select,busi_0d51c07bd5,busi,0.7069824934005737,1,1,0.828341805193021,0.7069824705399542,60.88274595042156,10.10430515372764,0.2423729980793805,0.092630199803472,,
A_select__detstats,busi_0d51c07bd5,busi,,1,1,,,,,,,0.0,0.0
B_seg,busi_0d51c07bd5,busi,0.7460142374038696,1,2,0.8545339608063497,0.7460142261466765,60.09999999999991,8.605520487812289,0.4006522847589531,0.13468719292499182,,
B_seg__detstats,busi_0d51c07bd5,busi,,1,2,,,,,,,0.0,1.0
SAM_edgesam,busi_0d51c07bd5,busi,0.7300207614898682,1,1,0.8439445069366329,0.730020757654385,67.02088687799983,9.186341482128737,0.5242625033356009,0.2528660334097609,,
SAM_edgesam__detstats,busi_0d51c07bd5,busi,,1,1,,,,,,,0.0,0.0
SAM_efficientvit-t,busi_0d51c07bd5,busi,0.7448557019233704,1,1,0.8537734178560046,0.7448557127850213,60.41792998398252,8.520830634107872,0.4444769230769231,0.1502129053390108,,
SAM_efficientvit-t__detstats,busi_0d51c07bd5,busi,,1,1,,,,,,,0.0,0.0
A_box,busi_3aa2ecd082,busi,0.8283270597457886,1,1,0.9061038295621705,0.8283270881179742,13.0,7.517728617816434,0.04289472510812859,0.20725256283973587,,
A_box__detstats,busi_3aa2ecd082,busi,,1,1,,,,,,,0.0,0.0
A_otsu,busi_3aa2ecd082,busi,0.8340991139411926,1,1,0.9095464047516342,0.8340991388491616,13.416407864998739,7.200784976089569,0.06172338854748313,0.19889825252635804,,
A_otsu__detstats,busi_3aa2ecd082,busi,,1,1,,,,,,,0.0,0.0
A_otsu_fb,busi_3aa2ecd082,busi,0.8340991139411926,1,1,0.9095464047516342,0.8340991388491616,13.416407864998739,7.200784976089569,0.06172338854748313,0.19889825252635804,,
A_otsu_fb__detstats,busi_3aa2ecd082,busi,,1,1,,,,,,,0.0,0.0
A_select,busi_3aa2ecd082,busi,0.8340991139411926,1,1,0.9095464047516342,0.8340991388491616,13.416407864998739,7.200784976089569,0.06172338854748313,0.19889825252635804,,
A_select__detstats,busi_3aa2ecd082,busi,,1,1,,,,,,,0.0,0.0
B_seg,busi_3aa2ecd082,busi,0.9122441411018372,1,1,0.9541084384717109,0.9122441308136555,8.0,3.4811600532416813,0.337490551776266,0.04144321622706213,,
B_seg__detstats,busi_3aa2ecd082,busi,,1,1,,,,,,,0.0,0.0
SAM_edgesam,busi_3aa2ecd082,busi,0.9002775549888611,1,1,0.947522181346029,0.9002775778760153,10.0,3.877905885872316,0.33924107519029295,0.02298347378789537,,
SAM_edgesam__detstats,busi_3aa2ecd082,busi,,1,1,,,,,,,0.0,0.0
SAM_efficientvit-t,busi_3aa2ecd082,busi,0.9106471538543701,1,1,0.9532342657342657,0.9106471816283925,8.94427190999916,3.3244156124574475,0.4245371782588708,0.003283353398270767,,
SAM_efficientvit-t__detstats,busi_3aa2ecd082,busi,,1,1,,,,,,,0.0,0.0
A_box,busi_f89428ed30,busi,0.8572213649749756,1,1,0.9231224565297818,0.8572213824378178,10.295630140987,4.118334100564924,0.29219443864930117,0.025629496402877698,,
A_box__detstats,busi_f89428ed30,busi,,1,1,,,,,,,0.0,0.0
A_otsu,busi_f89428ed30,busi,0.8450825214385986,1,1,0.9160376346009372,0.8450825082508251,12.0,4.581986081677368,0.3319852383600425,0.09479916067146282,,
A_otsu__detstats,busi_f89428ed30,busi,,1,1,,,,,,,0.0,0.0
A_otsu_fb,busi_f89428ed30,busi,0.8450825214385986,1,1,0.9160376346009372,0.8450825082508251,12.0,4.581986081677368,0.3319852383600425,0.09479916067146282,,
A_otsu_fb__detstats,busi_f89428ed30,busi,,1,1,,,,,,,0.0,0.0
A_select,busi_f89428ed30,busi,0.8450825214385986,1,1,0.9160376346009372,0.8450825082508251,12.0,4.581986081677368,0.3319852383600425,0.09479916067146282,,
A_select__detstats,busi_f89428ed30,busi,,1,1,,,,,,,0.0,0.0
B_seg,busi_f89428ed30,busi,0.9325850605964661,1,1,0.9651167175774031,0.9325850885503972,5.385164807134504,1.8443676576552983,0.662204243182678,0.012814748201438849,,
B_seg__detstats,busi_f89428ed30,busi,,1,1,,,,,,,0.0,0.0
SAM_edgesam,busi_f89428ed30,busi,0.8393490314483643,1,1,0.9126588021778584,0.839349050698936,11.40175425099138,4.553714722614506,0.2765406744403924,0.017985611510791366,,
SAM_edgesam__detstats,busi_f89428ed30,busi,,1,1,,,,,,,0.0,0.0
SAM_efficientvit-t,busi_f89428ed30,busi,0.8316125273704529,1,1,0.9080660114963842,0.831612552642304,10.0,4.453109573528075,0.2994471903146365,0.020758393285371702,,
SAM_efficientvit-t__detstats,busi_f89428ed30,busi,,1,1,,,,,,,0.0,0.0
A_box,busi_42f20b000b,busi,0.834325909614563,1,1,0.9096812278630461,0.834325933946941,20.09975124224178,5.429163221456127,0.36249677493972465,0.04331504475887958,,
A_box__detstats,busi_42f20b000b,busi,,1,1,,,,,,,0.0,0.0
A_otsu,busi_42f20b000b,busi,0.8488346934318542,1,1,0.9182375228027504,0.8488346953776971,14.291533398345239,4.954815131704329,0.298489152892562,0.057849648666859176,,
A_otsu__detstats,busi_42f20b000b,busi,,1,1,,,,,,,0.0,0.0
A_otsu_fb,busi_42f20b000b,busi,0.8488346934318542,1,1,0.9182375228027504,0.8488346953776971,14.291533398345239,4.954815131704329,0.298489152892562,0.057849648666859176,,
A_otsu_fb__detstats,busi_42f20b000b,busi,,1,1,,,,,,,0.0,0.0
A_select,busi_42f20b000b,busi,0.8488346934318542,1,1,0.9182375228027504,0.8488346953776971,14.291533398345239,4.954815131704329,0.298489152892562,0.057849648666859176,,
A_select__detstats,busi_42f20b000b,busi,,1,1,,,,,,,0.0,0.0
B_seg,busi_42f20b000b,busi,0.9100979566574097,1,1,0.9529332932831165,0.9100979786388913,5.0,2.7599239605145938,0.4005603075730933,0.08292424679949947,,
B_seg__detstats,busi_42f20b000b,busi,,1,1,,,,,,,0.0,0.0
SAM_edgesam,busi_42f20b000b,busi,0.8868025541305542,1,1,0.940005659843411,0.886802527364955,7.615773105863909,3.384260039078663,0.371333133058652,0.04081239772836654,,
SAM_edgesam__detstats,busi_42f20b000b,busi,,1,1,,,,,,,0.0,0.0
SAM_efficientvit-t,busi_42f20b000b,busi,0.8908710479736328,1,1,0.9422863997047426,0.890871025428534,9.0,3.272329490319595,0.4238266657610541,0.0864375782077197,,
SAM_efficientvit-t__detstats,busi_42f20b000b,busi,,1,1,,,,,,,0.0,0.0
A_box,busi_e236c55059,busi,0.7545768618583679,1,1,0.8601240162175053,0.7545768385814415,17.69180601295413,6.1835520612138435,0.29882604055496265,0.1878424210800939,,
A_box__detstats,busi_e236c55059,busi,,1,1,,,,,,,0.0,0.0
A_otsu,busi_e236c55059,busi,0.7489181756973267,1,1,0.8564359351988218,0.7489181949309706,21.213203435596427,5.700732568007634,0.29740853842532794,0.21432298460735716,,
A_otsu__detstats,busi_e236c55059,busi,,1,1,,,,,,,0.0,0.0
A_otsu_fb,busi_e236c55059,busi,0.7489181756973267,1,1,0.8564359351988218,0.7489181949309706,21.213203435596427,5.700732568007634,0.29740853842532794,0.21432298460735716,,
A_otsu_fb__detstats,busi_e236c55059,busi,,1,1,,,,,,,0.0,0.0
A_select,busi_e236c55059,busi,0.7489181756973267,1,1,0.8564359351988218,0.7489181949309706,21.213203435596427,5.700732568007634,0.29740853842532794,0.21432298460735716,,
A_select__detstats,busi_e236c55059,busi,,1,1,,,,,,,0.0,0.0
B_seg,busi_e236c55059,busi,0.8332374095916748,1,1,0.9090338376545922,0.833237426631373,7.810249675906654,3.692365186960873,0.2890769020229748,0.07787633707278893,,
B_seg__detstats,busi_e236c55059,busi,,1,1,,,,,,,0.0,0.0
SAM_edgesam,busi_e236c55059,busi,0.7304403185844421,1,1,0.8442247849167124,0.7304402914159012,15.556349186104045,6.869163628259147,0.17907567293042156,0.13788155491781895,,
SAM_edgesam__detstats,busi_e236c55059,busi,,1,1,,,,,,,0.0,0.0
SAM_efficientvit-t,busi_e236c55059,busi,0.8133516311645508,1,1,0.8970699671634251,0.8133516546433069,10.770329614269007,4.029648665073733,0.3549322343635282,0.06574484737803288,,
SAM_efficientvit-t__detstats,busi_e236c55059,busi,,1,1,,,,,,,0.0,0.0
A_box,busi_d07111ff97,busi,0.0,1,0,0.0,0.0,,,0.0,,,
A_box__detstats,busi_d07111ff97,busi,,1,0,,,,,,,1.0,0.0
A_otsu,busi_d07111ff97,busi,0.0,1,0,0.0,0.0,,,0.0,,,
A_otsu__detstats,busi_d07111ff97,busi,,1,0,,,,,,,1.0,0.0
A_otsu_fb,busi_d07111ff97,busi,0.0,1,0,0.0,0.0,,,0.0,,,
A_otsu_fb__detstats,busi_d07111ff97,busi,,1,0,,,,,,,1.0,0.0
A_select,busi_d07111ff97,busi,0.0,1,0,0.0,0.0,,,0.0,,,
A_select__detstats,busi_d07111ff97,busi,,1,0,,,,,,,1.0,0.0
B_seg,busi_d07111ff97,busi,0.0,1,1,0.0,0.0,,,0.0,,,
B_seg__detstats,busi_d07111ff97,busi,,1,1,,,,,,,1.0,1.0
SAM_edgesam,busi_d07111ff97,busi,0.0,1,0,0.0,0.0,,,0.0,,,
SAM_edgesam__detstats,busi_d07111ff97,busi,,1,0,,,,,,,1.0,0.0
SAM_efficientvit-t,busi_d07111ff97,busi,0.0,1,0,0.0,0.0,,,0.0,,,
SAM_efficientvit-t__detstats,busi_d07111ff97,busi,,1,0,,,,,,,1.0,0.0
A_box,busi_5297c4215c,busi,0.725955069065094,1,1,0.8412212999368963,0.7259550938337802,12.041594578792296,6.952745198356416,0.06852677453288583,0.2679502270052127,,
A_box__detstats,busi_5297c4215c,busi,,1,1,,,,,,,0.0,0.0
A_otsu,busi_5297c4215c,busi,0.7315926551818848,1,1,0.8449939393939394,0.7315926454537822,13.0,6.848638314920732,0.09475150952159778,0.26593240289221454,,
A_otsu__detstats,busi_5297c4215c,busi,,1,1,,,,,,,0.0,0.0
A_otsu_fb,busi_5297c4215c,busi,0.7315926551818848,1,1,0.8449939393939394,0.7315926454537822,13.0,6.848638314920732,0.09475150952159778,0.26593240289221454,,
A_otsu_fb__detstats,busi_5297c4215c,busi,,1,1,,,,,,,0.0,0.0
A_select,busi_5297c4215c,busi,0.725955069065094,1,1,0.8412212999368963,0.7259550938337802,12.041594578792296,6.952745198356416,0.06852677453288583,0.2679502270052127,,
A_select__detstats,busi_5297c4215c,busi,,1,1,,,,,,,0.0,0.0
B_seg,busi_5297c4215c,busi,0.8573172688484192,1,1,0.9231780533765721,0.857317271691356,9.486832980505138,3.5681249609004517,0.4347121587330704,0.08146964856230032,,
B_seg__detstats,busi_5297c4215c,busi,,1,1,,,,,,,0.0,0.0
SAM_edgesam,busi_5297c4215c,busi,0.8256402015686035,1,1,0.9044938719927372,0.8256401756857545,12.336764624629117,4.483744438747055,0.3398599874414236,0.1478056162771145,,
SAM_edgesam__detstats,busi_5297c4215c,busi,,1,1,,,,,,,0.0,0.0
SAM_efficientvit-t,busi_5297c4215c,busi,0.8569440841674805,1,1,0.922961657117673,0.8569441034454538,8.246211251235321,3.5030364637157074,0.41647852829255455,0.09231545316966537,,
SAM_efficientvit-t__detstats,busi_5297c4215c,busi,,1,1,,,,,,,0.0,0.0
A_box,busi_b5c3b1d7df,busi,0.8800049424171448,1,1,0.936173014253267,0.880004950801411,8.0,3.468562896201213,0.40282451068669733,0.11420418957477904,,
A_box__detstats,busi_b5c3b1d7df,busi,,1,1,,,,,,,0.0,0.0
A_otsu,busi_b5c3b1d7df,busi,0.8683577179908752,1,1,0.929541175304727,0.8683577115349009,9.096424967926286,3.854691740953734,0.4046670599468464,0.10682719743893103,,
A_otsu__detstats,busi_b5c3b1d7df,busi,,1,1,,,,,,,0.0,0.0
A_otsu_fb,busi_b5c3b1d7df,busi,0.8683577179908752,1,1,0.929541175304727,0.8683577115349009,9.096424967926286,3.854691740953734,0.4046670599468464,0.10682719743893103,,
A_otsu_fb__detstats,busi_b5c3b1d7df,busi,,1,1,,,,,,,0.0,0.0
A_select,busi_b5c3b1d7df,busi,0.8683577179908752,1,1,0.929541175304727,0.8683577115349009,9.096424967926286,3.854691740953734,0.4046670599468464,0.10682719743893103,,
A_select__detstats,busi_b5c3b1d7df,busi,,1,1,,,,,,,0.0,0.0
B_seg,busi_b5c3b1d7df,busi,0.9179745316505432,1,1,0.9572332762177851,0.9179745137491616,7.582206784205524,2.271597986896306,0.6076435322907854,0.009812791425986499,,
B_seg__detstats,busi_b5c3b1d7df,busi,,1,1,,,,,,,0.0,0.0
SAM_edgesam,busi_b5c3b1d7df,busi,0.849094569683075,1,1,0.9183895538628944,0.8490945674044266,12.806248474865697,4.260465481646213,0.4265156170398265,0.11058528777228756,,
SAM_edgesam__detstats,busi_b5c3b1d7df,busi,,1,1,,,,,,,0.0,0.0
SAM_efficientvit-t,busi_b5c3b1d7df,busi,0.8661945462226868,1,1,0.9283003794687438,0.8661945583302274,12.0,3.8111192577263187,0.4502960378696854,0.09075092212401698,,
SAM_efficientvit-t__detstats,busi_b5c3b1d7df,busi,,1,1,,,,,,,0.0,0.0
A_box,busi_16e7d3f1d9,busi,0.7743151187896729,1,1,0.8728045266191288,0.7743151451817571,26.0,9.48044597527577,0.15522771007055805,0.18458781362007168,,
A_box__detstats,busi_16e7d3f1d9,busi,,1,1,,,,,,,0.0,0.0
A_otsu,busi_16e7d3f1d9,busi,0.8478034138679504,1,1,0.917633765683482,0.8478033927794694,14.343917072921254,5.395925541720107,0.2758060655793757,0.0479275801856447,,
A_otsu__detstats,busi_16e7d3f1d9,busi,,1,1,,,,,,,0.0,0.0
A_otsu_fb,busi_16e7d3f1d9,busi,0.8478034138679504,1,1,0.917633765683482,0.8478033927794694,14.343917072921254,5.395925541720107,0.2758060655793757,0.0479275801856447,,
A_otsu_fb__detstats,busi_16e7d3f1d9,busi,,1,1,,,,,,,0.0,0.0
A_select,busi_16e7d3f1d9,busi,0.8478034138679504,1,1,0.917633765683482,0.8478033927794694,14.343917072921254,5.395925541720107,0.2758060655793757,0.0479275801856447,,
A_select__detstats,busi_16e7d3f1d9,busi,,1,1,,,,,,,0.0,0.0
B_seg,busi_16e7d3f1d9,busi,0.0,1,2,0.0,0.0,,,0.0,,,
B_seg__detstats,busi_16e7d3f1d9,busi,,1,2,,,,,,,1.0,2.0
SAM_edgesam,busi_16e7d3f1d9,busi,0.8610630035400391,1,1,0.9253453582420729,0.8610630078593313,12.723981490323624,4.951741118417884,0.30623558514505067,0.0740281224152192,,
SAM_edgesam__detstats,busi_16e7d3f1d9,busi,,1,1,,,,,,,0.0,0.0
SAM_efficientvit-t,busi_16e7d3f1d9,busi,0.8800774812698364,1,1,0.9362140399335221,0.8800774545614576,10.198039027185569,4.083779978633533,0.4170939218004233,0.03689918206047238,,
SAM_efficientvit-t__detstats,busi_16e7d3f1d9,busi,,1,1,,,,,,,0.0,0.0
A_box,busi_f0ca639c01,busi,0.0,1,1,0.0,0.0,,,0.0,,,
A_box__detstats,busi_f0ca639c01,busi,,1,1,,,,,,,1.0,1.0
A_otsu,busi_f0ca639c01,busi,0.0,1,1,0.0,0.0,,,0.0,,,
A_otsu__detstats,busi_f0ca639c01,busi,,1,1,,,,,,,1.0,1.0
A_otsu_fb,busi_f0ca639c01,busi,0.0,1,1,0.0,0.0,,,0.0,,,
A_otsu_fb__detstats,busi_f0ca639c01,busi,,1,1,,,,,,,1.0,1.0
A_select,busi_f0ca639c01,busi,0.0,1,1,0.0,0.0,,,0.0,,,
A_select__detstats,busi_f0ca639c01,busi,,1,1,,,,,,,1.0,1.0
B_seg,busi_f0ca639c01,busi,0.0,1,2,0.0,0.0,,,0.0,,,
B_seg__detstats,busi_f0ca639c01,busi,,1,2,,,,,,,1.0,2.0
SAM_edgesam,busi_f0ca639c01,busi,0.0,1,1,0.0,0.0,,,0.0,,,
SAM_edgesam__detstats,busi_f0ca639c01,busi,,1,1,,,,,,,1.0,1.0
SAM_efficientvit-t,busi_f0ca639c01,busi,0.0,1,1,0.0,0.0,,,0.0,,,
SAM_efficientvit-t__detstats,busi_f0ca639c01,busi,,1,1,,,,,,,1.0,1.0
A_box,busi_22c13c0f43,busi,0.0,1,0,0.0,0.0,,,0.0,,,
A_box__detstats,busi_22c13c0f43,busi,,1,0,,,,,,,1.0,0.0
A_otsu,busi_22c13c0f43,busi,0.0,1,0,0.0,0.0,,,0.0,,,
A_otsu__detstats,busi_22c13c0f43,busi,,1,0,,,,,,,1.0,0.0
A_otsu_fb,busi_22c13c0f43,busi,0.0,1,0,0.0,0.0,,,0.0,,,
A_otsu_fb__detstats,busi_22c13c0f43,busi,,1,0,,,,,,,1.0,0.0
A_select,busi_22c13c0f43,busi,0.0,1,0,0.0,0.0,,,0.0,,,
A_select__detstats,busi_22c13c0f43,busi,,1,0,,,,,,,1.0,0.0
B_seg,busi_22c13c0f43,busi,0.0,1,1,0.0,0.0,,,0.0,,,
B_seg__detstats,busi_22c13c0f43,busi,,1,1,,,,,,,1.0,1.0
SAM_edgesam,busi_22c13c0f43,busi,0.0,1,0,0.0,0.0,,,0.0,,,
SAM_edgesam__detstats,busi_22c13c0f43,busi,,1,0,,,,,,,1.0,0.0
SAM_efficientvit-t,busi_22c13c0f43,busi,0.0,1,0,0.0,0.0,,,0.0,,,
SAM_efficientvit-t__detstats,busi_22c13c0f43,busi,,1,0,,,,,,,1.0,0.0
A_box,busi_6b1c7c6449,busi,0.7790075540542603,1,1,0.8757776856076317,0.779007563180225,8.94427190999916,3.4419315434730535,0.3607922290904504,0.11769872639437857,,
A_box__detstats,busi_6b1c7c6449,busi,,1,1,,,,,,,0.0,0.0
A_otsu,busi_6b1c7c6449,busi,0.7859543561935425,1,1,0.8801505546751188,0.7859543605165399,6.324555320336759,3.3539400218352378,0.26658340271995556,0.21695212999560826,,
A_otsu__detstats,busi_6b1c7c6449,busi,,1,1,,,,,,,0.0,0.0
A_otsu_fb,busi_6b1c7c6449,busi,0.7859543561935425,1,1,0.8801505546751188,0.7859543605165399,6.324555320336759,3.3539400218352378,0.26658340271995556,0.21695212999560826,,
A_otsu_fb__detstats,busi_6b1c7c6449,busi,,1,1,,,,,,,0.0,0.0
A_select,busi_6b1c7c6449,busi,0.7859543561935425,1,1,0.8801505546751188,0.7859543605165399,6.324555320336759,3.3539400218352378,0.26658340271995556,0.21695212999560826,,
A_select__detstats,busi_6b1c7c6449,busi,,1,1,,,,,,,0.0,0.0
B_seg,busi_6b1c7c6449,busi,0.8468809127807617,1,1,0.917093142272262,0.8468809073724007,4.123105625617661,2.30950671194658,0.4972982100641675,0.1453667105841019,,
B_seg__detstats,busi_6b1c7c6449,busi,,1,1,,,,,,,0.0,0.0
SAM_edgesam,busi_6b1c7c6449,busi,0.8776465654373169,1,1,0.9348368209910007,0.8776465798045603,4.018465843842646,1.5829325919459987,0.7313383755343638,0.025252525252525252,,
SAM_edgesam__detstats,busi_6b1c7c6449,busi,,1,1,,,,,,,0.0,0.0
SAM_efficientvit-t,busi_6b1c7c6449,busi,0.7349159121513367,1,1,0.8472063854047891,0.734915924826904,10.44030650891055,4.4621932227053165,0.385325256185246,0.310935441370224,,
SAM_efficientvit-t__detstats,busi_6b1c7c6449,busi,,1,1,,,,,,,0.0,0.0
A_box,busi_b83f3d49c5,busi,0.8541578054428101,1,1,0.921343146274149,0.8541577825159915,6.751973342624457,3.1440259681576057,0.39837852949398933,0.03198551599275799,,
A_box__detstats,busi_b83f3d49c5,busi,,1,1,,,,,,,0.0,0.0
A_otsu,busi_b83f3d49c5,busi,0.8398138284683228,1,1,0.9129334722428933,0.8398138006571741,7.810249675906654,3.5151324470954872,0.32199054336873106,0.027459263729631866,,
A_otsu__detstats,busi_b83f3d49c5,busi,,1,1,,,,,,,0.0,0.0
A_otsu_fb,busi_b83f3d49c5,busi,0.8398138284683228,1,1,0.9129334722428933,0.8398138006571741,7.810249675906654,3.5151324470954872,0.32199054336873106,0.027459263729631866,,
A_otsu_fb__detstats,busi_b83f3d49c5,busi,,1,1,,,,,,,0.0,0.0
A_select,busi_b83f3d49c5,busi,0.8398138284683228,1,1,0.9129334722428933,0.8398138006571741,7.810249675906654,3.5151324470954872,0.32199054336873106,0.027459263729631866,,
A_select__detstats,busi_b83f3d49c5,busi,,1,1,,,,,,,0.0,0.0
B_seg,busi_b83f3d49c5,busi,0.888672411441803,1,1,0.9410551134689066,0.8886724185917061,5.830951894845301,2.4287798802384315,0.5407003415056832,0.04767652383826192,,
B_seg__detstats,busi_b83f3d49c5,busi,,1,1,,,,,,,0.0,0.0
SAM_edgesam,busi_b83f3d49c5,busi,0.8592183589935303,1,1,0.9242791279206064,0.8592183640854278,6.0,2.9638562344746866,0.3941130591067856,0.06925165962582981,,
SAM_edgesam__detstats,busi_b83f3d49c5,busi,,1,1,,,,,,,0.0,0.0
SAM_efficientvit-t,busi_b83f3d49c5,busi,0.8431774973869324,1,1,0.9149173027989822,0.8431774879085446,7.810249675906654,3.0691138176383945,0.48724013285817197,0.10259505129752565,,
SAM_efficientvit-t__detstats,busi_b83f3d49c5,busi,,1,1,,,,,,,0.0,0.0
A_box,busi_929cf0f851,busi,0.8563685417175293,1,3,0.9226277372262773,0.8563685636856369,3.0,1.084919835832207,0.8734157886700259,0.028627838104639685,,
A_box__detstats,busi_929cf0f851,busi,,1,3,,,,,,,0.0,2.0
A_otsu,busi_929cf0f851,busi,0.8512544631958008,1,3,0.9196515004840271,0.8512544802867383,3.0,1.143318062445672,0.8757426888551659,0.039486673247778874,,
A_otsu__detstats,busi_929cf0f851,busi,,1,3,,,,,,,0.0,2.0
A_otsu_fb,busi_929cf0f851,busi,0.8512544631958008,1,3,0.9196515004840271,0.8512544802867383,3.0,1.143318062445672,0.8757426888551659,0.039486673247778874,,
A_otsu_fb__detstats,busi_929cf0f851,busi,,1,3,,,,,,,0.0,2.0
A_select,busi_929cf0f851,busi,0.8512544631958008,1,3,0.9196515004840271,0.8512544802867383,3.0,1.143318062445672,0.8757426888551659,0.039486673247778874,,
A_select__detstats,busi_929cf0f851,busi,,1,3,,,,,,,0.0,2.0
B_seg,busi_929cf0f851,busi,0.8312757015228271,1,2,0.9078651685393259,0.831275720164609,3.0,1.392304846295889,0.7969547258443347,0.1964461994076999,,
B_seg__detstats,busi_929cf0f851,busi,,1,2,,,,,,,0.0,1.0
SAM_edgesam,busi_929cf0f851,busi,0.8771929740905762,1,3,0.9345794392523364,0.8771929824561403,2.8284271247461903,0.8999881809348846,0.9152269987946966,0.006910167818361303,,
SAM_edgesam__detstats,busi_929cf0f851,busi,,1,3,,,,,,,0.0,2.0
SAM_efficientvit-t,busi_929cf0f851,busi,0.8639930486679077,1,3,0.9270346117867165,0.8639930252833479,2.23606797749979,1.0823051035445495,0.9133333333333334,0.11056268509378085,,
SAM_efficientvit-t__detstats,busi_929cf0f851,busi,,1,3,,,,,,,0.0,2.0
A_box,busi_b0824ba0e4,busi,0.0,1,0,0.0,0.0,,,0.0,,,
A_box__detstats,busi_b0824ba0e4,busi,,1,0,,,,,,,1.0,0.0
A_otsu,busi_b0824ba0e4,busi,0.0,1,0,0.0,0.0,,,0.0,,,
A_otsu__detstats,busi_b0824ba0e4,busi,,1,0,,,,,,,1.0,0.0
A_otsu_fb,busi_b0824ba0e4,busi,0.0,1,0,0.0,0.0,,,0.0,,,
A_otsu_fb__detstats,busi_b0824ba0e4,busi,,1,0,,,,,,,1.0,0.0
A_select,busi_b0824ba0e4,busi,0.0,1,0,0.0,0.0,,,0.0,,,
A_select__detstats,busi_b0824ba0e4,busi,,1,0,,,,,,,1.0,0.0
B_seg,busi_b0824ba0e4,busi,0.0,1,1,0.0,0.0,,,0.0,,,
B_seg__detstats,busi_b0824ba0e4,busi,,1,1,,,,,,,1.0,1.0
SAM_edgesam,busi_b0824ba0e4,busi,0.0,1,0,0.0,0.0,,,0.0,,,
SAM_edgesam__detstats,busi_b0824ba0e4,busi,,1,0,,,,,,,1.0,0.0
SAM_efficientvit-t,busi_b0824ba0e4,busi,0.0,1,0,0.0,0.0,,,0.0,,,
SAM_efficientvit-t__detstats,busi_b0824ba0e4,busi,,1,0,,,,,,,1.0,0.0
A_box,busi_cb24e22b98,busi,0.8568885326385498,1,1,0.9229294274300932,0.8568885372366729,7.211102550927978,3.4071968194948425,0.28239827926151634,0.052136845556891465,,
A_box__detstats,busi_cb24e22b98,busi,,1,1,,,,,,,0.0,0.0
A_otsu,busi_cb24e22b98,busi,0.8554612398147583,1,1,0.9221008840353614,0.8554612118873022,10.592177951969822,3.5066885224334507,0.40341866336202703,0.1018690567275112,,
A_otsu__detstats,busi_cb24e22b98,busi,,1,1,,,,,,,0.0,0.0
A_otsu_fb,busi_cb24e22b98,busi,0.8554612398147583,1,1,0.9221008840353614,0.8554612118873022,10.592177951969822,3.5066885224334507,0.40341866336202703,0.1018690567275112,,
A_otsu_fb__detstats,busi_cb24e22b98,busi,,1,1,,,,,,,0.0,0.0
A_select,busi_cb24e22b98,busi,0.8554612398147583,1,1,0.9221008840353614,0.8554612118873022,10.592177951969822,3.5066885224334507,0.40341866336202703,0.1018690567275112,,
A_select__detstats,busi_cb24e22b98,busi,,1,1,,,,,,,0.0,0.0
B_seg,busi_cb24e22b98,busi,0.9332131743431091,1,1,0.9654529502083791,0.93321318774515,4.123105625617661,1.478255059447763,0.7723046099574097,0.006776696906765767,,
B_seg__detstats,busi_cb24e22b98,busi,,1,1,,,,,,,0.0,0.0
SAM_edgesam,busi_cb24e22b98,busi,0.880997896194458,1,1,0.9367345847371518,0.8809978875364651,8.0,2.6634362215890386,0.5623444800661472,0.04382992676795278,,
SAM_edgesam__detstats,busi_cb24e22b98,busi,,1,1,,,,,,,0.0,0.0
SAM_efficientvit-t,busi_cb24e22b98,busi,0.8729858994483948,1,1,0.932186288566725,0.8729858762681519,7.0,2.7432684415985666,0.47414634146341456,0.05825773308558312,,
SAM_efficientvit-t__detstats,busi_cb24e22b98,busi,,1,1,,,,,,,0.0,0.0
A_box,busi_034a4514ed,busi,0.8937451839447021,1,1,0.9438917089678511,0.8937451935401179,11.313708498984761,4.178970773651889,0.33971394773631575,0.002484752654167608,,
A_box__detstats,busi_034a4514ed,busi,,1,1,,,,,,,0.0,0.0
A_otsu,busi_034a4514ed,busi,0.9066800475120544,1,1,0.9510563218917556,0.9066800646598803,9.219544457292887,3.431324749616865,0.4228596046461533,0.028371357578495595,,
A_otsu__detstats,busi_034a4514ed,busi,,1,1,,,,,,,0.0,0.0
A_otsu_fb,busi_034a4514ed,busi,0.9066800475120544,1,1,0.9510563218917556,0.9066800646598803,9.219544457292887,3.431324749616865,0.4228596046461533,0.028371357578495595,,
A_otsu_fb__detstats,busi_034a4514ed,busi,,1,1,,,,,,,0.0,0.0
A_select,busi_034a4514ed,busi,0.9066800475120544,1,1,0.9510563218917556,0.9066800646598803,9.219544457292887,3.431324749616865,0.4228596046461533,0.028371357578495595,,
A_select__detstats,busi_034a4514ed,busi,,1,1,,,,,,,0.0,0.0
B_seg,busi_034a4514ed,busi,0.9171661138534546,1,1,0.956793569275427,0.917166095890411,8.06225774829855,3.179324945697009,0.405237147808228,0.02326632030720578,,
B_seg__detstats,busi_034a4514ed,busi,,1,1,,,,,,,0.0,0.0
SAM_edgesam,busi_034a4514ed,busi,0.8997896313667297,1,1,0.9472518531911047,0.8997896183075007,12.806248474865697,3.759250316253958,0.4077977370682279,0.0009939010616670432,,
SAM_edgesam__detstats,busi_034a4514ed,busi,,1,1,,,,,,,0.0,0.0
SAM_efficientvit-t,busi_034a4514ed,busi,0.8962900638580322,1,1,0.9453090469211622,0.8962900877850809,9.899494936611665,3.761969486127424,0.3748509425890021,0.05796250282358256,,
SAM_efficientvit-t__detstats,busi_034a4514ed,busi,,1,1,,,,,,,0.0,0.0
A_box,busi_1541b9855b,busi,0.8069947957992554,1,1,0.8931899641577061,0.8069948186528497,16.0312195418814,5.1414068795948396,0.32037914691943126,0.15323514810524574,,
A_box__detstats,busi_1541b9855b,busi,,1,1,,,,,,,0.0,0.0
A_otsu,busi_1541b9855b,busi,0.788545548915863,1,1,0.8817729534147445,0.7885455427924284,18.027756377319946,5.698577253636209,0.30140089418777943,0.17061062386232004,,
A_otsu__detstats,busi_1541b9855b,busi,,1,1,,,,,,,0.0,0.0
A_otsu_fb,busi_1541b9855b,busi,0.788545548915863,1,1,0.8817729534147445,0.7885455427924284,18.027756377319946,5.698577253636209,0.30140089418777943,0.17061062386232004,,
A_otsu_fb__detstats,busi_1541b9855b,busi,,1,1,,,,,,,0.0,0.0
A_select,busi_1541b9855b,busi,0.788545548915863,1,1,0.8817729534147445,0.7885455427924284,18.027756377319946,5.698577253636209,0.30140089418777943,0.17061062386232004,,
A_select__detstats,busi_1541b9855b,busi,,1,1,,,,,,,0.0,0.0
B_seg,busi_1541b9855b,busi,0.7428956031799316,1,1,0.8524843310019076,0.742895590912689,22.070320087725733,7.139606570999176,0.27650358003418707,0.17822273705113353,,
B_seg__detstats,busi_1541b9855b,busi,,1,1,,,,,,,0.0,0.0
SAM_edgesam,busi_1541b9855b,busi,0.7504616975784302,1,1,0.8574442832651985,0.7504616805170822,14.317821063276353,7.029953648047911,0.2272984708325467,0.11773953334436538,,
SAM_edgesam__detstats,busi_1541b9855b,busi,,1,1,,,,,,,0.0,0.0
SAM_efficientvit-t,busi_1541b9855b,busi,0.7350593209266663,1,1,0.847301644031451,0.7350592977288583,19.6468827043885,7.02605065022723,0.24105757723505167,0.14793976501737546,,
SAM_efficientvit-t__detstats,busi_1541b9855b,busi,,1,1,,,,,,,0.0,0.0
A_box,busi_7142c7617d,busi,0.7794680595397949,1,1,0.8760686180150598,0.7794680636711666,13.892443989449804,5.245524731435313,0.28689370485036125,0.23695542046605877,,
A_box__detstats,busi_7142c7617d,busi,,1,1,,,,,,,0.0,0.0
A_otsu,busi_7142c7617d,busi,0.7789732813835144,1,1,0.875756004838431,0.7789732554565016,14.142135623730951,4.94015538430856,0.3739636348711213,0.1987082066869301,,
A_otsu__detstats,busi_7142c7617d,busi,,1,1,,,,,,,0.0,0.0
A_otsu_fb,busi_7142c7617d,busi,0.7789732813835144,1,1,0.875756004838431,0.7789732554565016,14.142135623730951,4.94015538430856,0.3739636348711213,0.1987082066869301,,
A_otsu_fb__detstats,busi_7142c7617d,busi,,1,1,,,,,,,0.0,0.0
A_select,busi_7142c7617d,busi,0.7789732813835144,1,1,0.875756004838431,0.7789732554565016,14.142135623730951,4.94015538430856,0.3739636348711213,0.1987082066869301,,
A_select__detstats,busi_7142c7617d,busi,,1,1,,,,,,,0.0,0.0
B_seg,busi_7142c7617d,busi,0.9203863143920898,1,1,0.9585428676560775,0.9203862913673301,4.0,1.5623457131847773,0.7362827181262126,0.06509625126646404,,
B_seg__detstats,busi_7142c7617d,busi,,1,1,,,,,,,0.0,0.0
SAM_edgesam,busi_7142c7617d,busi,0.8640832304954529,1,1,0.9270865272582327,0.8640832190214907,8.0,2.6552517314560506,0.4818105529072836,0.06522289766970618,,
SAM_edgesam__detstats,busi_7142c7617d,busi,,1,1,,,,,,,0.0,0.0
SAM_efficientvit-t,busi_7142c7617d,busi,0.8681179285049438,1,1,0.9294037856834577,0.868117945173923,7.0,2.3877275921058567,0.590365605624077,0.054078014184397165,,
SAM_efficientvit-t__detstats,busi_7142c7617d,busi,,1,1,,,,,,,0.0,0.0
A_box,busi_5ea67a72a7,busi,0.0,1,2,0.0,0.0,,,0.0,,,
A_box__detstats,busi_5ea67a72a7,busi,,1,2,,,,,,,1.0,2.0
A_otsu,busi_5ea67a72a7,busi,0.0,1,2,0.0,0.0,,,0.0,,,
A_otsu__detstats,busi_5ea67a72a7,busi,,1,2,,,,,,,1.0,2.0
A_otsu_fb,busi_5ea67a72a7,busi,0.0,1,2,0.0,0.0,,,0.0,,,
A_otsu_fb__detstats,busi_5ea67a72a7,busi,,1,2,,,,,,,1.0,2.0
A_select,busi_5ea67a72a7,busi,0.0,1,2,0.0,0.0,,,0.0,,,
A_select__detstats,busi_5ea67a72a7,busi,,1,2,,,,,,,1.0,2.0
B_seg,busi_5ea67a72a7,busi,0.0,1,1,0.0,0.0,,,0.0,,,
B_seg__detstats,busi_5ea67a72a7,busi,,1,1,,,,,,,1.0,1.0
SAM_edgesam,busi_5ea67a72a7,busi,0.0,1,2,0.0,0.0,,,0.0,,,
SAM_edgesam__detstats,busi_5ea67a72a7,busi,,1,2,,,,,,,1.0,2.0
SAM_efficientvit-t,busi_5ea67a72a7,busi,0.0,1,2,0.0,0.0,,,0.0,,,
SAM_efficientvit-t__detstats,busi_5ea67a72a7,busi,,1,2,,,,,,,1.0,2.0
A_box,busi_328c7cf02a,busi,0.8377555012702942,1,1,0.9117159527914069,0.8377555061382399,13.45362404707371,7.044493233798085,0.09100867710225144,0.1888900983273466,,
A_box__detstats,busi_328c7cf02a,busi,,1,1,,,,,,,0.0,0.0
A_otsu,busi_328c7cf02a,busi,0.8565253019332886,1,1,0.92271868869291,0.8565252910341071,20.95220452972487,5.681003491845538,0.38618449716798037,0.02108051231813069,,
A_otsu__detstats,busi_328c7cf02a,busi,,1,1,,,,,,,0.0,0.0
A_otsu_fb,busi_328c7cf02a,busi,0.8565253019332886,1,1,0.92271868869291,0.8565252910341071,20.95220452972487,5.681003491845538,0.38618449716798037,0.02108051231813069,,
A_otsu_fb__detstats,busi_328c7cf02a,busi,,1,1,,,,,,,0.0,0.0
A_select,busi_328c7cf02a,busi,0.8565253019332886,1,1,0.92271868869291,0.8565252910341071,20.95220452972487,5.681003491845538,0.38618449716798037,0.02108051231813069,,
A_select__detstats,busi_328c7cf02a,busi,,1,1,,,,,,,0.0,0.0
B_seg,busi_328c7cf02a,busi,0.9159894585609436,1,1,0.956152908117279,0.9159894351889476,8.0,3.1703221997682656,0.43409175098945235,0.05300968760204637,,
B_seg__detstats,busi_328c7cf02a,busi,,1,1,,,,,,,0.0,0.0
SAM_edgesam,busi_328c7cf02a,busi,0.9078919887542725,1,1,0.9517226364774397,0.9078920041536864,8.06225774829855,3.494419703191565,0.42308912827855594,0.00010884946119516709,,
SAM_edgesam__detstats,busi_328c7cf02a,busi,,1,1,,,,,,,0.0,0.0
SAM_efficientvit-t,busi_328c7cf02a,busi,0.9030022025108337,1,1,0.9490290817913944,0.9030022290331569,10.433072690514347,3.6793671402251986,0.45184654114694933,0.0175247632524219,,
SAM_efficientvit-t__detstats,busi_328c7cf02a,busi,,1,1,,,,,,,0.0,0.0
A_box,busi_884f21854c,busi,0.8788087964057922,1,1,0.935495721030218,0.8788087934560327,14.317821063276353,5.935800919189363,0.1785757760194766,0.023423423423423424,,
A_box__detstats,busi_884f21854c,busi,,1,1,,,,,,,0.0,0.0
A_otsu,busi_884f21854c,busi,0.8723431825637817,1,1,0.9318197416644933,0.8723431596802796,15.0,6.2397593997145275,0.20427915313095105,0.04084980502890951,,
A_otsu__detstats,busi_884f21854c,busi,,1,1,,,,,,,0.0,0.0
A_otsu_fb,busi_884f21854c,busi,0.8723431825637817,1,1,0.9318197416644933,0.8723431596802796,15.0,6.2397593997145275,0.20427915313095105,0.04084980502890951,,
A_otsu_fb__detstats,busi_884f21854c,busi,,1,1,,,,,,,0.0,0.0
A_select,busi_884f21854c,busi,0.8788087964057922,1,1,0.935495721030218,0.8788087934560327,14.317821063276353,5.935800919189363,0.1785757760194766,0.023423423423423424,,
A_select__detstats,busi_884f21854c,busi,,1,1,,,,,,,0.0,0.0
B_seg,busi_884f21854c,busi,0.9274891018867493,1,1,0.962380638788278,0.9274890916303055,12.083045973594572,3.394240033276281,0.5010570824524312,0.03985478015328762,,
B_seg__detstats,busi_884f21854c,busi,,1,1,,,,,,,0.0,0.0
SAM_edgesam,busi_884f21854c,busi,0.8367549777030945,1,1,0.9111231243516503,0.8367549580012345,18.447188230743393,7.732916720855584,0.1637143674325484,0.15939222804894446,,
SAM_edgesam__detstats,busi_884f21854c,busi,,1,1,,,,,,,0.0,0.0
SAM_efficientvit-t,busi_884f21854c,busi,0.8487647771835327,1,1,0.9181966103647385,0.848764774784368,22.20360331117452,6.847166730607228,0.24481169504974667,0.13239209358612344,,
SAM_efficientvit-t__detstats,busi_884f21854c,busi,,1,1,,,,,,,0.0,0.0
A_box,busi_702d535cb8,busi,0.862535834312439,1,1,0.9261951463405254,0.8625358166189112,9.219544457292887,3.8461560361359366,0.3487895878524946,0.03275740755218513,,
A_box__detstats,busi_702d535cb8,busi,,1,1,,,,,,,0.0,0.0
A_otsu,busi_702d535cb8,busi,0.8683471083641052,1,1,0.9295351167990131,0.8683471371984156,8.602325267042627,3.719504877851708,0.39196645332156255,0.028144789304980065,,
A_otsu__detstats,busi_702d535cb8,busi,,1,1,,,,,,,0.0,0.0
A_otsu_fb,busi_702d535cb8,busi,0.8683471083641052,1,1,0.9295351167990131,0.8683471371984156,8.602325267042627,3.719504877851708,0.39196645332156255,0.028144789304980065,,
A_otsu_fb__detstats,busi_702d535cb8,busi,,1,1,,,,,,,0.0,0.0
A_select,busi_702d535cb8,busi,0.862535834312439,1,1,0.9261951463405254,0.8625358166189112,9.219544457292887,3.8461560361359366,0.3487895878524946,0.03275740755218513,,
A_select__detstats,busi_702d535cb8,busi,,1,1,,,,,,,0.0,0.0
B_seg,busi_702d535cb8,busi,0.9324148297309875,1,1,0.9650255475898126,0.9324148488327593,5.0,1.796432043680511,0.6547067081794304,0.02619029004768978,,
B_seg__detstats,busi_702d535cb8,busi,,1,1,,,,,,,0.0,0.0
SAM_edgesam,busi_702d535cb8,busi,0.8678758144378662,1,1,0.9292650193415962,0.8678758386787584,9.0,3.6376013772099913,0.3103540533309551,0.0193886326323196,,
SAM_edgesam__detstats,busi_702d535cb8,busi,,1,1,,,,,,,0.0,0.0
SAM_efficientvit-t,busi_702d535cb8,busi,0.8831234574317932,1,1,0.9379347450136428,0.8831234621508178,8.237013576088492,3.172869162009646,0.46031844651420245,0.034321006958017354,,
SAM_efficientvit-t__detstats,busi_702d535cb8,busi,,1,1,,,,,,,0.0,0.0
A_box,busi_7ad36ab93e,busi,0.8462786674499512,1,1,0.9167399221398971,0.8462786923255274,7.810249675906654,2.62311586448141,0.5452221973738858,0.16033640803038524,,
A_box__detstats,busi_7ad36ab93e,busi,,1,1,,,,,,,0.0,0.0
A_otsu,busi_7ad36ab93e,busi,0.8349056839942932,1,1,0.910025706940874,0.8349056603773585,4.47213595499958,2.597658875123762,0.3174938523880442,0.11068909386869234,,
A_otsu__detstats,busi_7ad36ab93e,busi,,1,1,,,,,,,0.0,0.0
A_otsu_fb,busi_7ad36ab93e,busi,0.8349056839942932,1,1,0.910025706940874,0.8349056603773585,4.47213595499958,2.597658875123762,0.3174938523880442,0.11068909386869234,,
A_otsu_fb__detstats,busi_7ad36ab93e,busi,,1,1,,,,,,,0.0,0.0
A_select,busi_7ad36ab93e,busi,0.8349056839942932,1,1,0.910025706940874,0.8349056603773585,4.47213595499958,2.597658875123762,0.3174938523880442,0.11068909386869234,,
A_select__detstats,busi_7ad36ab93e,busi,,1,1,,,,,,,0.0,0.0
B_seg,busi_7ad36ab93e,busi,0.6854267716407776,1,1,0.8133569217160549,0.685426761088334,19.057767824081385,5.885106780417589,0.3358971125961417,0.4536082474226804,,
B_seg__detstats,busi_7ad36ab93e,busi,,1,1,,,,,,,0.0,0.0
SAM_edgesam,busi_7ad36ab93e,busi,0.7830734848976135,1,1,0.8783412440669498,0.7830734966592428,11.180339887498949,3.8784273663313735,0.4602739726027397,0.17200217037438958,,
SAM_edgesam__detstats,busi_7ad36ab93e,busi,,1,1,,,,,,,0.0,0.0
SAM_efficientvit-t,busi_7ad36ab93e,busi,0.8091482520103455,1,1,0.8945074106364429,0.8091482649842271,10.770329614269007,3.2881483172627624,0.548561073478017,0.1782419967444384,,
SAM_efficientvit-t__detstats,busi_7ad36ab93e,busi,,1,1,,,,,,,0.0,0.0
A_box,busi_fb599a827f,busi,0.8743321299552917,1,1,0.9329532661029535,0.8743321510348853,11.0,4.9966971624220236,0.27916164863061765,0.03200867392636591,,
A_box__detstats,busi_fb599a827f,busi,,1,1,,,,,,,0.0,0.0
A_otsu,busi_fb599a827f,busi,0.7225404381752014,1,1,0.8389241948891213,0.722540415704388,51.811818998280614,10.936162715573232,0.21827056144997845,0.24197426106632725,,
A_otsu__detstats,busi_fb599a827f,busi,,1,1,,,,,,,0.0,0.0
A_otsu_fb,busi_fb599a827f,busi,0.7225404381752014,1,1,0.8389241948891213,0.722540415704388,51.811818998280614,10.936162715573232,0.21827056144997845,0.24197426106632725,,
A_otsu_fb__detstats,busi_fb599a827f,busi,,1,1,,,,,,,0.0,0.0
A_select,busi_fb599a827f,busi,0.7225404381752014,1,1,0.8389241948891213,0.722540415704388,51.811818998280614,10.936162715573232,0.21827056144997845,0.24197426106632725,,
A_select__detstats,busi_fb599a827f,busi,,1,1,,,,,,,0.0,0.0
B_seg,busi_fb599a827f,busi,0.9215509295463562,1,1,0.9591740745966794,0.9215509060508834,8.0,2.994867478568696,0.4593648233408537,0.004525526799604016,,
B_seg__detstats,busi_fb599a827f,busi,,1,1,,,,,,,0.0,0.0
SAM_edgesam,busi_fb599a827f,busi,0.8672472834587097,1,1,0.9289045727117933,0.8672472583172058,13.475801016322949,4.865670561607924,0.34730017170241667,0.08970914062131712,,
SAM_edgesam__detstats,busi_fb599a827f,busi,,1,1,,,,,,,0.0,0.0
SAM_efficientvit-t,busi_fb599a827f,busi,0.8877324461936951,1,1,0.9405278247445417,0.8877324451845684,11.045361017187261,3.923994824561373,0.47232186978573304,0.07622684203083015,,
SAM_efficientvit-t__detstats,busi_fb599a827f,busi,,1,1,,,,,,,0.0,0.0
A_box,busi_26b35ce6c2,busi,0.8539325594902039,1,1,0.9212121212121213,0.8539325842696629,3.1622776601683795,1.4327736691406563,0.7338491007238988,0.0176678445229682,,
A_box__detstats,busi_26b35ce6c2,busi,,1,1,,,,,,,0.0,0.0
A_otsu,busi_26b35ce6c2,busi,0.8257066011428833,1,1,0.9045337265020272,0.8257065948855989,4.080018656651476,1.6890238998075349,0.6667223661124573,0.08268551236749117,,
A_otsu__detstats,busi_26b35ce6c2,busi,,1,1,,,,,,,0.0,0.0
A_otsu_fb,busi_26b35ce6c2,busi,0.8257066011428833,1,1,0.9045337265020272,0.8257065948855989,4.080018656651476,1.6890238998075349,0.6667223661124573,0.08268551236749117,,
A_otsu_fb__detstats,busi_26b35ce6c2,busi,,1,1,,,,,,,0.0,0.0
A_select,busi_26b35ce6c2,busi,0.8257066011428833,1,1,0.9045337265020272,0.8257065948855989,4.080018656651476,1.6890238998075349,0.6667223661124573,0.08268551236749117,,
A_select__detstats,busi_26b35ce6c2,busi,,1,1,,,,,,,0.0,0.0
B_seg,busi_26b35ce6c2,busi,0.8558014631271362,1,1,0.9222985182508131,0.8558014755197854,3.0,1.4031493620608733,0.8118313404657016,0.04452296819787986,,
B_seg__detstats,busi_26b35ce6c2,busi,,1,1,,,,,,,0.0,0.0
SAM_edgesam,busi_26b35ce6c2,busi,0.8463429808616638,1,1,0.9167776298268975,0.8463429625076828,4.0,1.5394889893886625,0.7147323076923078,0.12296819787985866,,
SAM_edgesam__detstats,busi_26b35ce6c2,busi,,1,1,,,,,,,0.0,0.0
SAM_efficientvit-t,busi_26b35ce6c2,busi,0.8485033512115479,1,1,0.9180436219431592,0.8485033598045205,4.123105625617661,1.503409252124138,0.7502389019199027,0.13851590106007067,,
SAM_efficientvit-t__detstats,busi_26b35ce6c2,busi,,1,1,,,,,,,0.0,0.0
A_box,busi_4058304b16,busi,0.8702325820922852,1,1,0.9306142750559562,0.8702325581395349,3.605551275463989,1.481053773641443,0.752442996742671,0.05748792270531401,,
A_box__detstats,busi_4058304b16,busi,,1,1,,,,,,,0.0,0.0
A_otsu,busi_4058304b16,busi,0.8704472184181213,1,1,0.930736997781612,0.8704472106961734,3.1622776601683795,1.4907465887984803,0.7341501361338002,0.04009661835748792,,
A_otsu__detstats,busi_4058304b16,busi,,1,1,,,,,,,0.0,0.0
A_otsu_fb,busi_4058304b16,busi,0.8704472184181213,1,1,0.930736997781612,0.8704472106961734,3.1622776601683795,1.4907465887984803,0.7341501361338002,0.04009661835748792,,
A_otsu_fb__detstats,busi_4058304b16,busi,,1,1,,,,,,,0.0,0.0
A_select,busi_4058304b16,busi,0.8702325820922852,1,1,0.9306142750559562,0.8702325581395349,3.605551275463989,1.481053773641443,0.752442996742671,0.05748792270531401,,
A_select__detstats,busi_4058304b16,busi,,1,1,,,,,,,0.0,0.0
B_seg,busi_4058304b16,busi,0.8983516693115234,1,1,0.9464544138929089,0.8983516483516484,3.1541637771599587,1.183706097193996,0.8205128205128206,0.002898550724637681,,
B_seg__detstats,busi_4058304b16,busi,,1,1,,,,,,,0.0,0.0
SAM_edgesam,busi_4058304b16,busi,0.8604342341423035,1,1,0.9249821386044296,0.8604342046964998,3.605551275463989,1.6640872898975985,0.6787703734268619,0.028502415458937197,,
SAM_edgesam__detstats,busi_4058304b16,busi,,1,1,,,,,,,0.0,0.0
SAM_efficientvit-t,busi_4058304b16,busi,0.8848403096199036,1,1,0.9389021479713604,0.8848403058929375,4.0,1.3397659928064316,0.7974055703929799,0.024154589371980676,,
SAM_efficientvit-t__detstats,busi_4058304b16,busi,,1,1,,,,,,,0.0,0.0
A_box,busi_dc9eed528c,busi,0.8490724563598633,1,1,0.9183766153338012,0.8490724482784946,8.600029008178717,3.7956730575505113,0.35618503281725966,0.011710963455149501,,
A_box__detstats,busi_dc9eed528c,busi,,1,1,,,,,,,0.0,0.0
A_otsu,busi_dc9eed528c,busi,0.8551179766654968,1,1,0.9219014543086608,0.8551179834098414,7.615773105863909,3.4434661130474478,0.3311042142799975,0.08679401993355482,,
A_otsu__detstats,busi_dc9eed528c,busi,,1,1,,,,,,,0.0,0.0
A_otsu_fb,busi_dc9eed528c,busi,0.8551179766654968,1,1,0.9219014543086608,0.8551179834098414,7.615773105863909,3.4434661130474478,0.3311042142799975,0.08679401993355482,,
A_otsu_fb__detstats,busi_dc9eed528c,busi,,1,1,,,,,,,0.0,0.0
A_select,busi_dc9eed528c,busi,0.8551179766654968,1,1,0.9219014543086608,0.8551179834098414,7.615773105863909,3.4434661130474478,0.3311042142799975,0.08679401993355482,,
A_select__detstats,busi_dc9eed528c,busi,,1,1,,,,,,,0.0,0.0
B_seg,busi_dc9eed528c,busi,0.8973478078842163,1,1,0.9458970148625321,0.8973478191404378,5.735198189901203,2.3910004135253473,0.5486840289205747,0.02732558139534884,,
B_seg__detstats,busi_dc9eed528c,busi,,1,1,,,,,,,0.0,0.0
SAM_edgesam,busi_dc9eed528c,busi,0.8804541826248169,1,1,0.9364271543172604,0.8804541768045417,7.0,2.777064263050269,0.5017620503859035,0.07425249169435216,,
SAM_edgesam__detstats,busi_dc9eed528c,busi,,1,1,,,,,,,0.0,0.0
SAM_efficientvit-t,busi_dc9eed528c,busi,0.8624080419540405,1,1,0.9261214783765266,0.8624080468398139,11.492806589536084,3.608298229664448,0.4222713087700823,0.060714285714285714,,
SAM_efficientvit-t__detstats,busi_dc9eed528c,busi,,1,1,,,,,,,0.0,0.0
A_box,busi_15283493c7,busi,0.0,1,1,0.0,0.0,,,0.0,,,
A_box__detstats,busi_15283493c7,busi,,1,1,,,,,,,1.0,1.0
A_otsu,busi_15283493c7,busi,0.0,1,1,0.0,0.0,,,0.0,,,
A_otsu__detstats,busi_15283493c7,busi,,1,1,,,,,,,1.0,1.0
A_otsu_fb,busi_15283493c7,busi,0.0,1,1,0.0,0.0,,,0.0,,,
A_otsu_fb__detstats,busi_15283493c7,busi,,1,1,,,,,,,1.0,1.0
A_select,busi_15283493c7,busi,0.0,1,1,0.0,0.0,,,0.0,,,
A_select__detstats,busi_15283493c7,busi,,1,1,,,,,,,1.0,1.0
B_seg,busi_15283493c7,busi,0.7188847661018372,1,1,0.8364548661135675,0.71888476153879,46.84175435784699,13.404932303142107,0.12107447679176897,0.06483048674154998,,
B_seg__detstats,busi_15283493c7,busi,,1,1,,,,,,,0.0,0.0
SAM_edgesam,busi_15283493c7,busi,0.0,1,1,0.0,0.0,,,0.0,,,
SAM_edgesam__detstats,busi_15283493c7,busi,,1,1,,,,,,,1.0,1.0
SAM_efficientvit-t,busi_15283493c7,busi,0.0,1,1,0.0,0.0,,,0.0,,,
SAM_efficientvit-t__detstats,busi_15283493c7,busi,,1,1,,,,,,,1.0,1.0
A_box,busi_de9fa69171,busi,0.7988228797912598,1,1,0.8881618002346932,0.7988228866593822,19.803793292058096,10.198585711835843,0.12950227901103592,0.1765431477192629,,
A_box__detstats,busi_de9fa69171,busi,,1,1,,,,,,,0.0,0.0
A_otsu,busi_de9fa69171,busi,0.8008165955543518,1,1,0.8893927390936159,0.8008166076347895,25.495097567963924,10.368512083021574,0.16306135196114674,0.15693283657234922,,
A_otsu__detstats,busi_de9fa69171,busi,,1,1,,,,,,,0.0,0.0
A_otsu_fb,busi_de9fa69171,busi,0.8008165955543518,1,1,0.8893927390936159,0.8008166076347895,25.495097567963924,10.368512083021574,0.16306135196114674,0.15693283657234922,,
A_otsu_fb__detstats,busi_de9fa69171,busi,,1,1,,,,,,,0.0,0.0
A_select,busi_de9fa69171,busi,0.8008165955543518,1,1,0.8893927390936159,0.8008166076347895,25.495097567963924,10.368512083021574,0.16306135196114674,0.15693283657234922,,
A_select__detstats,busi_de9fa69171,busi,,1,1,,,,,,,0.0,0.0
B_seg,busi_de9fa69171,busi,0.818745493888855,1,2,0.9003409221497248,0.8187455005689603,30.4138126514911,9.154234177705597,0.31092664321959523,0.02847145302587856,,
B_seg__detstats,busi_de9fa69171,busi,,1,2,,,,,,,0.0,1.0
SAM_edgesam,busi_de9fa69171,busi,0.8502432107925415,1,1,0.9190610179791014,0.8502431989832083,19.52343311157328,7.240950877862037,0.19936218631528962,0.0943761957506797,,
SAM_edgesam__detstats,busi_de9fa69171,busi,,1,1,,,,,,,0.0,0.0
SAM_efficientvit-t,busi_de9fa69171,busi,0.8214527368545532,1,1,0.9019753610875106,0.8214527517168004,22.135943621178654,8.358178426471003,0.1819341136425971,0.1037156379015205,,
SAM_efficientvit-t__detstats,busi_de9fa69171,busi,,1,1,,,,,,,0.0,0.0
A_box,busi_1af81235cf,busi,0.8971185088157654,1,1,0.9457696121927032,0.8971185265867908,5.0,2.4562541557894755,0.42903650044197233,0.06259480230559207,,
A_box__detstats,busi_1af81235cf,busi,,1,1,,,,,,,0.0,0.0
A_otsu,busi_1af81235cf,busi,0.885195791721344,1,1,0.9391022393352924,0.8851957975167144,7.120079970537339,2.833662670937083,0.5052601352233274,0.0040448983719284055,,
A_otsu__detstats,busi_1af81235cf,busi,,1,1,,,,,,,0.0,0.0
A_otsu_fb,busi_1af81235cf,busi,0.885195791721344,1,1,0.9391022393352924,0.8851957975167144,7.120079970537339,2.833662670937083,0.5052601352233274,0.0040448983719284055,,
A_otsu_fb__detstats,busi_1af81235cf,busi,,1,1,,,,,,,0.0,0.0
A_select,busi_1af81235cf,busi,0.8971185088157654,1,1,0.9457696121927032,0.8971185265867908,5.0,2.4562541557894755,0.42903650044197233,0.06259480230559207,,
A_select__detstats,busi_1af81235cf,busi,,1,1,,,,,,,0.0,0.0
B_seg,busi_1af81235cf,busi,0.9041018486022949,1,1,0.9496360124795721,0.9041018387553041,5.0,2.301047276979914,0.5542718585080588,0.041965820608757205,,
B_seg__detstats,busi_1af81235cf,busi,,1,1,,,,,,,0.0,0.0
SAM_edgesam,busi_1af81235cf,busi,0.9112943410873413,1,1,0.9535886908164857,0.9112943280023841,8.488217492792515,2.1138048276731265,0.6882917011956906,0.05430276064313884,,
SAM_edgesam__detstats,busi_1af81235cf,busi,,1,1,,,,,,,0.0,0.0
SAM_efficientvit-t,busi_1af81235cf,busi,0.9040711522102356,1,1,0.949619095987811,0.904071173000677,5.830951894845301,2.326235522663493,0.5720162685241457,0.008898776418242492,,
SAM_efficientvit-t__detstats,busi_1af81235cf,busi,,1,1,,,,,,,0.0,0.0
A_box,busi_0e203e8363,busi,0.9153149724006653,1,1,0.9557853171922898,0.9153149567121106,10.324565414571685,4.825159917405482,0.16372097395882299,0.0354591107663414,,
A_box__detstats,busi_0e203e8363,busi,,1,1,,,,,,,0.0,0.0
A_otsu,busi_0e203e8363,busi,0.8752021789550781,1,1,0.933448343139973,0.87520218747593,26.451728448773526,7.506861445056721,0.25610365581336,0.012023843547135916,,
A_otsu__detstats,busi_0e203e8363,busi,,1,1,,,,,,,0.0,0.0
A_otsu_fb,busi_0e203e8363,busi,0.8752021789550781,1,1,0.933448343139973,0.87520218747593,26.451728448773526,7.506861445056721,0.25610365581336,0.012023843547135916,,
A_otsu_fb__detstats,busi_0e203e8363,busi,,1,1,,,,,,,0.0,0.0
A_select,busi_0e203e8363,busi,0.8752021789550781,1,1,0.933448343139973,0.87520218747593,26.451728448773526,7.506861445056721,0.25610365581336,0.012023843547135916,,
A_select__detstats,busi_0e203e8363,busi,,1,1,,,,,,,0.0,0.0
B_seg,busi_0e203e8363,busi,0.8357639908790588,1,1,0.9105353190749099,0.8357639628131431,34.68637806438337,10.369984337423874,0.17748304188925915,0.11225656309966113,,
B_seg__detstats,busi_0e203e8363,busi,,1,1,,,,,,,0.0,0.0
SAM_edgesam,busi_0e203e8363,busi,0.9080042243003845,1,1,0.951784277171643,0.9080041984139325,12.041594578792296,5.203333971384382,0.28776478611559925,0.0038990732045890665,,
SAM_edgesam__detstats,busi_0e203e8363,busi,,1,1,,,,,,,0.0,0.0
SAM_efficientvit-t,busi_0e203e8363,busi,0.921745240688324,1,1,0.9592793244188352,0.9217452357071214,12.0,4.355233703898353,0.361417935014814,0.044359612950638956,,
SAM_efficientvit-t__detstats,busi_0e203e8363,busi,,1,1,,,,,,,0.0,0.0
A_box,busi_8c1f838d6c,busi,0.8791030049324036,1,1,0.9356624005534417,0.8791030224244394,6.324555320336759,2.4672342521904183,0.546447067606028,0.08638093662088367,,
A_box__detstats,busi_8c1f838d6c,busi,,1,1,,,,,,,0.0,0.0
A_otsu,busi_8c1f838d6c,busi,0.8609046936035156,1,1,0.9252539282923865,0.8609046849757673,10.44030650891055,2.896652592378741,0.640016070711129,0.09382756908820122,,
A_otsu__detstats,busi_8c1f838d6c,busi,,1,1,,,,,,,0.0,0.0
A_otsu_fb,busi_8c1f838d6c,busi,0.8609046936035156,1,1,0.9252539282923865,0.8609046849757673,10.44030650891055,2.896652592378741,0.640016070711129,0.09382756908820122,,
A_otsu_fb__detstats,busi_8c1f838d6c,busi,,1,1,,,,,,,0.0,0.0
A_select,busi_8c1f838d6c,busi,0.8609046936035156,1,1,0.9252539282923865,0.8609046849757673,10.44030650891055,2.896652592378741,0.640016070711129,0.09382756908820122,,
A_select__detstats,busi_8c1f838d6c,busi,,1,1,,,,,,,0.0,0.0
B_seg,busi_8c1f838d6c,busi,0.9112067818641663,1,1,0.9535407456835433,0.9112067591264148,8.200222875501128,1.8651477015998772,0.7535306592067862,0.016051629985106734,,
B_seg__detstats,busi_8c1f838d6c,busi,,1,1,,,,,,,0.0,0.0
SAM_edgesam,busi_8c1f838d6c,busi,0.8690493702888489,1,1,0.9299373165119416,0.8690493845469376,7.810249675906654,2.8692870252612206,0.5325790089738587,0.08555353301340393,,
SAM_edgesam__detstats,busi_8c1f838d6c,busi,,1,1,,,,,,,0.0,0.0
SAM_efficientvit-t,busi_8c1f838d6c,busi,0.8970073461532593,1,1,0.9457078123688848,0.8970073225087551,8.06225774829855,2.125350819311019,0.7001573659363273,0.027966241932814828,,
SAM_efficientvit-t__detstats,busi_8c1f838d6c,busi,,1,1,,,,,,,0.0,0.0
A_box,busi_cfd961e96d,busi,0.8735877871513367,1,1,0.932529335071708,0.873587786259542,6.057933771208752,1.8069904763310962,0.7061040521031926,0.013123359580052493,,
A_box__detstats,busi_cfd961e96d,busi,,1,1,,,,,,,0.0,0.0
A_otsu,busi_cfd961e96d,busi,0.8836010694503784,1,1,0.9382040553588671,0.8836010912397696,5.059411708155667,1.6491178363075585,0.7426326129666012,0.03871391076115486,,
A_otsu__detstats,busi_cfd961e96d,busi,,1,1,,,,,,,0.0,0.0
A_otsu_fb,busi_cfd961e96d,busi,0.8836010694503784,1,1,0.9382040553588671,0.8836010912397696,5.059411708155667,1.6491178363075585,0.7426326129666012,0.03871391076115486,,
A_otsu_fb__detstats,busi_cfd961e96d,busi,,1,1,,,,,,,0.0,0.0
A_select,busi_cfd961e96d,busi,0.8836010694503784,1,1,0.9382040553588671,0.8836010912397696,5.059411708155667,1.6491178363075585,0.7426326129666012,0.03871391076115486,,
A_select__detstats,busi_cfd961e96d,busi,,1,1,,,,,,,0.0,0.0
B_seg,busi_cfd961e96d,busi,0.8739347457885742,1,1,0.9327269876117297,0.87393476344402,6.324555320336759,1.8773112760993915,0.7603960396039603,0.09219160104986876,,
B_seg__detstats,busi_cfd961e96d,busi,,1,1,,,,,,,0.0,0.0
SAM_edgesam,busi_cfd961e96d,busi,0.8867868781089783,1,1,0.9399968666771111,0.8867868755542418,6.0,1.6713606603737605,0.7221691808287187,0.09416010498687664,,
SAM_edgesam__detstats,busi_cfd961e96d,busi,,1,1,,,,,,,0.0,0.0
SAM_efficientvit-t,busi_cfd961e96d,busi,0.7947019934654236,1,1,0.8856088560885609,0.7947019867549668,8.258164757385472,3.243542967324201,0.3298488192911582,0.22276902887139108,,
SAM_efficientvit-t__detstats,busi_cfd961e96d,busi,,1,1,,,,,,,0.0,0.0
A_box,busi_6d2d131466,busi,0.9145586490631104,1,1,0.9553728171486648,0.9145586414293295,3.605551275463989,1.5508371568575,0.7466869763899467,0.025261976047904193,,
A_box__detstats,busi_6d2d131466,busi,,1,1,,,,,,,0.0,0.0
A_otsu,busi_6d2d131466,busi,0.9119474291801453,1,1,0.9539461467038068,0.911947452511983,3.7041634565979917,1.6012621188261285,0.7025101214574898,0.015344311377245509,,
A_otsu__detstats,busi_6d2d131466,busi,,1,1,,,,,,,0.0,0.0
A_otsu_fb,busi_6d2d131466,busi,0.9119474291801453,1,1,0.9539461467038068,0.911947452511983,3.7041634565979917,1.6012621188261285,0.7025101214574898,0.015344311377245509,,
A_otsu_fb__detstats,busi_6d2d131466,busi,,1,1,,,,,,,0.0,0.0
A_select,busi_6d2d131466,busi,0.9119474291801453,1,1,0.9539461467038068,0.911947452511983,3.7041634565979917,1.6012621188261285,0.7025101214574898,0.015344311377245509,,
A_select__detstats,busi_6d2d131466,busi,,1,1,,,,,,,0.0,0.0
B_seg,busi_6d2d131466,busi,0.8917393684387207,1,1,0.9427719012747491,0.8917393535146229,4.242640687119285,2.1227063262292933,0.5476743805440084,0.06979790419161677,,
B_seg__detstats,busi_6d2d131466,busi,,1,1,,,,,,,0.0,0.0
SAM_edgesam,busi_6d2d131466,busi,0.8935753703117371,1,1,0.943796992481203,0.8935753692827906,5.0,1.9845862856283292,0.6436523108062521,0.008982035928143712,,
SAM_edgesam__detstats,busi_6d2d131466,busi,,1,1,,,,,,,0.0,0.0
SAM_efficientvit-t,busi_6d2d131466,busi,0.8985934853553772,1,1,0.9465886226449607,0.8985935058169822,5.0,1.8822887239502153,0.6464478157459789,0.04603293413173653,,
SAM_efficientvit-t__detstats,busi_6d2d131466,busi,,1,1,,,,,,,0.0,0.0
A_box,busi_873f42e663,busi,0.901735782623291,1,1,0.9483292000102268,0.9017357903437545,8.06225774829855,3.548078356606063,0.32277685442534115,0.033957358294331774,,
A_box__detstats,busi_873f42e663,busi,,1,1,,,,,,,0.0,0.0
A_otsu,busi_873f42e663,busi,0.9177893996238708,1,1,0.9571326384631106,0.9177894272696095,9.433981132056603,2.9119975441781136,0.5007648912714728,0.035569422776911074,,
A_otsu__detstats,busi_873f42e663,busi,,1,1,,,,,,,0.0,0.0
A_otsu_fb,busi_873f42e663,busi,0.9177893996238708,1,1,0.9571326384631106,0.9177894272696095,9.433981132056603,2.9119975441781136,0.5007648912714728,0.035569422776911074,,
A_otsu_fb__detstats,busi_873f42e663,busi,,1,1,,,,,,,0.0,0.0
A_select,busi_873f42e663,busi,0.9177893996238708,1,1,0.9571326384631106,0.9177894272696095,9.433981132056603,2.9119975441781136,0.5007648912714728,0.035569422776911074,,
A_select__detstats,busi_873f42e663,busi,,1,1,,,,,,,0.0,0.0
B_seg,busi_873f42e663,busi,0.9269793033599854,1,1,0.9621061232827741,0.9269792845544457,6.082762530298219,2.5812944517533936,0.5240715984652512,0.03650546021840874,,
B_seg__detstats,busi_873f42e663,busi,,1,1,,,,,,,0.0,0.0
SAM_edgesam,busi_873f42e663,busi,0.935081958770752,1,1,0.9664520501524907,0.9350819672131148,5.385164807134504,2.1600482777010734,0.5691753310475525,0.005044201768070723,,
SAM_edgesam__detstats,busi_873f42e663,busi,,1,1,,,,,,,0.0,0.0
SAM_efficientvit-t,busi_873f42e663,busi,0.9259623885154724,1,1,0.9615581228913199,0.9259623904696268,5.830951894845301,2.515983837707599,0.45793046698210244,0.03452938117524701,,
SAM_efficientvit-t__detstats,busi_873f42e663,busi,,1,1,,,,,,,0.0,0.0
A_box,busi_22d1a239ff,busi,0.8875809907913208,1,1,0.9404428035547351,0.8875809693991512,14.866068747318506,6.061044934114943,0.34099197665937275,0.012934114620551666,,
A_box__detstats,busi_22d1a239ff,busi,,1,1,,,,,,,0.0,0.0
A_otsu,busi_22d1a239ff,busi,0.7563988566398621,1,1,0.8613064791133845,0.7563988582658743,35.6931365951495,13.655636033621503,0.1442125237191651,0.21180505931113333,,
A_otsu__detstats,busi_22d1a239ff,busi,,1,1,,,,,,,0.0,0.0
A_otsu_fb,busi_22d1a239ff,busi,0.7563988566398621,1,1,0.8613064791133845,0.7563988582658743,35.6931365951495,13.655636033621503,0.1442125237191651,0.21180505931113333,,
A_otsu_fb__detstats,busi_22d1a239ff,busi,,1,1,,,,,,,0.0,0.0
A_select,busi_22d1a239ff,busi,0.7563988566398621,1,1,0.8613064791133845,0.7563988582658743,35.6931365951495,13.655636033621503,0.1442125237191651,0.21180505931113333,,
A_select__detstats,busi_22d1a239ff,busi,,1,1,,,,,,,0.0,0.0
B_seg,busi_22d1a239ff,busi,0.9166440963745117,1,1,0.9565094406336185,0.916644076985633,11.0,4.340752365123484,0.3003710682251182,0.021009003858796626,,
B_seg__detstats,busi_22d1a239ff,busi,,1,1,,,,,,,0.0,0.0
SAM_edgesam,busi_22d1a239ff,busi,0.9102821946144104,1,1,0.9530342749344636,0.9102822108859456,9.0,4.6104137355865635,0.19496045512825771,0.05549997618026773,,
SAM_edgesam__detstats,busi_22d1a239ff,busi,,1,1,,,,,,,0.0,0.0
SAM_efficientvit-t,busi_22d1a239ff,busi,0.9120038151741028,1,1,0.9539769698922865,0.9120037919184738,10.0,4.387739250276928,0.21941275947475078,0.07829545995903006,,
SAM_efficientvit-t__detstats,busi_22d1a239ff,busi,,1,1,,,,,,,0.0,0.0
A_box,busi_888dc0e64a,busi,0.6466180682182312,1,1,0.7853892560792307,0.6466180708594677,40.8827171453048,17.02911086896402,0.1417430150677671,0.2999509941192943,,
A_box__detstats,busi_888dc0e64a,busi,,1,1,,,,,,,0.0,0.0
A_otsu,busi_888dc0e64a,busi,0.631557047367096,1,1,0.7741770751324553,0.63155702135046,49.101877806572276,17.17076902385077,0.21518241710497182,0.35490758891066926,,
A_otsu__detstats,busi_888dc0e64a,busi,,1,1,,,,,,,0.0,0.0
A_otsu_fb,busi_888dc0e64a,busi,0.631557047367096,1,1,0.7741770751324553,0.63155702135046,49.101877806572276,17.17076902385077,0.21518241710497182,0.35490758891066926,,
A_otsu_fb__detstats,busi_888dc0e64a,busi,,1,1,,,,,,,0.0,0.0
A_select,busi_888dc0e64a,busi,0.631557047367096,1,1,0.7741770751324553,0.63155702135046,49.101877806572276,17.17076902385077,0.21518241710497182,0.35490758891066926,,
A_select__detstats,busi_888dc0e64a,busi,,1,1,,,,,,,0.0,0.0
B_seg,busi_888dc0e64a,busi,0.7247901558876038,1,2,0.840438634828559,0.7247901319170806,45.62181189799593,11.930055049146842,0.26389116538272417,0.23795855502660318,,
B_seg__detstats,busi_888dc0e64a,busi,,1,2,,,,,,,0.0,1.0
SAM_edgesam,busi_888dc0e64a,busi,0.5853931307792664,1,1,0.7384832240565534,0.5853931062504233,50.15974481593781,20.09108667511536,0.13564106961465905,0.3609983197983758,,
SAM_edgesam__detstats,busi_888dc0e64a,busi,,1,1,,,,,,,0.0,0.0
SAM_efficientvit-t,busi_888dc0e64a,busi,0.6134231090545654,1,1,0.7603995502897172,0.6134230997313985,47.43152820549582,17.936088375986053,0.1454120723095552,0.3809857182861943,,
SAM_efficientvit-t__detstats,busi_888dc0e64a,busi,,1,1,,,,,,,0.0,0.0
A_box,busi_62445ce52f,busi,0.6181017160415649,1,1,0.763983777457198,0.6181017397049108,38.50452280046007,14.495274311863552,0.1371486911885653,0.4362732095490716,,
A_box__detstats,busi_62445ce52f,busi,,1,1,,,,,,,0.0,0.0
A_otsu,busi_62445ce52f,busi,0.6986435055732727,1,1,0.8225899083823328,0.6986435008826536,31.91550104037886,10.420932295113154,0.16435286061134283,0.42473474801061006,,
A_otsu__detstats,busi_62445ce52f,busi,,1,1,,,,,,,0.0,0.0
A_otsu_fb,busi_62445ce52f,busi,0.6986435055732727,1,1,0.8225899083823328,0.6986435008826536,31.91550104037886,10.420932295113154,0.16435286061134283,0.42473474801061006,,
A_otsu_fb__detstats,busi_62445ce52f,busi,,1,1,,,,,,,0.0,0.0
A_select,busi_62445ce52f,busi,0.6986435055732727,1,1,0.8225899083823328,0.6986435008826536,31.91550104037886,10.420932295113154,0.16435286061134283,0.42473474801061006,,
A_select__detstats,busi_62445ce52f,busi,,1,1,,,,,,,0.0,0.0
B_seg,busi_62445ce52f,busi,0.7213796973228455,1,1,0.8381412928686566,0.721379706262259,28.485477697880388,10.715968933221784,0.1553529571127366,0.3860742705570292,,
B_seg__detstats,busi_62445ce52f,busi,,1,1,,,,,,,0.0,0.0
SAM_edgesam,busi_62445ce52f,busi,0.6950955390930176,1,1,0.820125506747376,0.6950955473971571,32.360401715624164,10.66449677885383,0.19201745022508934,0.38819628647214854,,
SAM_edgesam__detstats,busi_62445ce52f,busi,,1,1,,,,,,,0.0,0.0
SAM_efficientvit-t,busi_62445ce52f,busi,0.6286506056785583,1,1,0.7719895287958115,0.6286506075463654,41.36357849046029,13.841034183585403,0.1636517328825021,0.53315649867374,,
SAM_efficientvit-t__detstats,busi_62445ce52f,busi,,1,1,,,,,,,0.0,0.0
A_box,busi_31157c7321,busi,0.5589881539344788,1,1,0.7171166318813259,0.5589881743754811,54.635077063592384,21.045103233596556,0.0413747080413747,0.6932003626473254,,
A_box__detstats,busi_31157c7321,busi,,1,1,,,,,,,0.0,0.0
A_otsu,busi_31157c7321,busi,0.6021984815597534,1,1,0.751715213516615,0.6021984900050855,49.05608478903013,15.171190737203457,0.10643305902132555,0.4754910849199154,,
A_otsu__detstats,busi_31157c7321,busi,,1,1,,,,,,,0.0,0.0
A_otsu_fb,busi_31157c7321,busi,0.6021984815597534,1,1,0.751715213516615,0.6021984900050855,49.05608478903013,15.171190737203457,0.10643305902132555,0.4754910849199154,,
A_otsu_fb__detstats,busi_31157c7321,busi,,1,1,,,,,,,0.0,0.0
A_select,busi_31157c7321,busi,0.6021984815597534,1,1,0.751715213516615,0.6021984900050855,49.05608478903013,15.171190737203457,0.10643305902132555,0.4754910849199154,,
A_select__detstats,busi_31157c7321,busi,,1,1,,,,,,,0.0,0.0
B_seg,busi_31157c7321,busi,0.0,1,1,0.0,0.0,,,0.0,,,
B_seg__detstats,busi_31157c7321,busi,,1,1,,,,,,,1.0,1.0
SAM_edgesam,busi_31157c7321,busi,0.5818371176719666,1,1,0.7356473178815464,0.5818371157713301,46.75788494687557,19.05330358161659,0.033217279174725986,0.662496222423693,,
SAM_edgesam__detstats,busi_31157c7321,busi,,1,1,,,,,,,0.0,0.0
SAM_efficientvit-t,busi_31157c7321,busi,0.609874963760376,1,1,0.7576674879737182,0.6098749575006611,42.9557900303376,17.30742293184459,0.1191011235955056,0.5757026291931097,,
SAM_efficientvit-t__detstats,busi_31157c7321,busi,,1,1,,,,,,,0.0,0.0
A_box,busi_31341a9960,busi,0.9014187455177307,1,1,0.9481538507091464,0.9014187591487445,13.408933484911488,5.005765681718657,0.3252644073673962,0.0408496238329758,,
A_box__detstats,busi_31341a9960,busi,,1,1,,,,,,,0.0,0.0
A_otsu,busi_31341a9960,busi,0.9094420075416565,1,1,0.9525735725172939,0.9094419880226116,10.63014581273465,4.552377998650554,0.31998117304750595,0.061576577937577426,,
A_otsu__detstats,busi_31341a9960,busi,,1,1,,,,,,,0.0,0.0
A_otsu_fb,busi_31341a9960,busi,0.9094420075416565,1,1,0.9525735725172939,0.9094419880226116,10.63014581273465,4.552377998650554,0.31998117304750595,0.061576577937577426,,
A_otsu_fb__detstats,busi_31341a9960,busi,,1,1,,,,,,,0.0,0.0
A_select,busi_31341a9960,busi,0.9094420075416565,1,1,0.9525735725172939,0.9094419880226116,10.63014581273465,4.552377998650554,0.31998117304750595,0.061576577937577426,,
A_select__detstats,busi_31341a9960,busi,,1,1,,,,,,,0.0,0.0
B_seg,busi_31341a9960,busi,0.9026715755462646,1,1,0.9488464529508338,0.9026715988491574,10.44030650891055,4.956071105117694,0.13716390500656625,0.09801492582409282,,
B_seg__detstats,busi_31341a9960,busi,,1,1,,,,,,,0.0,0.0
SAM_edgesam,busi_31341a9960,busi,0.9317008256912231,1,1,0.9646429957894108,0.9317008450866718,7.280109889280518,3.2549828388677016,0.3967061738229614,0.023567090672870654,,
SAM_edgesam__detstats,busi_31341a9960,busi,,1,1,,,,,,,0.0,0.0
SAM_efficientvit-t,busi_31341a9960,busi,0.9335731863975525,1,1,0.9656455598225715,0.9335731759965462,7.211102550927978,3.1409355269616492,0.4268899954730647,0.02985164818563616,,
SAM_efficientvit-t__detstats,busi_31341a9960,busi,,1,1,,,,,,,0.0,0.0
A_box,busi_6e82f75987,busi,0.8181074857711792,1,1,0.8999550126310689,0.8181074619353215,11.180339887498949,6.083492568700597,0.08553639660957774,0.021837349397590362,,
A_box__detstats,busi_6e82f75987,busi,,1,1,,,,,,,0.0,0.0
A_otsu,busi_6e82f75987,busi,0.8557648658752441,1,1,0.9222772622619131,0.8557648734382081,8.0,4.590969857688446,0.1692875621312095,0.03765060240963856,,
A_otsu__detstats,busi_6e82f75987,busi,,1,1,,,,,,,0.0,0.0
A_otsu_fb,busi_6e82f75987,busi,0.8557648658752441,1,1,0.9222772622619131,0.8557648734382081,8.0,4.590969857688446,0.1692875621312095,0.03765060240963856,,
A_otsu_fb__detstats,busi_6e82f75987,busi,,1,1,,,,,,,0.0,0.0
A_select,busi_6e82f75987,busi,0.8557648658752441,1,1,0.9222772622619131,0.8557648734382081,8.0,4.590969857688446,0.1692875621312095,0.03765060240963856,,
A_select__detstats,busi_6e82f75987,busi,,1,1,,,,,,,0.0,0.0
B_seg,busi_6e82f75987,busi,0.8327440619468689,1,2,0.9087401497564006,0.8327440522562474,11.687581462308012,5.647553515434926,0.21873539427121585,0.09357886089813801,,
B_seg__detstats,busi_6e82f75987,busi,,1,2,,,,,,,0.0,1.0
SAM_edgesam,busi_6e82f75987,busi,0.8951985239982605,1,1,0.9447015834348356,0.8951985226223453,8.246211251235321,3.314102211046926,0.46004567465423263,0.03292716319824754,,
SAM_edgesam__detstats,busi_6e82f75987,busi,,1,1,,,,,,,0.0,0.0
SAM_efficientvit-t,busi_6e82f75987,busi,0.8593146204948425,1,1,0.9243348115299335,0.8593146096366916,9.0,4.4523714103315974,0.2651128914785142,0.024096385542168676,,
SAM_efficientvit-t__detstats,busi_6e82f75987,busi,,1,1,,,,,,,0.0,0.0
A_box,busi_f5cba98f1d,busi,0.8717673420906067,1,1,0.9314911411995365,0.8717673545966229,33.83784863137726,12.276328039771679,0.1308609334305931,0.06586120524532194,,
A_box__detstats,busi_f5cba98f1d,busi,,1,1,,,,,,,0.0,0.0
A_otsu,busi_f5cba98f1d,busi,0.6851459741592407,1,1,0.8131592121389978,0.6851459946911022,106.13340154463774,27.13023998509015,0.07592617244700595,0.20309725248734034,,
A_otsu__detstats,busi_f5cba98f1d,busi,,1,1,,,,,,,0.0,0.0
A_otsu_fb,busi_f5cba98f1d,busi,0.6851459741592407,1,1,0.8131592121389978,0.6851459946911022,106.13340154463774,27.13023998509015,0.07592617244700595,0.20309725248734034,,
A_otsu_fb__detstats,busi_f5cba98f1d,busi,,1,1,,,,,,,0.0,0.0
A_select,busi_f5cba98f1d,busi,0.6851459741592407,1,1,0.8131592121389978,0.6851459946911022,106.13340154463774,27.13023998509015,0.07592617244700595,0.20309725248734034,,
A_select__detstats,busi_f5cba98f1d,busi,,1,1,,,,,,,0.0,0.0
B_seg,busi_f5cba98f1d,busi,0.9119725823402405,1,1,0.9539598830825382,0.9119725598036607,18.00138781886599,8.17348527994252,0.11230182971172585,0.0057230153621862226,,
B_seg__detstats,busi_f5cba98f1d,busi,,1,1,,,,,,,0.0,0.0
SAM_edgesam,busi_f5cba98f1d,busi,0.8806315064430237,1,1,0.9365274525620042,0.8806315262374999,25.059928172283335,11.31633685081433,0.13053315542147703,0.019542003675757834,,
SAM_edgesam__detstats,busi_f5cba98f1d,busi,,1,1,,,,,,,0.0,0.0
SAM_efficientvit-t,busi_f5cba98f1d,busi,0.8841637372970581,1,1,0.9385211154648152,0.884163716432087,30.083217912982647,10.830883109081457,0.14705855645430616,0.030553767651780105,,
SAM_efficientvit-t__detstats,busi_f5cba98f1d,busi,,1,1,,,,,,,0.0,0.0
A_box,busi_70e63630b2,busi,0.9154455661773682,1,1,0.9558565337346375,0.9154455921210666,13.038404810405298,5.596309143466518,0.3327757725151862,0.0580900737084781,,
A_box__detstats,busi_70e63630b2,busi,,1,1,,,,,,,0.0,0.0
A_otsu,busi_70e63630b2,busi,0.8368370532989502,1,1,0.9111717837763582,0.8368370420602753,49.73479642046239,12.395930929852359,0.20873608861487017,0.10903659447348768,,
A_otsu__detstats,busi_70e63630b2,busi,,1,1,,,,,,,0.0,0.0
A_otsu_fb,busi_70e63630b2,busi,0.8368370532989502,1,1,0.9111717837763582,0.8368370420602753,49.73479642046239,12.395930929852359,0.20873608861487017,0.10903659447348768,,
A_otsu_fb__detstats,busi_70e63630b2,busi,,1,1,,,,,,,0.0,0.0
A_select,busi_70e63630b2,busi,0.8368370532989502,1,1,0.9111717837763582,0.8368370420602753,49.73479642046239,12.395930929852359,0.20873608861487017,0.10903659447348768,,
A_select__detstats,busi_70e63630b2,busi,,1,1,,,,,,,0.0,0.0
B_seg,busi_70e63630b2,busi,0.8626630306243896,1,1,0.9262684708490896,0.8626630081185822,45.896952834837045,10.845846328541972,0.1609631464849799,0.13809786667532553,,
B_seg__detstats,busi_70e63630b2,busi,,1,1,,,,,,,0.0,0.0
SAM_edgesam,busi_70e63630b2,busi,0.82763671875,1,1,0.9056906130858566,0.8276367030349844,57.649363931580496,14.57445292290559,0.24884123841238412,0.15610286716238594,,
SAM_edgesam__detstats,busi_70e63630b2,busi,,1,1,,,,,,,0.0,0.0
SAM_efficientvit-t,busi_70e63630b2,busi,0.9098889827728271,1,1,0.9528186990106609,0.9098889543868593,28.150272477541055,7.639751242179047,0.32586075582746626,0.05373900055200182,,
SAM_efficientvit-t__detstats,busi_70e63630b2,busi,,1,1,,,,,,,0.0,0.0
A_box,busi_d6ece3a2e2,busi,0.9349038600921631,1,1,0.9663569023569023,0.9349038411424402,5.0,2.215588811108106,0.5199242838185935,0.0217935738263974,,
A_box__detstats,busi_d6ece3a2e2,busi,,1,1,,,,,,,0.0,0.0
A_otsu,busi_d6ece3a2e2,busi,0.9397639632225037,1,1,0.9689467168857165,0.9397639605579114,5.0990195135927845,2.0559573589708777,0.5810581235255755,0.02307241434432781,,
A_otsu__detstats,busi_d6ece3a2e2,busi,,1,1,,,,,,,0.0,0.0
A_otsu_fb,busi_d6ece3a2e2,busi,0.9397639632225037,1,1,0.9689467168857165,0.9397639605579114,5.0990195135927845,2.0559573589708777,0.5810581235255755,0.02307241434432781,,
A_otsu_fb__detstats,busi_d6ece3a2e2,busi,,1,1,,,,,,,0.0,0.0
A_select,busi_d6ece3a2e2,busi,0.9397639632225037,1,1,0.9689467168857165,0.9397639605579114,5.0990195135927845,2.0559573589708777,0.5810581235255755,0.02307241434432781,,
A_select__detstats,busi_d6ece3a2e2,busi,,1,1,,,,,,,0.0,0.0
B_seg,busi_d6ece3a2e2,busi,0.936942458152771,1,1,0.9674448149912657,0.9369424792371578,5.830951894845301,2.2532051965319564,0.5353640523983632,0.013214685351947567,,
B_seg__detstats,busi_d6ece3a2e2,busi,,1,1,,,,,,,0.0,0.0
SAM_edgesam,busi_d6ece3a2e2,busi,0.923368513584137,1,1,0.9601576648556515,0.9233685073250691,6.708203932499369,2.6303717025904048,0.47589611849235336,0.0007459903021260724,,
SAM_edgesam__detstats,busi_d6ece3a2e2,busi,,1,1,,,,,,,0.0,0.0
SAM_efficientvit-t,busi_d6ece3a2e2,busi,0.9258155822753906,1,1,0.9614789563393208,0.9258155741844258,6.324555320336759,2.5444699374220794,0.5208173215890223,0.03202429796984068,,
SAM_efficientvit-t__detstats,busi_d6ece3a2e2,busi,,1,1,,,,,,,0.0,0.0
A_box,busi_21ebb876bc,busi,0.8189129829406738,1,1,0.9004421814283801,0.81891299049476,10.198039027185569,2.8802968445259207,0.625659050966608,0.1393667414609823,,
A_box__detstats,busi_21ebb876bc,busi,,1,1,,,,,,,0.0,0.0
A_otsu,busi_21ebb876bc,busi,0.7980813980102539,1,1,0.8877033181522447,0.7980814225549836,10.0,3.3247067971527553,0.48956635148353445,0.08401894789329345,,
A_otsu__detstats,busi_21ebb876bc,busi,,1,1,,,,,,,0.0,0.0
A_otsu_fb,busi_21ebb876bc,busi,0.7980813980102539,1,1,0.8877033181522447,0.7980814225549836,10.0,3.3247067971527553,0.48956635148353445,0.08401894789329345,,
A_otsu_fb__detstats,busi_21ebb876bc,busi,,1,1,,,,,,,0.0,0.0
A_select,busi_21ebb876bc,busi,0.7980813980102539,1,1,0.8877033181522447,0.7980814225549836,10.0,3.3247067971527553,0.48956635148353445,0.08401894789329345,,
A_select__detstats,busi_21ebb876bc,busi,,1,1,,,,,,,0.0,0.0
B_seg,busi_21ebb876bc,busi,0.0,1,1,0.0,0.0,,,0.0,,,
B_seg__detstats,busi_21ebb876bc,busi,,1,1,,,,,,,1.0,1.0
SAM_edgesam,busi_21ebb876bc,busi,0.8679821491241455,1,1,0.9293259557344065,0.8679821470519145,4.3344387942713976,2.0865141149030864,0.5544554455445544,0.017452006980802792,,
SAM_edgesam__detstats,busi_21ebb876bc,busi,,1,1,,,,,,,0.0,0.0
SAM_efficientvit-t,busi_21ebb876bc,busi,0.8930041193962097,1,1,0.9434782608695652,0.8930041152263375,4.0,1.637523003550597,0.6894236349837046,0.05036150585888806,,
SAM_efficientvit-t__detstats,busi_21ebb876bc,busi,,1,1,,,,,,,0.0,0.0
A_box,busi_7a078fba05,busi,0.7486955523490906,1,1,0.8562903541381335,0.7486955777948849,15.524174696260024,6.326166280298342,0.2673848020692518,0.3035492957746479,,
A_box__detstats,busi_7a078fba05,busi,,1,1,,,,,,,0.0,0.0
A_otsu,busi_7a078fba05,busi,0.7897376418113708,1,1,0.8825177624337036,0.7897376197725441,11.40175425099138,4.996056755533465,0.25042301184433163,0.251943661971831,,
A_otsu__detstats,busi_7a078fba05,busi,,1,1,,,,,,,0.0,0.0
A_otsu_fb,busi_7a078fba05,busi,0.7897376418113708,1,1,0.8825177624337036,0.7897376197725441,11.40175425099138,4.996056755533465,0.25042301184433163,0.251943661971831,,
A_otsu_fb__detstats,busi_7a078fba05,busi,,1,1,,,,,,,0.0,0.0
A_select,busi_7a078fba05,busi,0.7897376418113708,1,1,0.8825177624337036,0.7897376197725441,11.40175425099138,4.996056755533465,0.25042301184433163,0.251943661971831,,
A_select__detstats,busi_7a078fba05,busi,,1,1,,,,,,,0.0,0.0
B_seg,busi_7a078fba05,busi,0.7599760293960571,1,1,0.8636208825962146,0.7599760232916596,11.0,5.817237430078132,0.12810520078399198,0.31583098591549297,,
B_seg__detstats,busi_7a078fba05,busi,,1,1,,,,,,,0.0,0.0
SAM_edgesam,busi_7a078fba05,busi,0.6912531852722168,1,1,0.8174449663811366,0.6912532128670458,15.524174696260024,8.272437002508283,0.013189573955825396,0.44664788732394367,,
SAM_edgesam__detstats,busi_7a078fba05,busi,,1,1,,,,,,,0.0,0.0
SAM_efficientvit-t,busi_7a078fba05,busi,0.7410035729408264,1,1,0.8512372913869173,0.741003590214578,14.805321335067429,6.559859447378555,0.08903544929925804,0.3495211267605634,,
SAM_efficientvit-t__detstats,busi_7a078fba05,busi,,1,1,,,,,,,0.0,0.0
A_box,busi_a262591d26,busi,0.9129926562309265,1,2,0.9545176671964788,0.9129926324406502,7.810249675906654,2.0978515267194506,0.6568939643497675,0.034324089043651286,,
A_box__detstats,busi_a262591d26,busi,,1,2,,,,,,,0.0,1.0
A_otsu,busi_a262591d26,busi,0.9165595173835754,1,2,0.9564634146341463,0.9165595418955241,5.0,1.9633124187933992,0.6205563035320405,0.03954731998507648,,
A_otsu__detstats,busi_a262591d26,busi,,1,2,,,,,,,0.0,1.0
A_otsu_fb,busi_a262591d26,busi,0.9165595173835754,1,2,0.9564634146341463,0.9165595418955241,5.0,1.9633124187933992,0.6205563035320405,0.03954731998507648,,
A_otsu_fb__detstats,busi_a262591d26,busi,,1,2,,,,,,,0.0,1.0
A_select,busi_a262591d26,busi,0.9165595173835754,1,2,0.9564634146341463,0.9165595418955241,5.0,1.9633124187933992,0.6205563035320405,0.03954731998507648,,
A_select__detstats,busi_a262591d26,busi,,1,2,,,,,,,0.0,1.0
B_seg,busi_a262591d26,busi,0.8944488763809204,1,1,0.9442839951865223,0.8944488772369771,6.4031242374328485,2.5735155973207027,0.5904639739699028,0.06690710110682752,,
B_seg__detstats,busi_a262591d26,busi,,1,1,,,,,,,0.0,0.0
SAM_edgesam,busi_a262591d26,busi,0.896894097328186,1,2,0.9456448962200986,0.8968941230804757,6.432968025561179,2.379979380729357,0.5245023492294073,0.04315383658748912,,
SAM_edgesam__detstats,busi_a262591d26,busi,,1,2,,,,,,,0.0,1.0
SAM_efficientvit-t,busi_a262591d26,busi,0.8643259406089783,1,2,0.927226226458963,0.8643259644560035,10.418605053722006,3.3403104393811027,0.5050205796150712,0.13953488372093023,,
SAM_efficientvit-t__detstats,busi_a262591d26,busi,,1,2,,,,,,,0.0,1.0
A_box,busi_b7e3e20601,busi,0.9153059124946594,1,1,0.9557803796748892,0.9153059002830394,13.897835632609945,5.073715211621202,0.29582886350728843,0.016459977452085682,,
A_box__detstats,busi_b7e3e20601,busi,,1,1,,,,,,,0.0,0.0
A_otsu,busi_b7e3e20601,busi,0.9482447504997253,1,1,0.9734349494172324,0.9482447789008852,9.848857801796104,3.0025940742123596,0.4956011730205278,0.02851286256021318,,
A_otsu__detstats,busi_b7e3e20601,busi,,1,1,,,,,,,0.0,0.0
A_otsu_fb,busi_b7e3e20601,busi,0.9482447504997253,1,1,0.9734349494172324,0.9482447789008852,9.848857801796104,3.0025940742123596,0.4956011730205278,0.02851286256021318,,
A_otsu_fb__detstats,busi_b7e3e20601,busi,,1,1,,,,,,,0.0,0.0
A_select,busi_b7e3e20601,busi,0.9482447504997253,1,1,0.9734349494172324,0.9482447789008852,9.848857801796104,3.0025940742123596,0.4956011730205278,0.02851286256021318,,
A_select__detstats,busi_b7e3e20601,busi,,1,1,,,,,,,0.0,0.0
B_seg,busi_b7e3e20601,busi,0.9583975076675415,1,1,0.978756884343037,0.9583975346687211,6.4031242374328485,2.3420928000264425,0.5611070032745326,0.00608793686583991,,
B_seg__detstats,busi_b7e3e20601,busi,,1,1,,,,,,,0.0,0.0
SAM_edgesam,busi_b7e3e20601,busi,0.9311594367027283,1,1,0.9643527204502814,0.9311594202898551,9.219544457292887,3.935703922367253,0.28977272727272724,0.011560930613918212,,
SAM_edgesam__detstats,busi_b7e3e20601,busi,,1,1,,,,,,,0.0,0.0
SAM_efficientvit-t,busi_b7e3e20601,busi,0.950154185295105,1,1,0.9744400690417868,0.95015419345736,8.0,2.6889614546138656,0.5357680314007789,0.0167469509070411,,
SAM_efficientvit-t__detstats,busi_b7e3e20601,busi,,1,1,,,,,,,0.0,0.0
A_box,busi_1e01f78c06,busi,0.7490333318710327,1,1,0.8565112117064955,0.7490333271957282,37.84147051431423,8.970617079215035,0.2471504730323438,0.10663743272872235,,
A_box__detstats,busi_1e01f78c06,busi,,1,1,,,,,,,0.0,0.0
A_otsu,busi_1e01f78c06,busi,0.7109459638595581,1,1,0.8310559947465461,0.7109459401063049,26.154209565011815,9.939711646978811,0.18508460817379707,0.027058002790512257,,
A_otsu__detstats,busi_1e01f78c06,busi,,1,1,,,,,,,0.0,0.0
A_otsu_fb,busi_1e01f78c06,busi,0.7109459638595581,1,1,0.8310559947465461,0.7109459401063049,26.154209565011815,9.939711646978811,0.18508460817379707,0.027058002790512257,,
A_otsu_fb__detstats,busi_1e01f78c06,busi,,1,1,,,,,,,0.0,0.0
A_select,busi_1e01f78c06,busi,0.7109459638595581,1,1,0.8310559947465461,0.7109459401063049,26.154209565011815,9.939711646978811,0.18508460817379707,0.027058002790512257,,
A_select__detstats,busi_1e01f78c06,busi,,1,1,,,,,,,0.0,0.0
B_seg,busi_1e01f78c06,busi,0.7789230942726135,1,1,0.8757243021563699,0.778923091405441,21.0,6.627106499646981,0.3295695213684476,0.11665337851305561,,
B_seg__detstats,busi_1e01f78c06,busi,,1,1,,,,,,,0.0,0.0
SAM_edgesam,busi_1e01f78c06,busi,0.7968565225601196,1,1,0.8869450665261494,0.7968565071249349,28.49552757852284,6.466501934426509,0.3278342624866833,0.10868048634642216,,
SAM_edgesam__detstats,busi_1e01f78c06,busi,,1,1,,,,,,,0.0,0.0
SAM_efficientvit-t,busi_1e01f78c06,busi,0.7820530533790588,1,1,0.8776989632863045,0.7820530629254063,26.854791330772567,6.873088569335939,0.33316747935117924,0.08217061989236596,,
SAM_efficientvit-t__detstats,busi_1e01f78c06,busi,,1,1,,,,,,,0.0,0.0
A_box,busi_a0d580339e,busi,0.0,1,0,0.0,0.0,,,0.0,,,
A_box__detstats,busi_a0d580339e,busi,,1,0,,,,,,,1.0,0.0
A_otsu,busi_a0d580339e,busi,0.0,1,0,0.0,0.0,,,0.0,,,
A_otsu__detstats,busi_a0d580339e,busi,,1,0,,,,,,,1.0,0.0
A_otsu_fb,busi_a0d580339e,busi,0.0,1,0,0.0,0.0,,,0.0,,,
A_otsu_fb__detstats,busi_a0d580339e,busi,,1,0,,,,,,,1.0,0.0
A_select,busi_a0d580339e,busi,0.0,1,0,0.0,0.0,,,0.0,,,
A_select__detstats,busi_a0d580339e,busi,,1,0,,,,,,,1.0,0.0
B_seg,busi_a0d580339e,busi,0.7615253925323486,1,1,0.8646204095305892,0.7615254112266726,24.203304148035457,6.764755015981711,0.20349605234862214,0.0694107452339688,,
B_seg__detstats,busi_a0d580339e,busi,,1,1,,,,,,,0.0,0.0
SAM_edgesam,busi_a0d580339e,busi,0.0,1,0,0.0,0.0,,,0.0,,,
SAM_edgesam__detstats,busi_a0d580339e,busi,,1,0,,,,,,,1.0,0.0
SAM_efficientvit-t,busi_a0d580339e,busi,0.0,1,0,0.0,0.0,,,0.0,,,
SAM_efficientvit-t__detstats,busi_a0d580339e,busi,,1,0,,,,,,,1.0,0.0
A_box,busi_c9ddf3ff26,busi,0.8861767053604126,1,1,0.9396539540893581,0.8861766945925362,14.317821063276353,6.432601246404732,0.2419134798102843,0.03911399671410756,,
A_box__detstats,busi_c9ddf3ff26,busi,,1,1,,,,,,,0.0,0.0
A_otsu,busi_c9ddf3ff26,busi,0.8128728270530701,1,1,0.8967786412634745,0.8128728057717435,38.245900986993604,10.696112060816924,0.19828326180257508,0.10495061264078862,,
A_otsu__detstats,busi_c9ddf3ff26,busi,,1,1,,,,,,,0.0,0.0
A_otsu_fb,busi_c9ddf3ff26,busi,0.8128728270530701,1,1,0.8967786412634745,0.8128728057717435,38.245900986993604,10.696112060816924,0.19828326180257508,0.10495061264078862,,
A_otsu_fb__detstats,busi_c9ddf3ff26,busi,,1,1,,,,,,,0.0,0.0
A_select,busi_c9ddf3ff26,busi,0.8128728270530701,1,1,0.8967786412634745,0.8128728057717435,38.245900986993604,10.696112060816924,0.19828326180257508,0.10495061264078862,,
A_select__detstats,busi_c9ddf3ff26,busi,,1,1,,,,,,,0.0,0.0
B_seg,busi_c9ddf3ff26,busi,0.8800995349884033,1,1,0.9362265312403817,0.8800995312771251,23.380525678727462,7.2234206807481085,0.28401859004209234,0.07062689285219423,,
B_seg__detstats,busi_c9ddf3ff26,busi,,1,1,,,,,,,0.0,0.0
SAM_edgesam,busi_c9ddf3ff26,busi,0.8705610036849976,1,1,0.9308020504649188,0.8705610133929447,20.615528128088304,7.131191236686196,0.2340191078873798,0.11174013737405729,,
SAM_edgesam__detstats,busi_c9ddf3ff26,busi,,1,1,,,,,,,0.0,0.0
SAM_efficientvit-t,busi_c9ddf3ff26,busi,0.8675957918167114,1,1,0.9291044776119403,0.867595818815331,18.027756377319946,6.850642604687426,0.23634051317349652,0.11144321938280646,,
SAM_efficientvit-t__detstats,busi_c9ddf3ff26,busi,,1,1,,,,,,,0.0,0.0
A_box,busi_086f5ac9a7,busi,0.5035629868507385,1,1,0.6698262734251174,0.5035630008644658,111.58221767809029,41.16738188380076,0.03706397306397306,0.4050855648768882,,
A_box__detstats,busi_086f5ac9a7,busi,,1,1,,,,,,,0.0,0.0
A_otsu,busi_086f5ac9a7,busi,0.0,1,1,0.0,0.0,,,0.0,,,
A_otsu__detstats,busi_086f5ac9a7,busi,,1,1,,,,,,,1.0,1.0
A_otsu_fb,busi_086f5ac9a7,busi,0.0,1,1,0.0,0.0,,,0.0,,,
A_otsu_fb__detstats,busi_086f5ac9a7,busi,,1,1,,,,,,,1.0,1.0
A_select,busi_086f5ac9a7,busi,0.0,1,1,0.0,0.0,,,0.0,,,
A_select__detstats,busi_086f5ac9a7,busi,,1,1,,,,,,,1.0,1.0
B_seg,busi_086f5ac9a7,busi,0.7766866683959961,1,2,0.8743091003413669,0.7766866558186639,67.87188299741311,19.118212278550672,0.13264646286238552,0.0651928772351578,,
B_seg__detstats,busi_086f5ac9a7,busi,,1,2,,,,,,,0.0,1.0
SAM_edgesam,busi_086f5ac9a7,busi,0.0,1,1,0.0,0.0,,,0.0,,,
SAM_edgesam__detstats,busi_086f5ac9a7,busi,,1,1,,,,,,,1.0,1.0
SAM_efficientvit-t,busi_086f5ac9a7,busi,0.0,1,1,0.0,0.0,,,0.0,,,
SAM_efficientvit-t__detstats,busi_086f5ac9a7,busi,,1,1,,,,,,,1.0,1.0
A_box,busi_55fa62f005,busi,0.7335202097892761,1,1,0.846278242387839,0.733520224269123,19.161020201586712,7.252970512111148,0.2135451991086135,0.24340556772989205,,
A_box__detstats,busi_55fa62f005,busi,,1,1,,,,,,,0.0,0.0
A_otsu,busi_55fa62f005,busi,0.6851851940155029,1,1,0.8131868131868132,0.6851851851851852,23.79789213517281,8.575210649673469,0.16872916666666668,0.3086600113627141,,
A_otsu__detstats,busi_55fa62f005,busi,,1,1,,,,,,,0.0,0.0
A_otsu_fb,busi_55fa62f005,busi,0.6851851940155029,1,1,0.8131868131868132,0.6851851851851852,23.79789213517281,8.575210649673469,0.16872916666666668,0.3086600113627141,,
A_otsu_fb__detstats,busi_55fa62f005,busi,,1,1,,,,,,,0.0,0.0
A_select,busi_55fa62f005,busi,0.6851851940155029,1,1,0.8131868131868132,0.6851851851851852,23.79789213517281,8.575210649673469,0.16872916666666668,0.3086600113627141,,
A_select__detstats,busi_55fa62f005,busi,,1,1,,,,,,,0.0,0.0
B_seg,busi_55fa62f005,busi,0.732663631439209,1,1,0.8457078735739667,0.7326636422553467,18.21162697096761,7.194134373170748,0.2021823180685626,0.2641019397776155,,
B_seg__detstats,busi_55fa62f005,busi,,1,1,,,,,,,0.0,0.0
SAM_edgesam,busi_55fa62f005,busi,0.7221688032150269,1,1,0.8386736734409153,0.7221688290885792,23.019555979798405,7.572807931512971,0.23358775306064755,0.2547682817953088,,
SAM_edgesam__detstats,busi_55fa62f005,busi,,1,1,,,,,,,0.0,0.0
SAM_efficientvit-t,busi_55fa62f005,busi,0.6998945474624634,1,1,0.8234564366828896,0.6998945575472463,21.14229524007596,8.0616068275532,0.19630603136521602,0.2990017044071098,,
SAM_efficientvit-t__detstats,busi_55fa62f005,busi,,1,1,,,,,,,0.0,0.0
A_box,busi_f8c677f4cb,busi,0.7294603586196899,1,1,0.8435699226985243,0.7294603791929996,10.816653826391969,4.685828185547955,0.15384615384615383,0.2696984435797665,,
A_box__detstats,busi_f8c677f4cb,busi,,1,1,,,,,,,0.0,0.0
A_otsu,busi_f8c677f4cb,busi,0.7149805426597595,1,1,0.8338060124787294,0.7149805447470817,10.770329614269007,4.898355307246557,0.15467625899280577,0.2850194552529183,,
A_otsu__detstats,busi_f8c677f4cb,busi,,1,1,,,,,,,0.0,0.0
A_otsu_fb,busi_f8c677f4cb,busi,0.7149805426597595,1,1,0.8338060124787294,0.7149805447470817,10.770329614269007,4.898355307246557,0.15467625899280577,0.2850194552529183,,
A_otsu_fb__detstats,busi_f8c677f4cb,busi,,1,1,,,,,,,0.0,0.0
A_select,busi_f8c677f4cb,busi,0.7294603586196899,1,1,0.8435699226985243,0.7294603791929996,10.816653826391969,4.685828185547955,0.15384615384615383,0.2696984435797665,,
A_select__detstats,busi_f8c677f4cb,busi,,1,1,,,,,,,0.0,0.0
B_seg,busi_f8c677f4cb,busi,0.8108237385749817,1,1,0.8955302829939169,0.810823754789272,8.764151235892408,3.250075956764502,0.41855826764175136,0.1609922178988327,,
B_seg__detstats,busi_f8c677f4cb,busi,,1,1,,,,,,,0.0,0.0
SAM_edgesam,busi_f8c677f4cb,busi,0.7509727478027344,1,1,0.8577777777777778,0.7509727626459144,10.0,4.269042570759291,0.13958745408307432,0.2490272373540856,,
SAM_edgesam__detstats,busi_f8c677f4cb,busi,,1,1,,,,,,,0.0,0.0
SAM_efficientvit-t,busi_f8c677f4cb,busi,0.7375972867012024,1,1,0.8489853044086774,0.7375972762645915,10.418605053722022,4.443290567160467,0.22695035460992907,0.26240272373540857,,
SAM_efficientvit-t__detstats,busi_f8c677f4cb,busi,,1,1,,,,,,,0.0,0.0
A_box,busi_60618b0cf0,busi,0.0,1,0,0.0,0.0,,,0.0,,,
A_box__detstats,busi_60618b0cf0,busi,,1,0,,,,,,,1.0,0.0
A_otsu,busi_60618b0cf0,busi,0.0,1,0,0.0,0.0,,,0.0,,,
A_otsu__detstats,busi_60618b0cf0,busi,,1,0,,,,,,,1.0,0.0
A_otsu_fb,busi_60618b0cf0,busi,0.0,1,0,0.0,0.0,,,0.0,,,
A_otsu_fb__detstats,busi_60618b0cf0,busi,,1,0,,,,,,,1.0,0.0
A_select,busi_60618b0cf0,busi,0.0,1,0,0.0,0.0,,,0.0,,,
A_select__detstats,busi_60618b0cf0,busi,,1,0,,,,,,,1.0,0.0
B_seg,busi_60618b0cf0,busi,0.7192129492759705,1,2,0.836676962156857,0.7192129227562591,62.433783874223494,15.234908628967766,0.17890198218099795,0.019646709030490293,,
B_seg__detstats,busi_60618b0cf0,busi,,1,2,,,,,,,0.0,1.0
SAM_edgesam,busi_60618b0cf0,busi,0.0,1,0,0.0,0.0,,,0.0,,,
SAM_edgesam__detstats,busi_60618b0cf0,busi,,1,0,,,,,,,1.0,0.0
SAM_efficientvit-t,busi_60618b0cf0,busi,0.0,1,0,0.0,0.0,,,0.0,,,
SAM_efficientvit-t__detstats,busi_60618b0cf0,busi,,1,0,,,,,,,1.0,0.0
A_box,busi_93193f654b,busi,0.8054655194282532,1,1,0.8922524558493867,0.8054655237656505,38.3275357934736,12.328135276731429,0.15802800573537937,0.10972542804974679,,
A_box__detstats,busi_93193f654b,busi,,1,1,,,,,,,0.0,0.0
A_otsu,busi_93193f654b,busi,0.8196848630905151,1,1,0.9009085773031648,0.8196848403134743,31.0620329192443,10.534937492312014,0.18750670185645746,0.14016260722775348,,
A_otsu__detstats,busi_93193f654b,busi,,1,1,,,,,,,0.0,0.0
A_otsu_fb,busi_93193f654b,busi,0.8196848630905151,1,1,0.9009085773031648,0.8196848403134743,31.0620329192443,10.534937492312014,0.18750670185645746,0.14016260722775348,,
A_otsu_fb__detstats,busi_93193f654b,busi,,1,1,,,,,,,0.0,0.0
A_select,busi_93193f654b,busi,0.8196848630905151,1,1,0.9009085773031648,0.8196848403134743,31.0620329192443,10.534937492312014,0.18750670185645746,0.14016260722775348,,
A_select__detstats,busi_93193f654b,busi,,1,1,,,,,,,0.0,0.0
B_seg,busi_93193f654b,busi,0.8944287896156311,1,1,0.9442728041668521,0.8944287955200971,19.005259518088085,6.161608350026623,0.31706299541093036,0.06533572191407999,,
B_seg__detstats,busi_93193f654b,busi,,1,1,,,,,,,0.0,0.0
SAM_edgesam,busi_93193f654b,busi,0.7853349447250366,1,1,0.8797620409564123,0.7853349673202614,39.89474734459447,12.942102535170376,0.24691581464205067,0.19319943500878492,,
SAM_edgesam__detstats,busi_93193f654b,busi,,1,1,,,,,,,0.0,0.0
SAM_efficientvit-t,busi_93193f654b,busi,0.7973533272743225,1,1,0.8872527244028997,0.7973533109095233,36.216702711741014,12.02380851012389,0.19908955980870177,0.17750714851689806,,
SAM_efficientvit-t__detstats,busi_93193f654b,busi,,1,1,,,,,,,0.0,0.0
A_box,busi_7dcb196d66,busi,0.8325680494308472,1,1,0.908635336266361,0.8325680374860702,35.70573664772802,16.28989613486202,0.07944585053949647,0.015477332868068277,,
A_box__detstats,busi_7dcb196d66,busi,,1,1,,,,,,,0.0,0.0
A_otsu,busi_7dcb196d66,busi,0.8318994045257568,1,1,0.9082369839441387,0.8318993871263979,53.68425727919021,16.731974621028243,0.10616771008028661,0.04475268254383669,,
A_otsu__detstats,busi_7dcb196d66,busi,,1,1,,,,,,,0.0,0.0
A_otsu_fb,busi_7dcb196d66,busi,0.8318994045257568,1,1,0.9082369839441387,0.8318993871263979,53.68425727919021,16.731974621028243,0.10616771008028661,0.04475268254383669,,
A_otsu_fb__detstats,busi_7dcb196d66,busi,,1,1,,,,,,,0.0,0.0
A_select,busi_7dcb196d66,busi,0.8318994045257568,1,1,0.9082369839441387,0.8318993871263979,53.68425727919021,16.731974621028243,0.10616771008028661,0.04475268254383669,,
A_select__detstats,busi_7dcb196d66,busi,,1,1,,,,,,,0.0,0.0
B_seg,busi_7dcb196d66,busi,0.8927891254425049,1,1,0.9433582424315364,0.892789098740888,40.0,9.838530554333452,0.17483379050629969,0.006651836343016662,,
B_seg__detstats,busi_7dcb196d66,busi,,1,1,,,,,,,0.0,0.0
SAM_edgesam,busi_7dcb196d66,busi,0.9048655033111572,1,1,0.9500570947773304,0.9048654836863194,25.0,8.663402257180872,0.21248224797545612,0.06461368460845038,,
SAM_edgesam__detstats,busi_7dcb196d66,busi,,1,1,,,,,,,0.0,0.0
SAM_efficientvit-t,busi_7dcb196d66,busi,0.8919574618339539,1,1,0.9428937913031737,0.8919574812312845,40.469734315957275,10.008121562041115,0.2709874171549323,0.061691238477420106,,
SAM_efficientvit-t__detstats,busi_7dcb196d66,busi,,1,1,,,,,,,0.0,0.0
A_box,busi_9289e3083c,busi,0.6752609014511108,1,1,0.8061561011359473,0.6752608962553714,20.23980882101062,8.061761269731992,0.15009547190398254,0.29685874765966297,,
A_box__detstats,busi_9289e3083c,busi,,1,1,,,,,,,0.0,0.0
A_otsu,busi_9289e3083c,busi,0.6368789672851562,1,1,0.7781625842201373,0.6368789940218512,19.0,9.181827069628062,0.08757403093159681,0.3481381318909923,,
A_otsu__detstats,busi_9289e3083c,busi,,1,1,,,,,,,0.0,0.0
A_otsu_fb,busi_9289e3083c,busi,0.6368789672851562,1,1,0.7781625842201373,0.6368789940218512,19.0,9.181827069628062,0.08757403093159681,0.3481381318909923,,
A_otsu_fb__detstats,busi_9289e3083c,busi,,1,1,,,,,,,0.0,0.0
A_select,busi_9289e3083c,busi,0.6368789672851562,1,1,0.7781625842201373,0.6368789940218512,19.0,9.181827069628062,0.08757403093159681,0.3481381318909923,,
A_select__detstats,busi_9289e3083c,busi,,1,1,,,,,,,0.0,0.0
B_seg,busi_9289e3083c,busi,0.6763052940368652,1,1,0.8068999146653664,0.6763053029528967,16.83949263969194,8.140360787813538,0.06529370465714954,0.29353026835864365,,
B_seg__detstats,busi_9289e3083c,busi,,1,1,,,,,,,0.0,0.0
SAM_edgesam,busi_9289e3083c,busi,0.7356141805648804,1,1,0.847670149675233,0.7356141554749535,16.0,6.639857854460162,0.2944711538461538,0.15841481173288954,,
SAM_edgesam__detstats,busi_9289e3083c,busi,,1,1,,,,,,,0.0,0.0
SAM_efficientvit-t,busi_9289e3083c,busi,0.6820791363716125,1,1,0.8109953068812092,0.6820791470166085,16.0,7.253566516193399,0.16539816582847,0.2934262533804868,,
SAM_efficientvit-t__detstats,busi_9289e3083c,busi,,1,1,,,,,,,0.0,0.0
A_box,busi_6ecd547c0d,busi,0.779627799987793,1,1,0.876169510181618,0.7796278158667973,29.0,10.7314113367956,0.15634837701616225,0.06526681024168461,,
A_box__detstats,busi_6ecd547c0d,busi,,1,1,,,,,,,0.0,0.0
A_otsu,busi_6ecd547c0d,busi,0.7804176211357117,1,1,0.8766680648117942,0.7804176462453326,25.079872407968907,9.845600025150326,0.15485887604137694,0.07456927494615936,,
A_otsu__detstats,busi_6ecd547c0d,busi,,1,1,,,,,,,0.0,0.0
A_otsu_fb,busi_6ecd547c0d,busi,0.7804176211357117,1,1,0.8766680648117942,0.7804176462453326,25.079872407968907,9.845600025150326,0.15485887604137694,0.07456927494615936,,
A_otsu_fb__detstats,busi_6ecd547c0d,busi,,1,1,,,,,,,0.0,0.0
A_select,busi_6ecd547c0d,busi,0.7804176211357117,1,1,0.8766680648117942,0.7804176462453326,25.079872407968907,9.845600025150326,0.15485887604137694,0.07456927494615936,,
A_select__detstats,busi_6ecd547c0d,busi,,1,1,,,,,,,0.0,0.0
B_seg,busi_6ecd547c0d,busi,0.8457425236701965,1,1,0.9164252424738633,0.8457425167102587,25.0,6.735649058442398,0.29334677419354843,0.10026322086623594,,
B_seg__detstats,busi_6ecd547c0d,busi,,1,1,,,,,,,0.0,0.0
SAM_edgesam,busi_6ecd547c0d,busi,0.8195835947990417,1,1,0.9008474334465146,0.819583614557915,19.79898987322333,8.450602724951265,0.1847644494968141,0.09661402249341948,,
SAM_edgesam__detstats,busi_6ecd547c0d,busi,,1,1,,,,,,,0.0,0.0
SAM_efficientvit-t,busi_6ecd547c0d,busi,0.8461390137672424,1,1,0.9166579743402524,0.8461390333140767,16.1245154965971,6.585245569145375,0.22456620930552967,0.007328308207705193,,
SAM_efficientvit-t__detstats,busi_6ecd547c0d,busi,,1,1,,,,,,,0.0,0.0
A_box,busi_074ac11fc4,busi,0.0,1,2,0.0,0.0,,,0.0,,,
A_box__detstats,busi_074ac11fc4,busi,,1,2,,,,,,,1.0,2.0
A_otsu,busi_074ac11fc4,busi,0.0,1,2,0.0,0.0,,,0.0,,,
A_otsu__detstats,busi_074ac11fc4,busi,,1,2,,,,,,,1.0,2.0
A_otsu_fb,busi_074ac11fc4,busi,0.0,1,2,0.0,0.0,,,0.0,,,
A_otsu_fb__detstats,busi_074ac11fc4,busi,,1,2,,,,,,,1.0,2.0
A_select,busi_074ac11fc4,busi,0.0,1,2,0.0,0.0,,,0.0,,,
A_select__detstats,busi_074ac11fc4,busi,,1,2,,,,,,,1.0,2.0
B_seg,busi_074ac11fc4,busi,0.0,1,0,0.0,0.0,,,0.0,,,
B_seg__detstats,busi_074ac11fc4,busi,,1,0,,,,,,,1.0,0.0
SAM_edgesam,busi_074ac11fc4,busi,0.0,1,2,0.0,0.0,,,0.0,,,
SAM_edgesam__detstats,busi_074ac11fc4,busi,,1,2,,,,,,,1.0,2.0
SAM_efficientvit-t,busi_074ac11fc4,busi,0.0,1,2,0.0,0.0,,,0.0,,,
SAM_efficientvit-t__detstats,busi_074ac11fc4,busi,,1,2,,,,,,,1.0,2.0
A_box,busi_a3204ccbe7,busi,0.7408096790313721,1,1,0.8511093117408907,0.7408096526838069,54.56189146281496,15.5153232737124,0.13761872271566325,0.001445647952358348,,
A_box__detstats,busi_a3204ccbe7,busi,,1,1,,,,,,,0.0,0.0
A_otsu,busi_a3204ccbe7,busi,0.7514007687568665,1,1,0.8580569119380367,0.7514007667354763,37.94733192202055,14.776905538568517,0.10754094631483167,0.05031717947611444,,
A_otsu__detstats,busi_a3204ccbe7,busi,,1,1,,,,,,,0.0,0.0
A_otsu_fb,busi_a3204ccbe7,busi,0.7514007687568665,1,1,0.8580569119380367,0.7514007667354763,37.94733192202055,14.776905538568517,0.10754094631483167,0.05031717947611444,,
A_otsu_fb__detstats,busi_a3204ccbe7,busi,,1,1,,,,,,,0.0,0.0
A_select,busi_a3204ccbe7,busi,0.7514007687568665,1,1,0.8580569119380367,0.7514007667354763,37.94733192202055,14.776905538568517,0.10754094631483167,0.05031717947611444,,
A_select__detstats,busi_a3204ccbe7,busi,,1,1,,,,,,,0.0,0.0
B_seg,busi_a3204ccbe7,busi,0.7715036273002625,1,1,0.87101555918141,0.7715035988891618,35.34402308718114,11.604039484258163,0.122179371219643,0.023281405083502352,,
B_seg__detstats,busi_a3204ccbe7,busi,,1,1,,,,,,,0.0,0.0
SAM_edgesam,busi_a3204ccbe7,busi,0.7197099924087524,1,1,0.8370132145875853,0.7197099959229256,41.593268686170845,17.805163132751602,0.10441215991906033,0.09325508134466837,,
SAM_edgesam__detstats,busi_a3204ccbe7,busi,,1,1,,,,,,,0.0,0.0
SAM_efficientvit-t,busi_a3204ccbe7,busi,0.7707475423812866,1,1,0.8705335027676667,0.7707475209763539,45.19513053230001,14.168398853122262,0.13691792762639254,0.003581754628231131,,
SAM_efficientvit-t__detstats,busi_a3204ccbe7,busi,,1,1,,,,,,,0.0,0.0
A_box,busi_e760baac79,busi,0.7991099953651428,1,2,0.888339222614841,0.7991099809281628,20.124228365658293,4.40445539635673,0.41852690087846617,0.050292800551153975,,
A_box__detstats,busi_e760baac79,busi,,1,2,,,,,,,0.0,1.0
A_otsu,busi_e760baac79,busi,0.7660430073738098,1,2,0.8675247351370283,0.7660429874748724,20.007827120545297,5.207501292859245,0.3328228148930552,0.03289700310024113,,
A_otsu__detstats,busi_e760baac79,busi,,1,2,,,,,,,0.0,1.0
A_otsu_fb,busi_e760baac79,busi,0.7660430073738098,1,2,0.8675247351370283,0.7660429874748724,20.007827120545297,5.207501292859245,0.3328228148930552,0.03289700310024113,,
A_otsu_fb__detstats,busi_e760baac79,busi,,1,2,,,,,,,0.0,1.0
A_select,busi_e760baac79,busi,0.7660430073738098,1,2,0.8675247351370283,0.7660429874748724,20.007827120545297,5.207501292859245,0.3328228148930552,0.03289700310024113,,
A_select__detstats,busi_e760baac79,busi,,1,2,,,,,,,0.0,1.0
B_seg,busi_e760baac79,busi,0.7704252004623413,1,3,0.870327868852459,0.7704251922797852,11.0,4.294057416995174,0.3689482470784641,0.10127454357561144,,
B_seg__detstats,busi_e760baac79,busi,,1,3,,,,,,,0.0,2.0
SAM_edgesam,busi_e760baac79,busi,0.8103580474853516,1,2,0.8952461799660442,0.8103580759182419,15.322558270477456,3.9071700572143317,0.3925333333333334,0.028935583878746125,,
SAM_edgesam__detstats,busi_e760baac79,busi,,1,2,,,,,,,0.0,1.0
SAM_efficientvit-t,busi_e760baac79,busi,0.8116775155067444,1,2,0.8960507639642649,0.8116775071849947,11.079105734765182,3.7639191385760213,0.3493485342019544,0.06286600068894248,,
SAM_efficientvit-t__detstats,busi_e760baac79,busi,,1,2,,,,,,,0.0,1.0
A_box,busi_d7a8d6043b,busi,0.6810557842254639,1,1,0.8102714667461838,0.681055756921416,53.881318457076006,17.827190978007742,0.12698787235265466,0.3781638664630155,,
A_box__detstats,busi_d7a8d6043b,busi,,1,1,,,,,,,0.0,0.0
A_otsu,busi_d7a8d6043b,busi,0.6809232234954834,1,1,0.8101776594150267,0.6809232200302314,52.72468858187032,17.828593458697064,0.1478998001771625,0.36578114771983417,,
A_otsu__detstats,busi_d7a8d6043b,busi,,1,1,,,,,,,0.0,0.0
A_otsu_fb,busi_d7a8d6043b,busi,0.6809232234954834,1,1,0.8101776594150267,0.6809232200302314,52.72468858187032,17.828593458697064,0.1478998001771625,0.36578114771983417,,
A_otsu_fb__detstats,busi_d7a8d6043b,busi,,1,1,,,,,,,0.0,0.0
A_select,busi_d7a8d6043b,busi,0.6809232234954834,1,1,0.8101776594150267,0.6809232200302314,52.72468858187032,17.828593458697064,0.1478998001771625,0.36578114771983417,,
A_select__detstats,busi_d7a8d6043b,busi,,1,1,,,,,,,0.0,0.0
B_seg,busi_d7a8d6043b,busi,0.815435528755188,1,1,0.8983359955727168,0.8154355520036534,39.99123077517395,8.469580996991425,0.270864728918547,0.1685304385773511,,
B_seg__detstats,busi_d7a8d6043b,busi,,1,1,,,,,,,0.0,0.0
SAM_edgesam,busi_d7a8d6043b,busi,0.7266775965690613,1,1,0.8417061845485082,0.7266776126404674,42.2965719651132,15.180775970935429,0.14435234553519422,0.20859698887191797,,
SAM_edgesam__detstats,busi_d7a8d6043b,busi,,1,1,,,,,,,0.0,0.0
SAM_efficientvit-t,busi_d7a8d6043b,busi,0.7875369787216187,1,1,0.8811420459026738,0.7875370083180601,36.05551275463989,10.463736001937232,0.2741224143754579,0.07489635609862536,,
SAM_efficientvit-t__detstats,busi_d7a8d6043b,busi,,1,1,,,,,,,0.0,0.0
A_box,busi_bd0084d2eb,busi,0.0,1,0,0.0,0.0,,,0.0,,,
A_box__detstats,busi_bd0084d2eb,busi,,1,0,,,,,,,1.0,0.0
A_otsu,busi_bd0084d2eb,busi,0.0,1,0,0.0,0.0,,,0.0,,,
A_otsu__detstats,busi_bd0084d2eb,busi,,1,0,,,,,,,1.0,0.0
A_otsu_fb,busi_bd0084d2eb,busi,0.0,1,0,0.0,0.0,,,0.0,,,
A_otsu_fb__detstats,busi_bd0084d2eb,busi,,1,0,,,,,,,1.0,0.0
A_select,busi_bd0084d2eb,busi,0.0,1,0,0.0,0.0,,,0.0,,,
A_select__detstats,busi_bd0084d2eb,busi,,1,0,,,,,,,1.0,0.0
B_seg,busi_bd0084d2eb,busi,0.6977204084396362,1,2,0.8219497412466782,0.6977204369162577,22.80350850198276,7.524407023163938,0.20670028458734835,0.24073162729658792,,
B_seg__detstats,busi_bd0084d2eb,busi,,1,2,,,,,,,0.0,1.0
SAM_edgesam,busi_bd0084d2eb,busi,0.0,1,0,0.0,0.0,,,0.0,,,
SAM_edgesam__detstats,busi_bd0084d2eb,busi,,1,0,,,,,,,1.0,0.0
SAM_efficientvit-t,busi_bd0084d2eb,busi,0.0,1,0,0.0,0.0,,,0.0,,,
SAM_efficientvit-t__detstats,busi_bd0084d2eb,busi,,1,0,,,,,,,1.0,0.0
A_box,busi_1b904e1d39,busi,0.6492548584938049,1,1,0.7873311317922546,0.6492548398276972,39.60352640980056,12.49688867802838,0.12941891071067016,0.40522781428261967,,
A_box__detstats,busi_1b904e1d39,busi,,1,1,,,,,,,0.0,0.0
A_otsu,busi_1b904e1d39,busi,0.7221682667732239,1,1,0.838673285198556,0.7221682533514668,23.133671742436388,7.873611140031887,0.16435035097116116,0.07986136183117915,,
A_otsu__detstats,busi_1b904e1d39,busi,,1,1,,,,,,,0.0,0.0
A_otsu_fb,busi_1b904e1d39,busi,0.7221682667732239,1,1,0.838673285198556,0.7221682533514668,23.133671742436388,7.873611140031887,0.16435035097116116,0.07986136183117915,,
A_otsu_fb__detstats,busi_1b904e1d39,busi,,1,1,,,,,,,0.0,0.0
A_select,busi_1b904e1d39,busi,0.7221682667732239,1,1,0.838673285198556,0.7221682533514668,23.133671742436388,7.873611140031887,0.16435035097116116,0.07986136183117915,,
A_select__detstats,busi_1b904e1d39,busi,,1,1,,,,,,,0.0,0.0
B_seg,busi_1b904e1d39,busi,0.770549476146698,1,1,0.870407181789035,0.7705495004541326,21.213203435596427,7.160468522379659,0.2379851478212134,0.2521481695429273,,
B_seg__detstats,busi_1b904e1d39,busi,,1,1,,,,,,,0.0,0.0
SAM_edgesam,busi_1b904e1d39,busi,0.6142556667327881,1,1,0.7610388890428805,0.6142556713946933,32.802438933713454,15.59569173811191,0.056226964943858745,0.6050256336197559,,
SAM_edgesam__detstats,busi_1b904e1d39,busi,,1,1,,,,,,,0.0,0.0
SAM_efficientvit-t,busi_1b904e1d39,busi,0.7365108132362366,1,1,0.8482651796778191,0.7365108397439346,18.973665961010276,8.95121716713902,0.1270048084380332,0.33085421330059933,,
SAM_efficientvit-t__detstats,busi_1b904e1d39,busi,,1,1,,,,,,,0.0,0.0
A_box,busi_0cc200cd76,busi,0.5048094987869263,1,1,0.6709281279354824,0.5048095156007585,74.41102068914255,33.2560833720631,0.09451339360925479,0.8649163111256974,,
A_box__detstats,busi_0cc200cd76,busi,,1,1,,,,,,,0.0,0.0
A_otsu,busi_0cc200cd76,busi,0.5828648805618286,1,1,0.736468261104118,0.5828648687113072,38.94159939584683,17.5383308253039,0.07659243644083634,0.19008861174926156,,
A_otsu__detstats,busi_0cc200cd76,busi,,1,1,,,,,,,0.0,0.0
A_otsu_fb,busi_0cc200cd76,busi,0.5828648805618286,1,1,0.736468261104118,0.5828648687113072,38.94159939584683,17.5383308253039,0.07659243644083634,0.19008861174926156,,
A_otsu_fb__detstats,busi_0cc200cd76,busi,,1,1,,,,,,,0.0,0.0
A_select,busi_0cc200cd76,busi,0.5828648805618286,1,1,0.736468261104118,0.5828648687113072,38.94159939584683,17.5383308253039,0.07659243644083634,0.19008861174926156,,
A_select__detstats,busi_0cc200cd76,busi,,1,1,,,,,,,0.0,0.0
B_seg,busi_0cc200cd76,busi,0.0,1,1,0.0,0.0,,,0.0,,,
B_seg__detstats,busi_0cc200cd76,busi,,1,1,,,,,,,1.0,1.0
SAM_edgesam,busi_0cc200cd76,busi,0.6125342845916748,1,1,0.7597163120567376,0.6125343092406221,48.38388161361178,21.997393916119428,0.08943996894108512,0.5451263537906137,,
SAM_edgesam__detstats,busi_0cc200cd76,busi,,1,1,,,,,,,0.0,0.0
SAM_efficientvit-t,busi_0cc200cd76,busi,0.6561866998672485,1,1,0.7924066801646941,0.6561867038754107,53.150729063673246,17.252181235408017,0.16121310686839302,0.41519527404003936,,
SAM_efficientvit-t__detstats,busi_0cc200cd76,busi,,1,1,,,,,,,0.0,0.0
A_box,busi_bad20acd54,busi,0.7932026386260986,1,1,0.8846770810197182,0.7932026375182546,17.762038374668908,7.820444246237321,0.18202114387024756,0.06434508455144741,,
A_box__detstats,busi_bad20acd54,busi,,1,1,,,,,,,0.0,0.0
A_otsu,busi_bad20acd54,busi,0.832789957523346,1,1,0.9087674714104194,0.8327899394503959,17.051162633521315,5.979953566723536,0.2944487184678301,0.12028279354160695,,
A_otsu__detstats,busi_bad20acd54,busi,,1,1,,,,,,,0.0,0.0
A_otsu_fb,busi_bad20acd54,busi,0.832789957523346,1,1,0.9087674714104194,0.8327899394503959,17.051162633521315,5.979953566723536,0.2944487184678301,0.12028279354160695,,
A_otsu_fb__detstats,busi_bad20acd54,busi,,1,1,,,,,,,0.0,0.0
A_select,busi_bad20acd54,busi,0.832789957523346,1,1,0.9087674714104194,0.8327899394503959,17.051162633521315,5.979953566723536,0.2944487184678301,0.12028279354160695,,
A_select__detstats,busi_bad20acd54,busi,,1,1,,,,,,,0.0,0.0
B_seg,busi_bad20acd54,busi,0.8418232798576355,1,1,0.9141195055289486,0.8418233039301714,17.72004514666935,5.774289536629505,0.2975057944442523,0.09491735931976689,,
B_seg__detstats,busi_bad20acd54,busi,,1,1,,,,,,,0.0,0.0
SAM_edgesam,busi_bad20acd54,busi,0.8370533585548401,1,1,0.9113000048023819,0.8370533745037495,15.028301921616968,6.197547312855861,0.21310211946050098,0.01060475781026082,,
SAM_edgesam__detstats,busi_bad20acd54,busi,,1,1,,,,,,,0.0,0.0
SAM_efficientvit-t,busi_bad20acd54,busi,0.8647074699401855,1,1,0.927445718467919,0.864707487944682,12.649110640673518,4.738450980907133,0.2858261209933458,0.04194133944778829,,
SAM_efficientvit-t__detstats,busi_bad20acd54,busi,,1,1,,,,,,,0.0,0.0
A_box,busi_1cd1fff51b,busi,0.7105096578598022,1,1,0.8307578497451915,0.7105096660808435,22.47220505424423,7.995975171921939,0.22060672031515247,0.05767441860465116,,
A_box__detstats,busi_1cd1fff51b,busi,,1,1,,,,,,,0.0,0.0
A_otsu,busi_1cd1fff51b,busi,0.700171172618866,1,1,0.8236478595304256,0.700171174255392,25.071894713694675,8.677643055935729,0.22221949151501003,0.09987315010570824,,
A_otsu__detstats,busi_1cd1fff51b,busi,,1,1,,,,,,,0.0,0.0
A_otsu_fb,busi_1cd1fff51b,busi,0.700171172618866,1,1,0.8236478595304256,0.700171174255392,25.071894713694675,8.677643055935729,0.22221949151501003,0.09987315010570824,,
A_otsu_fb__detstats,busi_1cd1fff51b,busi,,1,1,,,,,,,0.0,0.0
A_select,busi_1cd1fff51b,busi,0.700171172618866,1,1,0.8236478595304256,0.700171174255392,25.071894713694675,8.677643055935729,0.22221949151501003,0.09987315010570824,,
A_select__detstats,busi_1cd1fff51b,busi,,1,1,,,,,,,0.0,0.0
B_seg,busi_1cd1fff51b,busi,0.7430970668792725,1,1,0.8526169674205928,0.7430970680330202,21.899728313394384,7.063366074045517,0.215425129781765,0.07137420718816068,,
B_seg__detstats,busi_1cd1fff51b,busi,,1,1,,,,,,,0.0,0.0
SAM_edgesam,busi_1cd1fff51b,busi,0.6667079329490662,1,1,0.8000296912114014,0.6667079054806384,26.042258045833456,10.828925874221024,0.16363700740006373,0.27856236786469346,,
SAM_edgesam__detstats,busi_1cd1fff51b,busi,,1,1,,,,,,,0.0,0.0
SAM_efficientvit-t,busi_1cd1fff51b,busi,0.7347699403762817,1,1,0.847109375,0.7347699396896388,24.33413130157972,7.542396681936722,0.24286113072464244,0.1649048625792812,,
SAM_efficientvit-t__detstats,busi_1cd1fff51b,busi,,1,1,,,,,,,0.0,0.0
A_box,busi_daf74cbea5,busi,0.5881413817405701,1,1,0.7406662737893022,0.5881413785509799,123.74245830220687,38.590257779558385,0.08021080068110689,0.6173558003888528,,
A_box__detstats,busi_daf74cbea5,busi,,1,1,,,,,,,0.0,0.0
A_otsu,busi_daf74cbea5,busi,0.6051594614982605,1,1,0.7540178659462444,0.6051594524016776,125.06833773272375,33.68949058207161,0.025030149953352898,0.6292158133506157,,
A_otsu__detstats,busi_daf74cbea5,busi,,1,1,,,,,,,0.0,0.0
A_otsu_fb,busi_daf74cbea5,busi,0.6051594614982605,1,1,0.7540178659462444,0.6051594524016776,125.06833773272375,33.68949058207161,0.025030149953352898,0.6292158133506157,,
A_otsu_fb__detstats,busi_daf74cbea5,busi,,1,1,,,,,,,0.0,0.0
A_select,busi_daf74cbea5,busi,0.6051594614982605,1,1,0.7540178659462444,0.6051594524016776,125.06833773272375,33.68949058207161,0.025030149953352898,0.6292158133506157,,
A_select__detstats,busi_daf74cbea5,busi,,1,1,,,,,,,0.0,0.0
B_seg,busi_daf74cbea5,busi,0.6829996109008789,1,1,0.8116455937379266,0.6829996080806642,140.19268361372298,27.015343206213497,0.2027477295574248,0.44908619572261826,,
B_seg__detstats,busi_daf74cbea5,busi,,1,1,,,,,,,0.0,0.0
SAM_edgesam,busi_daf74cbea5,busi,0.5793228149414062,1,1,0.7336344317131143,0.5793227880520792,138.60008433173638,38.96709283910248,0.07551419410338625,0.677602073882048,,
SAM_edgesam__detstats,busi_daf74cbea5,busi,,1,1,,,,,,,0.0,0.0
SAM_efficientvit-t,busi_daf74cbea5,busi,0.6242154836654663,1,1,0.768636285572853,0.6242154747352099,132.0,32.760878404278856,0.06367608633599016,0.5660920285158781,,
SAM_efficientvit-t__detstats,busi_daf74cbea5,busi,,1,1,,,,,,,0.0,0.0
A_box,busi_d083e06533,busi,0.7356126308441162,1,1,0.8476691369830265,0.7356126301813203,31.324109033042586,9.91490862654999,0.17225340503198963,0.03605803089346918,,
A_box__detstats,busi_d083e06533,busi,,1,1,,,,,,,0.0,0.0
A_otsu,busi_d083e06533,busi,0.7668882608413696,1,1,0.8680665005846764,0.7668882500898311,31.971849788287912,8.115197795672637,0.2496976862924247,0.1530588290530072,,
A_otsu__detstats,busi_d083e06533,busi,,1,1,,,,,,,0.0,0.0
A_otsu_fb,busi_d083e06533,busi,0.7668882608413696,1,1,0.8680665005846764,0.7668882500898311,31.971849788287912,8.115197795672637,0.2496976862924247,0.1530588290530072,,
A_otsu_fb__detstats,busi_d083e06533,busi,,1,1,,,,,,,0.0,0.0
A_select,busi_d083e06533,busi,0.7668882608413696,1,1,0.8680665005846764,0.7668882500898311,31.971849788287912,8.115197795672637,0.2496976862924247,0.1530588290530072,,
A_select__detstats,busi_d083e06533,busi,,1,1,,,,,,,0.0,0.0
B_seg,busi_d083e06533,busi,0.7635979652404785,1,1,0.8659546956563383,0.7635979729729729,29.133290532544194,7.962179579796688,0.23339147194755308,0.039250669045495096,,
B_seg__detstats,busi_d083e06533,busi,,1,1,,,,,,,0.0,0.0
SAM_edgesam,busi_d083e06533,busi,0.7969798445701599,1,1,0.8870214752567693,0.7969798657718121,21.93171219946131,7.236405851121734,0.26280558789289876,0.011362035776327528,,
SAM_edgesam__detstats,busi_d083e06533,busi,,1,1,,,,,,,0.0,0.0
SAM_efficientvit-t,busi_d083e06533,busi,0.8076021671295166,1,1,0.8935618608670604,0.8076021869304868,25.942243542145693,6.445101752750347,0.2696012056846146,0.04413352739565238,,
SAM_efficientvit-t__detstats,busi_d083e06533,busi,,1,1,,,,,,,0.0,0.0
A_box,busi_1f6bafb28c,busi,0.0,1,1,0.0,0.0,,,0.0,,,
A_box__detstats,busi_1f6bafb28c,busi,,1,1,,,,,,,1.0,1.0
A_otsu,busi_1f6bafb28c,busi,0.0,1,1,0.0,0.0,,,0.0,,,
A_otsu__detstats,busi_1f6bafb28c,busi,,1,1,,,,,,,1.0,1.0
A_otsu_fb,busi_1f6bafb28c,busi,0.0,1,1,0.0,0.0,,,0.0,,,
A_otsu_fb__detstats,busi_1f6bafb28c,busi,,1,1,,,,,,,1.0,1.0
A_select,busi_1f6bafb28c,busi,0.0,1,1,0.0,0.0,,,0.0,,,
A_select__detstats,busi_1f6bafb28c,busi,,1,1,,,,,,,1.0,1.0
B_seg,busi_1f6bafb28c,busi,0.7362938523292542,1,2,0.8481212503946953,0.7362938596491229,60.0542253593198,13.545446649619906,0.24752252403249858,0.17822731412683956,,
B_seg__detstats,busi_1f6bafb28c,busi,,1,2,,,,,,,0.0,1.0
SAM_edgesam,busi_1f6bafb28c,busi,0.0,1,1,0.0,0.0,,,0.0,,,
SAM_edgesam__detstats,busi_1f6bafb28c,busi,,1,1,,,,,,,1.0,1.0
SAM_efficientvit-t,busi_1f6bafb28c,busi,0.0,1,1,0.0,0.0,,,0.0,,,
SAM_efficientvit-t__detstats,busi_1f6bafb28c,busi,,1,1,,,,,,,1.0,1.0
A_box,busi_ff6b3c8040,busi,0.6731293201446533,1,1,0.8046351525343564,0.6731293414226677,34.334989772576485,12.39398648405129,0.12571410634691443,0.1869848982897432,,
A_box__detstats,busi_ff6b3c8040,busi,,1,1,,,,,,,0.0,0.0
A_otsu,busi_ff6b3c8040,busi,0.7550540566444397,1,1,0.8604339535123434,0.755054045497716,26.86246410096846,8.655427112774902,0.22260000000000002,0.15130293935496164,,
A_otsu__detstats,busi_ff6b3c8040,busi,,1,1,,,,,,,0.0,0.0
A_otsu_fb,busi_ff6b3c8040,busi,0.7550540566444397,1,1,0.8604339535123434,0.755054045497716,26.86246410096846,8.655427112774902,0.22260000000000002,0.15130293935496164,,
A_otsu_fb__detstats,busi_ff6b3c8040,busi,,1,1,,,,,,,0.0,0.0
A_select,busi_ff6b3c8040,busi,0.7550540566444397,1,1,0.8604339535123434,0.755054045497716,26.86246410096846,8.655427112774902,0.22260000000000002,0.15130293935496164,,
A_select__detstats,busi_ff6b3c8040,busi,,1,1,,,,,,,0.0,0.0
B_seg,busi_ff6b3c8040,busi,0.8193857669830322,1,1,0.9007278996264726,0.81938575473753,22.785806390562843,6.321685454182026,0.3278774294101125,0.010385403268067268,,
B_seg__detstats,busi_ff6b3c8040,busi,,1,1,,,,,,,0.0,0.0
SAM_edgesam,busi_ff6b3c8040,busi,0.7738535404205322,1,1,0.8725112010925558,0.7738535424369927,24.312508134086997,8.505760710998679,0.2236486387748243,0.01167166881044257,,
SAM_edgesam__detstats,busi_ff6b3c8040,busi,,1,1,,,,,,,0.0,0.0
SAM_efficientvit-t,busi_ff6b3c8040,busi,0.8007552623748779,1,1,0.8893549031356102,0.8007552598453516,18.65740175591005,6.994938900701604,0.26325314500110353,0.09175360868943833,,
SAM_efficientvit-t__detstats,busi_ff6b3c8040,busi,,1,1,,,,,,,0.0,0.0
A_box,busi_e0e8a1f5f7,busi,0.8859184980392456,1,1,0.9395087809834056,0.8859184914841849,15.023307464861029,5.4030086772159605,0.28969071396446205,0.030153221581980093,,
A_box__detstats,busi_e0e8a1f5f7,busi,,1,1,,,,,,,0.0,0.0
A_otsu,busi_e0e8a1f5f7,busi,0.8671061396598816,1,1,0.9288236213091704,0.8671061459032173,17.308489999080308,6.309172838634584,0.22310673204122217,0.09566526977475118,,
A_otsu__detstats,busi_e0e8a1f5f7,busi,,1,1,,,,,,,0.0,0.0
A_otsu_fb,busi_e0e8a1f5f7,busi,0.8671061396598816,1,1,0.9288236213091704,0.8671061459032173,17.308489999080308,6.309172838634584,0.22310673204122217,0.09566526977475118,,
A_otsu_fb__detstats,busi_e0e8a1f5f7,busi,,1,1,,,,,,,0.0,0.0
A_select,busi_e0e8a1f5f7,busi,0.8671061396598816,1,1,0.9288236213091704,0.8671061459032173,17.308489999080308,6.309172838634584,0.22310673204122217,0.09566526977475118,,
A_select__detstats,busi_e0e8a1f5f7,busi,,1,1,,,,,,,0.0,0.0
B_seg,busi_e0e8a1f5f7,busi,0.9365153908729553,1,1,0.9672170839184543,0.9365153788447111,7.615773105863909,2.756734745496641,0.48659798661267856,0.028319800942902044,,
B_seg__detstats,busi_e0e8a1f5f7,busi,,1,1,,,,,,,0.0,0.0
SAM_edgesam,busi_e0e8a1f5f7,busi,0.9294819831848145,1,1,0.9634523709960693,0.9294820074229466,7.0,2.8891483668370963,0.4644433330701131,0.04265976951283394,,
SAM_edgesam__detstats,busi_e0e8a1f5f7,busi,,1,1,,,,,,,0.0,0.0
SAM_efficientvit-t,busi_e0e8a1f5f7,busi,0.9074525833129883,1,1,0.951481137088204,0.9074525702340608,14.866068747318506,4.545470108529955,0.3698984977787744,0.028287061288632794,,
SAM_efficientvit-t__detstats,busi_e0e8a1f5f7,busi,,1,1,,,,,,,0.0,0.0
A_box,busi_e77460c93f,busi,0.8122013211250305,1,1,0.8963698740182782,0.8122013461900766,28.21426157373497,10.834003951914264,0.14053614947197401,0.05506244294676326,,
A_box__detstats,busi_e77460c93f,busi,,1,1,,,,,,,0.0,0.0
A_otsu,busi_e77460c93f,busi,0.5647388100624084,1,1,0.7218313946739106,0.5647387924144446,60.78320152788034,22.150832944439443,0.09722282965230701,0.3269174743139045,,
A_otsu__detstats,busi_e77460c93f,busi,,1,1,,,,,,,0.0,0.0
A_otsu_fb,busi_e77460c93f,busi,0.5647388100624084,1,1,0.7218313946739106,0.5647387924144446,60.78320152788034,22.150832944439443,0.09722282965230701,0.3269174743139045,,
A_otsu_fb__detstats,busi_e77460c93f,busi,,1,1,,,,,,,0.0,0.0
A_select,busi_e77460c93f,busi,0.5647388100624084,1,1,0.7218313946739106,0.5647387924144446,60.78320152788034,22.150832944439443,0.09722282965230701,0.3269174743139045,,
A_select__detstats,busi_e77460c93f,busi,,1,1,,,,,,,0.0,0.0
B_seg,busi_e77460c93f,busi,0.8210042715072632,1,1,0.9017049493188966,0.8210042909323025,36.64694917059598,9.93979928188808,0.22402581528382143,0.005302309320799425,,
B_seg__detstats,busi_e77460c93f,busi,,1,1,,,,,,,0.0,0.0
SAM_edgesam,busi_e77460c93f,busi,0.8102207183837891,1,1,0.895162364220899,0.8102207376287063,29.120439557122072,10.617179595466558,0.1612138110843548,0.0419523374832482,,
SAM_edgesam__detstats,busi_e77460c93f,busi,,1,1,,,,,,,0.0,0.0
SAM_efficientvit-t,busi_e77460c93f,busi,0.8272717595100403,1,1,0.9054720432673189,0.8272717363659485,24.020824298928627,9.430644231002367,0.18130719996118805,0.04641948453007555,,
SAM_efficientvit-t__detstats,busi_e77460c93f,busi,,1,1,,,,,,,0.0,0.0
A_box,ddti_98ad2517b3,ddti,0.5757662057876587,1,2,0.7307761732851985,0.575766194979734,31.78049716414141,13.452106158302573,0.2210109758829239,0.49268841394825647,,
A_box__detstats,ddti_98ad2517b3,ddti,,1,2,,,,,,,0.0,1.0
A_otsu,ddti_98ad2517b3,ddti,0.0,1,2,0.0,0.0,,,0.0,,,
A_otsu__detstats,ddti_98ad2517b3,ddti,,1,2,,,,,,,1.0,2.0
A_otsu_fb,ddti_98ad2517b3,ddti,0.0,1,2,0.0,0.0,,,0.0,,,
A_otsu_fb__detstats,ddti_98ad2517b3,ddti,,1,2,,,,,,,1.0,2.0
A_select,ddti_98ad2517b3,ddti,0.5757662057876587,1,2,0.7307761732851985,0.575766194979734,31.78049716414141,13.452106158302573,0.2210109758829239,0.49268841394825647,,
A_select__detstats,ddti_98ad2517b3,ddti,,1,2,,,,,,,0.0,1.0
B_seg,ddti_98ad2517b3,ddti,0.6850607991218567,1,2,0.8130991931656384,0.6850607805502239,29.0,8.940366001080374,0.3942514031033344,0.3700787401574803,,
B_seg__detstats,ddti_98ad2517b3,ddti,,1,2,,,,,,,0.0,1.0
SAM_edgesam,ddti_98ad2517b3,ddti,0.5098280310630798,1,2,0.6753458096013019,0.5098280098280098,31.030625887831924,16.051412368139285,0.03886729594669629,0.48841394825646794,,
SAM_edgesam__detstats,ddti_98ad2517b3,ddti,,1,2,,,,,,,0.0,1.0
SAM_efficientvit-t,ddti_98ad2517b3,ddti,0.5739369988441467,1,2,0.7293011248386502,0.573937019300537,27.467246317827442,12.515510643847925,0.1444991789819376,0.44004499437570305,,
SAM_efficientvit-t__detstats,ddti_98ad2517b3,ddti,,1,2,,,,,,,0.0,1.0
A_box,ddti_56e6cc05a6,ddti,0.7589604258537292,1,1,0.862964751327861,0.7589604212671989,11.0,4.745778129558186,0.3906699044266714,0.13593234323432343,,
A_box__detstats,ddti_56e6cc05a6,ddti,,1,1,,,,,,,0.0,0.0
A_otsu,ddti_56e6cc05a6,ddti,0.7033826112747192,1,1,0.8258656820676579,0.7033826279109298,14.866068747318506,5.1014555114334765,0.4546302705630963,0.06703795379537954,,
A_otsu__detstats,ddti_56e6cc05a6,ddti,,1,1,,,,,,,0.0,0.0
A_otsu_fb,ddti_56e6cc05a6,ddti,0.7033826112747192,1,1,0.8258656820676579,0.7033826279109298,14.866068747318506,5.1014555114334765,0.4546302705630963,0.06703795379537954,,
A_otsu_fb__detstats,ddti_56e6cc05a6,ddti,,1,1,,,,,,,0.0,0.0
A_select,ddti_56e6cc05a6,ddti,0.7033826112747192,1,1,0.8258656820676579,0.7033826279109298,14.866068747318506,5.1014555114334765,0.4546302705630963,0.06703795379537954,,
A_select__detstats,ddti_56e6cc05a6,ddti,,1,1,,,,,,,0.0,0.0
B_seg,ddti_56e6cc05a6,ddti,0.7195020914077759,1,1,0.8368725868725869,0.7195020746887967,14.560219778561036,5.718330178899584,0.36774048882577176,0.13696369636963696,,
B_seg__detstats,ddti_56e6cc05a6,ddti,,1,1,,,,,,,0.0,0.0
SAM_edgesam,ddti_56e6cc05a6,ddti,0.7910580635070801,1,1,0.8833416210840378,0.791058069112932,9.203128525377336,3.9303863009117697,0.38173679498657115,0.07405115511551155,,
SAM_edgesam__detstats,ddti_56e6cc05a6,ddti,,1,1,,,,,,,0.0,0.0
SAM_efficientvit-t,ddti_56e6cc05a6,ddti,0.7700729966163635,1,1,0.8701030927835052,0.7700729927007299,11.0,4.297095360512564,0.382894082545997,0.10086633663366337,,
SAM_efficientvit-t__detstats,ddti_56e6cc05a6,ddti,,1,1,,,,,,,0.0,0.0
A_box,ddti_c835c6acf9,ddti,0.647186815738678,1,2,0.785808620482651,0.6471867892811233,36.804544985070656,13.635154464207217,0.06332464327648313,0.4240395809080326,,
A_box__detstats,ddti_c835c6acf9,ddti,,1,2,,,,,,,0.0,1.0
A_otsu,ddti_c835c6acf9,ddti,0.0,1,2,0.0,0.0,,,0.0,,,
A_otsu__detstats,ddti_c835c6acf9,ddti,,1,2,,,,,,,1.0,2.0
A_otsu_fb,ddti_c835c6acf9,ddti,0.0,1,2,0.0,0.0,,,0.0,,,
A_otsu_fb__detstats,ddti_c835c6acf9,ddti,,1,2,,,,,,,1.0,2.0
A_select,ddti_c835c6acf9,ddti,0.0,1,2,0.0,0.0,,,0.0,,,
A_select__detstats,ddti_c835c6acf9,ddti,,1,2,,,,,,,1.0,2.0
B_seg,ddti_c835c6acf9,ddti,0.7242427468299866,1,1,0.8400705283092798,0.7242427654543407,27.85677655436824,9.780359440994165,0.2905038353034436,0.22831781140861468,,
B_seg__detstats,ddti_c835c6acf9,ddti,,1,1,,,,,,,0.0,0.0
SAM_edgesam,ddti_c835c6acf9,ddti,0.7233709692955017,1,2,0.8394837538102341,0.7233709623337432,28.178005607210743,9.702882112555022,0.32696930565213067,0.24374272409778813,,
SAM_edgesam__detstats,ddti_c835c6acf9,ddti,,1,2,,,,,,,0.0,1.0
SAM_efficientvit-t,ddti_c835c6acf9,ddti,0.7193291783332825,1,2,0.8367556128690937,0.7193291642978965,25.612496949731394,9.483707813281299,0.26257043390876794,0.2004511059371362,,
SAM_efficientvit-t__detstats,ddti_c835c6acf9,ddti,,1,2,,,,,,,0.0,1.0
A_box,ddti_d02b6359c9,ddti,0.859717607498169,1,1,0.9245679012345679,0.8597175984387556,8.54400374531753,3.3167807296044716,0.4038595629104769,0.014173815740395375,,
A_box__detstats,ddti_d02b6359c9,ddti,,1,1,,,,,,,0.0,0.0
A_otsu,ddti_d02b6359c9,ddti,0.8966689109802246,1,1,0.9455197132616487,0.8966689326988443,6.4031242374328485,2.3949709978033686,0.5714285714285715,0.08131294293174189,,
A_otsu__detstats,ddti_d02b6359c9,ddti,,1,1,,,,,,,0.0,0.0
A_otsu_fb,ddti_d02b6359c9,ddti,0.8966689109802246,1,1,0.9455197132616487,0.8966689326988443,6.4031242374328485,2.3949709978033686,0.5714285714285715,0.08131294293174189,,
A_otsu_fb__detstats,ddti_d02b6359c9,ddti,,1,1,,,,,,,0.0,0.0
A_select,ddti_d02b6359c9,ddti,0.8966689109802246,1,1,0.9455197132616487,0.8966689326988443,6.4031242374328485,2.3949709978033686,0.5714285714285715,0.08131294293174189,,
A_select__detstats,ddti_d02b6359c9,ddti,,1,1,,,,,,,0.0,0.0
B_seg,ddti_d02b6359c9,ddti,0.9225569367408752,1,1,0.9597187095182284,0.922556925996205,5.830951894845301,1.6902486125620082,0.7136776886808953,0.015541464627626508,,
B_seg__detstats,ddti_d02b6359c9,ddti,,1,1,,,,,,,0.0,0.0
SAM_edgesam,ddti_d02b6359c9,ddti,0.88758784532547,1,1,0.9404466501240695,0.8875878220140515,7.0710678118654755,2.576066323181012,0.5487491820607037,0.00422727837871441,,
SAM_edgesam__detstats,ddti_d02b6359c9,ddti,,1,1,,,,,,,0.0,0.0
SAM_efficientvit-t,ddti_d02b6359c9,ddti,0.8781182169914246,1,1,0.9351043182920912,0.8781182367012188,9.0,2.8494228893766733,0.5253962264150942,0.04998135024244685,,
SAM_efficientvit-t__detstats,ddti_d02b6359c9,ddti,,1,1,,,,,,,0.0,0.0
A_box,ddti_c066535241,ddti,0.749210774898529,1,1,0.8566272168812689,0.7492107819329772,18.592975921580656,9.19135002641126,0.19398046290592275,0.11272679635815812,,
A_box__detstats,ddti_c066535241,ddti,,1,1,,,,,,,0.0,0.0
A_otsu,ddti_c066535241,ddti,0.0,1,1,0.0,0.0,,,0.0,,,
A_otsu__detstats,ddti_c066535241,ddti,,1,1,,,,,,,1.0,1.0
A_otsu_fb,ddti_c066535241,ddti,0.0,1,1,0.0,0.0,,,0.0,,,
A_otsu_fb__detstats,ddti_c066535241,ddti,,1,1,,,,,,,1.0,1.0
A_select,ddti_c066535241,ddti,0.749210774898529,1,1,0.8566272168812689,0.7492107819329772,18.592975921580656,9.19135002641126,0.19398046290592275,0.11272679635815812,,
A_select__detstats,ddti_c066535241,ddti,,1,1,,,,,,,0.0,0.0
B_seg,ddti_c066535241,ddti,0.7556883692741394,1,1,0.8608456891817683,0.7556883918241419,21.93171219946131,8.772835593179028,0.2057922635314833,0.2108469247396345,,
B_seg__detstats,ddti_c066535241,ddti,,1,1,,,,,,,0.0,0.0
SAM_edgesam,ddti_c066535241,ddti,0.7270346283912659,1,1,0.8419456344542594,0.7270346362862568,23.021728866442675,9.515101076345129,0.10754348049809612,0.2722866312962599,,
SAM_edgesam__detstats,ddti_c066535241,ddti,,1,1,,,,,,,0.0,0.0
SAM_efficientvit-t,ddti_c066535241,ddti,0.7344672679901123,1,1,0.8469081893202087,0.7344672657252889,24.0,9.00201065669619,0.10690108399168986,0.22997314469116395,,
SAM_efficientvit-t__detstats,ddti_c066535241,ddti,,1,1,,,,,,,0.0,0.0
A_box,ddti_d9658bd3e1,ddti,0.5993607640266418,1,1,0.7495004114258845,0.5993607821018988,18.027756377319946,7.64530946572805,0.09569377990430623,0.004949328305444261,,
A_box__detstats,ddti_d9658bd3e1,ddti,,1,1,,,,,,,0.0,0.0
A_otsu,ddti_d9658bd3e1,ddti,0.0,1,1,0.0,0.0,,,0.0,,,
A_otsu__detstats,ddti_d9658bd3e1,ddti,,1,1,,,,,,,1.0,1.0
A_otsu_fb,ddti_d9658bd3e1,ddti,0.0,1,1,0.0,0.0,,,0.0,,,
A_otsu_fb__detstats,ddti_d9658bd3e1,ddti,,1,1,,,,,,,1.0,1.0
A_select,ddti_d9658bd3e1,ddti,0.0,1,1,0.0,0.0,,,0.0,,,
A_select__detstats,ddti_d9658bd3e1,ddti,,1,1,,,,,,,1.0,1.0
B_seg,ddti_d9658bd3e1,ddti,0.5579463243484497,1,1,0.7162587412587412,0.557946343456353,31.0,9.638561229927479,0.16975401069518714,0.6962055149658261,,
B_seg__detstats,ddti_d9658bd3e1,ddti,,1,1,,,,,,,0.0,0.0
SAM_edgesam,ddti_d9658bd3e1,ddti,0.6878158450126648,1,1,0.8150365934797072,0.6878158338012352,12.774917909462562,6.25652527881984,0.19548522224808004,0.12538298373792128,,
SAM_edgesam__detstats,ddti_d9658bd3e1,ddti,,1,1,,,,,,,0.0,0.0
SAM_efficientvit-t,ddti_d9658bd3e1,ddti,0.7340301871299744,1,1,0.8466175485599464,0.7340301974448316,9.433981132056603,5.011939171705061,0.30917214844234825,0.11124204572236625,,
SAM_efficientvit-t__detstats,ddti_d9658bd3e1,ddti,,1,1,,,,,,,0.0,0.0
A_box,ddti_b8dcef923d,ddti,0.8572185635566711,1,2,0.9231208217837926,0.857218563100916,15.0,3.664561966604281,0.5702870905492575,0.020258585193115373,,
A_box__detstats,ddti_b8dcef923d,ddti,,1,2,,,,,,,0.0,1.0
A_otsu,ddti_b8dcef923d,ddti,0.5653855204582214,1,2,0.7223594506471692,0.5653855076946872,43.57464604448377,9.953344185493462,0.24740504350973008,0.3330313761014576,,
A_otsu__detstats,ddti_b8dcef923d,ddti,,1,2,,,,,,,0.0,1.0
A_otsu_fb,ddti_b8dcef923d,ddti,0.5653855204582214,1,2,0.7223594506471692,0.5653855076946872,43.57464604448377,9.953344185493462,0.24740504350973008,0.3330313761014576,,
A_otsu_fb__detstats,ddti_b8dcef923d,ddti,,1,2,,,,,,,0.0,1.0
A_select,ddti_b8dcef923d,ddti,0.8572185635566711,1,2,0.9231208217837926,0.857218563100916,15.0,3.664561966604281,0.5702870905492575,0.020258585193115373,,
A_select__detstats,ddti_b8dcef923d,ddti,,1,2,,,,,,,0.0,1.0
B_seg,ddti_b8dcef923d,ddti,0.5796148180961609,1,1,0.7338685398896136,0.579614805421257,53.0,11.854454051058555,0.21912720519962858,0.35872519146833565,,
B_seg__detstats,ddti_b8dcef923d,ddti,,1,1,,,,,,,0.0,0.0
SAM_edgesam,ddti_b8dcef923d,ddti,0.8340947031974792,1,2,0.9095437653198387,0.8340946994416648,11.011340254296815,4.329872196794174,0.3223684210526315,0.0830107881083752,,
SAM_edgesam__detstats,ddti_b8dcef923d,ddti,,1,2,,,,,,,0.0,1.0
SAM_efficientvit-t,ddti_b8dcef923d,ddti,0.8244785666465759,1,2,0.9037963928474877,0.824478579481398,11.180339887498949,4.560535964721279,0.3285654185948675,0.13233961953388784,,
SAM_efficientvit-t__detstats,ddti_b8dcef923d,ddti,,1,2,,,,,,,0.0,1.0
A_box,ddti_22ffb08a0b,ddti,0.7325760126113892,1,2,0.8456494772284247,0.7325759901750076,20.711427124416407,6.556278965533785,0.2550123863159068,0.13776992044450057,,
A_box__detstats,ddti_22ffb08a0b,ddti,,1,2,,,,,,,0.0,1.0
A_otsu,ddti_22ffb08a0b,ddti,0.7408533096313477,1,2,0.8511381428399374,0.7408533389244155,19.733171719408773,6.285015559612271,0.2771637743184562,0.0969819421644147,,
A_otsu__detstats,ddti_22ffb08a0b,ddti,,1,2,,,,,,,0.0,1.0
A_otsu_fb,ddti_22ffb08a0b,ddti,0.7408533096313477,1,2,0.8511381428399374,0.7408533389244155,19.733171719408773,6.285015559612271,0.2771637743184562,0.0969819421644147,,
A_otsu_fb__detstats,ddti_22ffb08a0b,ddti,,1,2,,,,,,,0.0,1.0
A_select,ddti_22ffb08a0b,ddti,0.7408533096313477,1,2,0.8511381428399374,0.7408533389244155,19.733171719408773,6.285015559612271,0.2771637743184562,0.0969819421644147,,
A_select__detstats,ddti_22ffb08a0b,ddti,,1,2,,,,,,,0.0,1.0
B_seg,ddti_22ffb08a0b,ddti,0.7446768283843994,1,2,0.8536558906487307,0.7446768240749503,24.041630560342615,6.710018702567348,0.3167550855018081,0.3280717262280591,,
B_seg__detstats,ddti_22ffb08a0b,ddti,,1,2,,,,,,,0.0,1.0
SAM_edgesam,ddti_22ffb08a0b,ddti,0.7316312789916992,1,2,0.8450196961170512,0.7316312609627753,28.49552757852286,7.012056544157957,0.3489191729323308,0.24397019825735572,,
SAM_edgesam__detstats,ddti_22ffb08a0b,ddti,,1,2,,,,,,,0.0,1.0
SAM_efficientvit-t,ddti_22ffb08a0b,ddti,0.800021231174469,1,2,0.888902000118001,0.8000212404418012,16.749523008651714,5.037833777416148,0.4256619144602852,0.1402954918550322,,
SAM_efficientvit-t__detstats,ddti_22ffb08a0b,ddti,,1,2,,,,,,,0.0,1.0
A_box,ddti_a517b62f3e,ddti,0.8729636669158936,1,1,0.9321736221460233,0.8729636591478697,15.264337522473747,4.464197086905157,0.4555256782300791,0.06270252754374595,,
A_box__detstats,ddti_a517b62f3e,ddti,,1,1,,,,,,,0.0,0.0
A_otsu,ddti_a517b62f3e,ddti,0.5874063372612,1,1,0.7400831255195345,0.5874063126781379,39.6232255123179,11.71894964411972,0.10558905930955885,0.3757290991574854,,
A_otsu__detstats,ddti_a517b62f3e,ddti,,1,1,,,,,,,0.0,0.0
A_otsu_fb,ddti_a517b62f3e,ddti,0.5874063372612,1,1,0.7400831255195345,0.5874063126781379,39.6232255123179,11.71894964411972,0.10558905930955885,0.3757290991574854,,
A_otsu_fb__detstats,ddti_a517b62f3e,ddti,,1,1,,,,,,,0.0,0.0
A_select,ddti_a517b62f3e,ddti,0.8729636669158936,1,1,0.9321736221460233,0.8729636591478697,15.264337522473747,4.464197086905157,0.4555256782300791,0.06270252754374595,,
A_select__detstats,ddti_a517b62f3e,ddti,,1,1,,,,,,,0.0,0.0
B_seg,ddti_a517b62f3e,ddti,0.8955332636833191,1,1,0.9448879378926288,0.8955332536009568,7.211102550927978,3.474055357016062,0.31030743414387035,0.031270252754374596,,
B_seg__detstats,ddti_a517b62f3e,ddti,,1,1,,,,,,,0.0,0.0
SAM_edgesam,ddti_a517b62f3e,ddti,0.8626689314842224,1,1,0.9262718932443703,0.8626689451607892,14.0,4.660783956235738,0.3542578072147878,0.057355800388852886,,
SAM_edgesam__detstats,ddti_a517b62f3e,ddti,,1,1,,,,,,,0.0,0.0
SAM_efficientvit-t,ddti_a517b62f3e,ddti,0.8369426131248474,1,1,0.9112343580167777,0.8369426099421492,19.46256681203579,5.417915932156453,0.30611131792878354,0.06216245409375675,,
SAM_efficientvit-t__detstats,ddti_a517b62f3e,ddti,,1,1,,,,,,,0.0,0.0
A_box,ddti_1b0bfd8a9f,ddti,0.748129665851593,1,1,0.8559201141226819,0.7481296758104738,14.662037672720144,5.812124304265165,0.26548672566371684,0.13119124456292972,,
A_box__detstats,ddti_1b0bfd8a9f,ddti,,1,1,,,,,,,0.0,0.0
A_otsu,ddti_1b0bfd8a9f,ddti,0.7113268375396729,1,1,0.8313161875945537,0.7113268608414239,14.785072197650415,6.669513378876626,0.2533154522425868,0.14508208222253402,,
A_otsu__detstats,ddti_1b0bfd8a9f,ddti,,1,1,,,,,,,0.0,0.0
A_otsu_fb,ddti_1b0bfd8a9f,ddti,0.7113268375396729,1,1,0.8313161875945537,0.7113268608414239,14.785072197650415,6.669513378876626,0.2533154522425868,0.14508208222253402,,
A_otsu_fb__detstats,ddti_1b0bfd8a9f,ddti,,1,1,,,,,,,0.0,0.0
A_select,ddti_1b0bfd8a9f,ddti,0.7113268375396729,1,1,0.8313161875945537,0.7113268608414239,14.785072197650415,6.669513378876626,0.2533154522425868,0.14508208222253402,,
A_select__detstats,ddti_1b0bfd8a9f,ddti,,1,1,,,,,,,0.0,0.0
B_seg,ddti_1b0bfd8a9f,ddti,0.6982734799385071,1,1,0.8223333871228014,0.6982734995889285,20.785789574845438,6.7317486534933835,0.31062335381913964,0.26097937421074785,,
B_seg__detstats,ddti_1b0bfd8a9f,ddti,,1,1,,,,,,,0.0,0.0
SAM_edgesam,ddti_1b0bfd8a9f,ddti,0.6399785876274109,1,1,0.7804718752551228,0.639978578122908,18.677518369542845,8.326068683146444,0.27685930020233923,0.2813245404798653,,
SAM_edgesam__detstats,ddti_1b0bfd8a9f,ddti,,1,1,,,,,,,0.0,0.0
SAM_efficientvit-t,ddti_1b0bfd8a9f,ddti,0.6973901391029358,1,1,0.8217204823177147,0.6973901098901099,17.955417527999316,6.791568501478693,0.2930800542740841,0.2661708993966606,,
SAM_efficientvit-t__detstats,ddti_1b0bfd8a9f,ddti,,1,1,,,,,,,0.0,0.0
A_box,ddti_cfa286754f,ddti,0.8248686790466309,1,1,0.9040307101727447,0.8248686514886164,5.0,1.8056899275263416,0.6737691129849684,0.10430563978168587,,
A_box__detstats,ddti_cfa286754f,ddti,,1,1,,,,,,,0.0,0.0
A_otsu,ddti_cfa286754f,ddti,0.7428571581840515,1,1,0.8524590163934426,0.7428571428571429,5.385164807134504,2.6180580420385846,0.420023282887078,0.15039417828987264,,
A_otsu__detstats,ddti_cfa286754f,ddti,,1,1,,,,,,,0.0,0.0
A_otsu_fb,ddti_cfa286754f,ddti,0.7428571581840515,1,1,0.8524590163934426,0.7428571428571429,5.385164807134504,2.6180580420385846,0.420023282887078,0.15039417828987264,,
A_otsu_fb__detstats,ddti_cfa286754f,ddti,,1,1,,,,,,,0.0,0.0
A_select,ddti_cfa286754f,ddti,0.7428571581840515,1,1,0.8524590163934426,0.7428571428571429,5.385164807134504,2.6180580420385846,0.420023282887078,0.15039417828987264,,
A_select__detstats,ddti_cfa286754f,ddti,,1,1,,,,,,,0.0,0.0
B_seg,ddti_cfa286754f,ddti,0.88285231590271,1,1,0.9377817853922452,0.8828522920203735,3.0,1.2093132473767798,0.8458244111349036,0.01758641600970285,,
B_seg__detstats,ddti_cfa286754f,ddti,,1,1,,,,,,,0.0,0.0
SAM_edgesam,ddti_cfa286754f,ddti,0.8682170510292053,1,1,0.9294605809128631,0.8682170542635659,3.3839144678161843,1.3273348291912954,0.7781749764816557,0.10006064281382657,,
SAM_edgesam__detstats,ddti_cfa286754f,ddti,,1,1,,,,,,,0.0,0.0
SAM_efficientvit-t,ddti_cfa286754f,ddti,0.8736591339111328,1,1,0.9325699745547074,0.8736591179976162,3.605551275463989,1.2799768372185014,0.778286255325864,0.09338993329290479,,
SAM_efficientvit-t__detstats,ddti_cfa286754f,ddti,,1,1,,,,,,,0.0,0.0
A_box,ddti_9a98bb878f,ddti,0.8238658905029297,1,2,0.9034281388558452,0.8238658777120316,8.602325267042627,3.958053714473449,0.2872517444981213,0.011529258211877311,,
A_box__detstats,ddti_9a98bb878f,ddti,,1,2,,,,,,,0.0,1.0
A_otsu,ddti_9a98bb878f,ddti,0.824588418006897,1,2,0.9038623891937526,0.8245884278424954,11.180339887498949,3.903270454484556,0.38620980862135346,0.06134435501413966,,
A_otsu__detstats,ddti_9a98bb878f,ddti,,1,2,,,,,,,0.0,1.0
A_otsu_fb,ddti_9a98bb878f,ddti,0.824588418006897,1,2,0.9038623891937526,0.8245884278424954,11.180339887498949,3.903270454484556,0.38620980862135346,0.06134435501413966,,
A_otsu_fb__detstats,ddti_9a98bb878f,ddti,,1,2,,,,,,,0.0,1.0
A_select,ddti_9a98bb878f,ddti,0.824588418006897,1,2,0.9038623891937526,0.8245884278424954,11.180339887498949,3.903270454484556,0.38620980862135346,0.06134435501413966,,
A_select__detstats,ddti_9a98bb878f,ddti,,1,2,,,,,,,0.0,1.0
B_seg,ddti_9a98bb878f,ddti,0.8499549031257629,1,1,0.9188925610879342,0.8499548962614012,10.0,3.22560148456282,0.47676009289600096,0.007504894496410702,,
B_seg__detstats,ddti_9a98bb878f,ddti,,1,1,,,,,,,0.0,0.0
SAM_edgesam,ddti_9a98bb878f,ddti,0.858771562576294,1,2,0.924020555893242,0.858771569433032,9.211336491335121,2.9910220555834464,0.519348027704876,0.03165107678921036,,
SAM_edgesam__detstats,ddti_9a98bb878f,ddti,,1,2,,,,,,,0.0,1.0
SAM_efficientvit-t,ddti_9a98bb878f,ddti,0.830910325050354,1,2,0.9076472155608847,0.8309103327153868,10.44030650891055,3.7471739237490382,0.4514904894074108,0.04100500326299761,,
SAM_efficientvit-t__detstats,ddti_9a98bb878f,ddti,,1,2,,,,,,,0.0,1.0
A_box,ddti_ade13232ad,ddti,0.8695073127746582,1,1,0.9301994301994302,0.8695073235685752,3.0,1.2148906029328956,0.8433734939759037,0.10141987829614604,,
A_box__detstats,ddti_ade13232ad,ddti,,1,1,,,,,,,0.0,0.0
A_otsu,ddti_ade13232ad,ddti,0.8905109763145447,1,1,0.9420849420849421,0.8905109489051095,3.0,0.9897188837679493,0.8538011695906432,0.07369844489519946,,
A_otsu__detstats,ddti_ade13232ad,ddti,,1,1,,,,,,,0.0,0.0
A_otsu_fb,ddti_ade13232ad,ddti,0.8905109763145447,1,1,0.9420849420849421,0.8905109489051095,3.0,0.9897188837679493,0.8538011695906432,0.07369844489519946,,
A_otsu_fb__detstats,ddti_ade13232ad,ddti,,1,1,,,,,,,0.0,0.0
A_select,ddti_ade13232ad,ddti,0.8905109763145447,1,1,0.9420849420849421,0.8905109489051095,3.0,0.9897188837679493,0.8538011695906432,0.07369844489519946,,
A_select__detstats,ddti_ade13232ad,ddti,,1,1,,,,,,,0.0,0.0
B_seg,ddti_ade13232ad,ddti,0.859455943107605,1,1,0.9244165795889934,0.8594559585492227,3.0,1.3380859378380379,0.8016686315407636,0.058823529411764705,,
B_seg__detstats,ddti_ade13232ad,ddti,,1,1,,,,,,,0.0,0.0
SAM_edgesam,ddti_ade13232ad,ddti,0.8679245114326477,1,1,0.9292929292929293,0.8679245283018868,4.0,1.2222243567927302,0.795641447368421,0.1257606490872211,,
SAM_edgesam__detstats,ddti_ade13232ad,ddti,,1,1,,,,,,,0.0,0.0
SAM_efficientvit-t,ddti_ade13232ad,ddti,0.8658125400543213,1,1,0.9280809541019154,0.8658125421443021,4.0,1.2534047398060106,0.7421144859813085,0.12914131169709264,,
SAM_efficientvit-t__detstats,ddti_ade13232ad,ddti,,1,1,,,,,,,0.0,0.0
A_box,ddti_7c4903c6a3,ddti,0.5331875681877136,1,1,0.6955281483345919,0.5331875482377154,33.81838972182316,12.19417761233969,0.12353731056972951,0.43767204089657885,,
A_box__detstats,ddti_7c4903c6a3,ddti,,1,1,,,,,,,0.0,0.0
A_otsu,ddti_7c4903c6a3,ddti,0.5755889415740967,1,1,0.7306333689312413,0.575588920528087,33.60059523282288,10.655694394394557,0.20768984982426242,0.40437803119674925,,
A_otsu__detstats,ddti_7c4903c6a3,ddti,,1,1,,,,,,,0.0,0.0
A_otsu_fb,ddti_7c4903c6a3,ddti,0.5755889415740967,1,1,0.7306333689312413,0.575588920528087,33.60059523282288,10.655694394394557,0.20768984982426242,0.40437803119674925,,
A_otsu_fb__detstats,ddti_7c4903c6a3,ddti,,1,1,,,,,,,0.0,0.0
A_select,ddti_7c4903c6a3,ddti,0.5331875681877136,1,1,0.6955281483345919,0.5331875482377154,33.81838972182316,12.19417761233969,0.12353731056972951,0.43767204089657885,,
A_select__detstats,ddti_7c4903c6a3,ddti,,1,1,,,,,,,0.0,0.0
B_seg,ddti_7c4903c6a3,ddti,0.0,1,1,0.0,0.0,,,0.0,,,
B_seg__detstats,ddti_7c4903c6a3,ddti,,1,1,,,,,,,1.0,1.0
SAM_edgesam,ddti_7c4903c6a3,ddti,0.5654429793357849,1,1,0.7224063639376864,0.5654429887144895,33.61245790275059,11.059249422856777,0.18611111111111112,0.41814130292305673,,
SAM_edgesam__detstats,ddti_7c4903c6a3,ddti,,1,1,,,,,,,0.0,0.0
SAM_efficientvit-t,ddti_7c4903c6a3,ddti,0.5597345232963562,1,1,0.7177304964539007,0.5597345132743363,35.22782990761707,11.01960119918118,0.2338242434050817,0.429020841525757,,
SAM_efficientvit-t__detstats,ddti_7c4903c6a3,ddti,,1,1,,,,,,,0.0,0.0
A_box,ddti_8c5641ea57,ddti,0.7542556524276733,1,1,0.8599153334432899,0.754255678256257,20.518284528683193,9.509349032874532,0.1276811349434217,0.07341122827016244,,
A_box__detstats,ddti_8c5641ea57,ddti,,1,1,,,,,,,0.0,0.0
A_otsu,ddti_8c5641ea57,ddti,0.7660950422286987,1,1,0.8675581296312069,0.7660950661853189,21.470910553583888,8.768735979861617,0.16737594875619707,0.007580507267027643,,
A_otsu__detstats,ddti_8c5641ea57,ddti,,1,1,,,,,,,0.0,0.0
A_otsu_fb,ddti_8c5641ea57,ddti,0.7660950422286987,1,1,0.8675581296312069,0.7660950661853189,21.470910553583888,8.768735979861617,0.16737594875619707,0.007580507267027643,,
A_otsu_fb__detstats,ddti_8c5641ea57,ddti,,1,1,,,,,,,0.0,0.0
A_select,ddti_8c5641ea57,ddti,0.7542556524276733,1,1,0.8599153334432899,0.754255678256257,20.518284528683193,9.509349032874532,0.1276811349434217,0.07341122827016244,,
A_select__detstats,ddti_8c5641ea57,ddti,,1,1,,,,,,,0.0,0.0
B_seg,ddti_8c5641ea57,ddti,0.8727788329124451,1,1,0.9320682228301996,0.8727788073694538,15.0,4.157805442037484,0.43393326074425154,0.041721288116272445,,
B_seg__detstats,ddti_8c5641ea57,ddti,,1,1,,,,,,,0.0,0.0
SAM_edgesam,ddti_8c5641ea57,ddti,0.7938411235809326,1,1,0.8850740772216085,0.7938411504649626,18.852028656901748,7.549842930450982,0.2588252373887913,0.012026218295810772,,
SAM_edgesam__detstats,ddti_8c5641ea57,ddti,,1,1,,,,,,,0.0,0.0
SAM_efficientvit-t,ddti_8c5641ea57,ddti,0.7814552783966064,1,1,0.8773223656218976,0.781455280444669,20.837436435139317,8.31263131961795,0.19536871484017268,0.009404388714733543,,
SAM_efficientvit-t__detstats,ddti_8c5641ea57,ddti,,1,1,,,,,,,0.0,0.0
A_box,ddti_54dd2b4e84,ddti,0.7383296489715576,1,1,0.8494702472179649,0.7383296652380401,13.45362404707371,6.556619365139429,0.1652029249042442,0.2529685681024447,,
A_box__detstats,ddti_54dd2b4e84,ddti,,1,1,,,,,,,0.0,0.0
A_otsu,ddti_54dd2b4e84,ddti,0.6146133542060852,1,1,0.7613133476088508,0.6146133456263686,22.80350850198276,9.524667392809139,0.13839285714285715,0.3690337601862631,,
A_otsu__detstats,ddti_54dd2b4e84,ddti,,1,1,,,,,,,0.0,0.0
A_otsu_fb,ddti_54dd2b4e84,ddti,0.6146133542060852,1,1,0.7613133476088508,0.6146133456263686,22.80350850198276,9.524667392809139,0.13839285714285715,0.3690337601862631,,
A_otsu_fb__detstats,ddti_54dd2b4e84,ddti,,1,1,,,,,,,0.0,0.0
A_select,ddti_54dd2b4e84,ddti,0.7383296489715576,1,1,0.8494702472179649,0.7383296652380401,13.45362404707371,6.556619365139429,0.1652029249042442,0.2529685681024447,,
A_select__detstats,ddti_54dd2b4e84,ddti,,1,1,,,,,,,0.0,0.0
B_seg,ddti_54dd2b4e84,ddti,0.7747758030891418,1,1,0.8730971043596554,0.7747758105311566,14.0,5.545107541980053,0.35062439961575403,0.2029103608847497,,
B_seg__detstats,ddti_54dd2b4e84,ddti,,1,1,,,,,,,0.0,0.0
SAM_edgesam,ddti_54dd2b4e84,ddti,0.7307780981063843,1,1,0.8444503735325507,0.730778111290695,15.716040825835872,6.810283386806432,0.2789836436580599,0.25471478463329456,,
SAM_edgesam__detstats,ddti_54dd2b4e84,ddti,,1,1,,,,,,,0.0,0.0
SAM_efficientvit-t,ddti_54dd2b4e84,ddti,0.7444979548454285,1,1,0.853538340232604,0.7444979367262724,13.0,6.36821851141227,0.24914679854865943,0.22828870779976718,,
SAM_efficientvit-t__detstats,ddti_54dd2b4e84,ddti,,1,1,,,,,,,0.0,0.0
A_box,ddti_6410446b09,ddti,0.8695945143699646,1,1,0.9302493349564904,0.8695945376380342,10.295630140987,3.670379339532395,0.38924558587479935,0.0949149630647655,,
A_box__detstats,ddti_6410446b09,ddti,,1,1,,,,,,,0.0,0.0
A_otsu,ddti_6410446b09,ddti,0.830841600894928,1,1,0.9076062024038902,0.8308415924743827,14.012484096666366,4.743621622633777,0.31473023653039245,0.12764129874591995,,
A_otsu__detstats,ddti_6410446b09,ddti,,1,1,,,,,,,0.0,0.0
A_otsu_fb,ddti_6410446b09,ddti,0.830841600894928,1,1,0.9076062024038902,0.8308415924743827,14.012484096666366,4.743621622633777,0.31473023653039245,0.12764129874591995,,
A_otsu_fb__detstats,ddti_6410446b09,ddti,,1,1,,,,,,,0.0,0.0
A_select,ddti_6410446b09,ddti,0.830841600894928,1,1,0.9076062024038902,0.8308415924743827,14.012484096666366,4.743621622633777,0.31473023653039245,0.12764129874591995,,
A_select__detstats,ddti_6410446b09,ddti,,1,1,,,,,,,0.0,0.0
B_seg,ddti_6410446b09,ddti,0.9326243996620178,1,1,0.9651377762126948,0.9326244151424925,4.47213595499958,1.8541085691616992,0.6452887858347386,0.04861707610376224,,
B_seg__detstats,ddti_6410446b09,ddti,,1,1,,,,,,,0.0,0.0
SAM_edgesam,ddti_6410446b09,ddti,0.8517573475837708,1,1,0.9199448815397608,0.8517573462836447,12.0,4.306570077824352,0.21755684924280932,0.06760006871671534,,
SAM_edgesam__detstats,ddti_6410446b09,ddti,,1,1,,,,,,,0.0,0.0
SAM_efficientvit-t,ddti_6410446b09,ddti,0.9096354842185974,1,1,0.9526796917010217,0.9096354612356666,6.0,2.501800244643577,0.5075649443334285,0.08314722556261811,,
SAM_efficientvit-t__detstats,ddti_6410446b09,ddti,,1,1,,,,,,,0.0,0.0
A_box,ddti_3ab69060ab,ddti,0.628824770450592,1,2,0.7721208239940228,0.6288247566063978,17.0,6.865871102625164,0.111088504577823,0.15676795580110497,,
A_box__detstats,ddti_3ab69060ab,ddti,,1,2,,,,,,,0.0,1.0
A_otsu,ddti_3ab69060ab,ddti,0.5463377237319946,1,2,0.7066214599122457,0.546337702390131,29.08163453045228,8.776400479385353,0.26357206893116847,0.30847145488029465,,
A_otsu__detstats,ddti_3ab69060ab,ddti,,1,2,,,,,,,0.0,1.0
A_otsu_fb,ddti_3ab69060ab,ddti,0.5463377237319946,1,2,0.7066214599122457,0.546337702390131,29.08163453045228,8.776400479385353,0.26357206893116847,0.30847145488029465,,
A_otsu_fb__detstats,ddti_3ab69060ab,ddti,,1,2,,,,,,,0.0,1.0
A_select,ddti_3ab69060ab,ddti,0.5463377237319946,1,2,0.7066214599122457,0.546337702390131,29.08163453045228,8.776400479385353,0.26357206893116847,0.30847145488029465,,
A_select__detstats,ddti_3ab69060ab,ddti,,1,2,,,,,,,0.0,1.0
B_seg,ddti_3ab69060ab,ddti,0.7024579644203186,1,2,0.8252279635258358,0.702457956015524,27.892651361962706,7.305185208457312,0.154314118258031,0.42357274401473294,,
B_seg__detstats,ddti_3ab69060ab,ddti,,1,2,,,,,,,0.0,1.0
SAM_edgesam,ddti_3ab69060ab,ddti,0.6923947930335999,1,2,0.818242640499554,0.6923947914700886,13.341664064126334,5.408045824245468,0.3492063492063492,0.06445672191528545,,
SAM_edgesam__detstats,ddti_3ab69060ab,ddti,,1,2,,,,,,,0.0,1.0
SAM_efficientvit-t,ddti_3ab69060ab,ddti,0.6820831894874573,1,2,0.8109981515711645,0.6820831713952584,11.119599395858684,5.336681651158108,0.2885900503258807,0.007366482504604052,,
SAM_efficientvit-t__detstats,ddti_3ab69060ab,ddti,,1,2,,,,,,,0.0,1.0
A_box,ddti_57c3f20a3d,ddti,0.8503747582435608,1,1,0.9191378562129322,0.8503747323340471,6.0,2.103514138781639,0.639156011131072,0.03743000294724433,,
A_box__detstats,ddti_57c3f20a3d,ddti,,1,1,,,,,,,0.0,0.0
A_otsu,ddti_57c3f20a3d,ddti,0.7020174264907837,1,1,0.8249239147845587,0.7020174482006543,13.30392053889424,3.99438578509366,0.3644889121182707,0.16003536693191867,,
A_otsu__detstats,ddti_57c3f20a3d,ddti,,1,1,,,,,,,0.0,0.0
A_otsu_fb,ddti_57c3f20a3d,ddti,0.7020174264907837,1,1,0.8249239147845587,0.7020174482006543,13.30392053889424,3.99438578509366,0.3644889121182707,0.16003536693191867,,
A_otsu_fb__detstats,ddti_57c3f20a3d,ddti,,1,1,,,,,,,0.0,0.0
A_select,ddti_57c3f20a3d,ddti,0.7020174264907837,1,1,0.8249239147845587,0.7020174482006543,13.30392053889424,3.99438578509366,0.3644889121182707,0.16003536693191867,,
A_select__detstats,ddti_57c3f20a3d,ddti,,1,1,,,,,,,0.0,0.0
B_seg,ddti_57c3f20a3d,ddti,0.0,1,0,0.0,0.0,,,0.0,,,
B_seg__detstats,ddti_57c3f20a3d,ddti,,1,0,,,,,,,1.0,0.0
SAM_edgesam,ddti_57c3f20a3d,ddti,0.8299212455749512,1,1,0.9070567986230637,0.8299212598425196,9.219544457292887,2.709685482243172,0.5885959534028204,0.05481874447391689,,
SAM_edgesam__detstats,ddti_57c3f20a3d,ddti,,1,1,,,,,,,0.0,0.0
SAM_efficientvit-t,ddti_57c3f20a3d,ddti,0.8441168665885925,1,1,0.9154700222057734,0.8441168441168441,5.830951894845301,2.30462161206552,0.5324653647137373,0.009136457412319481,,
SAM_efficientvit-t__detstats,ddti_57c3f20a3d,ddti,,1,1,,,,,,,0.0,0.0
A_box,ddti_7506b6edef,ddti,0.0,1,2,0.0,0.0,,,0.0,,,
A_box__detstats,ddti_7506b6edef,ddti,,1,2,,,,,,,1.0,2.0
A_otsu,ddti_7506b6edef,ddti,0.0,1,2,0.0,0.0,,,0.0,,,
A_otsu__detstats,ddti_7506b6edef,ddti,,1,2,,,,,,,1.0,2.0
A_otsu_fb,ddti_7506b6edef,ddti,0.0,1,2,0.0,0.0,,,0.0,,,
A_otsu_fb__detstats,ddti_7506b6edef,ddti,,1,2,,,,,,,1.0,2.0
A_select,ddti_7506b6edef,ddti,0.0,1,2,0.0,0.0,,,0.0,,,
A_select__detstats,ddti_7506b6edef,ddti,,1,2,,,,,,,1.0,2.0
B_seg,ddti_7506b6edef,ddti,0.0,1,1,0.0,0.0,,,0.0,,,
B_seg__detstats,ddti_7506b6edef,ddti,,1,1,,,,,,,1.0,1.0
SAM_edgesam,ddti_7506b6edef,ddti,0.0,1,2,0.0,0.0,,,0.0,,,
SAM_edgesam__detstats,ddti_7506b6edef,ddti,,1,2,,,,,,,1.0,2.0
SAM_efficientvit-t,ddti_7506b6edef,ddti,0.0,1,2,0.0,0.0,,,0.0,,,
SAM_efficientvit-t__detstats,ddti_7506b6edef,ddti,,1,2,,,,,,,1.0,2.0
A_box,ddti_91d165a82a,ddti,0.835401177406311,1,2,0.9103199639477242,0.8354011579818031,3.073024947075769,1.2425047400272564,0.7983084373507946,0.08044982698961937,,
A_box__detstats,ddti_91d165a82a,ddti,,1,2,,,,,,,0.0,1.0
A_otsu,ddti_91d165a82a,ddti,0.8165438175201416,1,2,0.8990081154192967,0.8165438165438166,4.0,1.4961078286234026,0.7307885883817649,0.08131487889273356,,
A_otsu__detstats,ddti_91d165a82a,ddti,,1,2,,,,,,,0.0,1.0
A_otsu_fb,ddti_91d165a82a,ddti,0.8165438175201416,1,2,0.8990081154192967,0.8165438165438166,4.0,1.4961078286234026,0.7307885883817649,0.08131487889273356,,
A_otsu_fb__detstats,ddti_91d165a82a,ddti,,1,2,,,,,,,0.0,1.0
A_select,ddti_91d165a82a,ddti,0.835401177406311,1,2,0.9103199639477242,0.8354011579818031,3.073024947075769,1.2425047400272564,0.7983084373507946,0.08044982698961937,,
A_select__detstats,ddti_91d165a82a,ddti,,1,2,,,,,,,0.0,1.0
B_seg,ddti_91d165a82a,ddti,0.7921390533447266,1,2,0.8840151834668916,0.7921390778533636,5.0,1.815079959614854,0.6686166053690886,0.05103806228373702,,
B_seg__detstats,ddti_91d165a82a,ddti,,1,2,,,,,,,0.0,1.0
SAM_edgesam,ddti_91d165a82a,ddti,0.8033044934272766,1,2,0.8909249563699826,0.8033044846577498,4.242640687119285,1.7391991527611805,0.668375917248696,0.01730103806228374,,
SAM_edgesam__detstats,ddti_91d165a82a,ddti,,1,2,,,,,,,0.0,1.0
SAM_efficientvit-t,ddti_91d165a82a,ddti,0.7717140913009644,1,2,0.8711496746203905,0.7717140661029976,5.0,2.041511840645081,0.6283434581557712,0.006055363321799308,,
SAM_efficientvit-t__detstats,ddti_91d165a82a,ddti,,1,2,,,,,,,0.0,1.0
A_box,ddti_33e18d0483,ddti,0.8314220309257507,1,1,0.9079524107701941,0.8314220183486238,7.280109889280518,2.776283271960948,0.5378330963033707,0.011703187250996016,,
A_box__detstats,ddti_33e18d0483,ddti,,1,1,,,,,,,0.0,0.0
A_otsu,ddti_33e18d0483,ddti,0.8116518259048462,1,1,0.8960351285031641,0.8116518483855872,7.0710678118654755,3.123234434195659,0.41792816859602255,0.07196215139442232,,
A_otsu__detstats,ddti_33e18d0483,ddti,,1,1,,,,,,,0.0,0.0
A_otsu_fb,ddti_33e18d0483,ddti,0.8116518259048462,1,1,0.8960351285031641,0.8116518483855872,7.0710678118654755,3.123234434195659,0.41792816859602255,0.07196215139442232,,
A_otsu_fb__detstats,ddti_33e18d0483,ddti,,1,1,,,,,,,0.0,0.0
A_select,ddti_33e18d0483,ddti,0.8116518259048462,1,1,0.8960351285031641,0.8116518483855872,7.0710678118654755,3.123234434195659,0.41792816859602255,0.07196215139442232,,
A_select__detstats,ddti_33e18d0483,ddti,,1,1,,,,,,,0.0,0.0
B_seg,ddti_33e18d0483,ddti,0.8861218094825745,1,1,0.9396230944664506,0.8861218021281413,6.0,1.7631828795862279,0.778655489279381,0.07445219123505976,,
B_seg__detstats,ddti_33e18d0483,ddti,,1,1,,,,,,,0.0,0.0
SAM_edgesam,ddti_33e18d0483,ddti,0.8218404054641724,1,1,0.9022090169228781,0.821840433043069,6.912461179749791,2.97823517229829,0.4285486188727447,0.0724601593625498,,
SAM_edgesam__detstats,ddti_33e18d0483,ddti,,1,1,,,,,,,0.0,0.0
SAM_efficientvit-t,ddti_33e18d0483,ddti,0.8670137524604797,1,1,0.9287705956907478,0.8670137245622338,5.830951894845301,2.1226574655851898,0.6539019234464807,0.035358565737051796,,
SAM_efficientvit-t__detstats,ddti_33e18d0483,ddti,,1,1,,,,,,,0.0,0.0
A_box,ddti_1f952975a3,ddti,0.7260880470275879,1,1,0.841310562193066,0.726088056680162,13.527445451240744,5.874821357268467,0.17830159272068755,0.056275822766775896,,
A_box__detstats,ddti_1f952975a3,ddti,,1,1,,,,,,,0.0,0.0
A_otsu,ddti_1f952975a3,ddti,0.7679123878479004,1,1,0.8687222100736205,0.7679123711340207,10.295630140987,4.635899177275537,0.27350967104677243,0.04544806952557345,,
A_otsu__detstats,ddti_1f952975a3,ddti,,1,1,,,,,,,0.0,0.0
A_otsu_fb,ddti_1f952975a3,ddti,0.7679123878479004,1,1,0.8687222100736205,0.7679123711340207,10.295630140987,4.635899177275537,0.27350967104677243,0.04544806952557345,,
A_otsu_fb__detstats,ddti_1f952975a3,ddti,,1,1,,,,,,,0.0,0.0
A_select,ddti_1f952975a3,ddti,0.7679123878479004,1,1,0.8687222100736205,0.7679123711340207,10.295630140987,4.635899177275537,0.27350967104677243,0.04544806952557345,,
A_select__detstats,ddti_1f952975a3,ddti,,1,1,,,,,,,0.0,0.0
B_seg,ddti_1f952975a3,ddti,0.7007802128791809,1,1,0.824069118434131,0.700780234070221,20.0,5.876950593762679,0.34584772488361615,0.13662914945148882,,
B_seg__detstats,ddti_1f952975a3,ddti,,1,1,,,,,,,0.0,0.0
SAM_edgesam,ddti_1f952975a3,ddti,0.7093105912208557,1,1,0.82993762993763,0.7093105899076049,15.105735008989493,6.60568825687537,0.21876051733256405,0.055848411454623166,,
SAM_edgesam__detstats,ddti_1f952975a3,ddti,,1,1,,,,,,,0.0,0.0
SAM_efficientvit-t,ddti_1f952975a3,ddti,0.7416782975196838,1,1,0.8516822905312114,0.7416782685735983,13.0,5.303137809821932,0.2805227924768887,0.03946431115543525,,
SAM_efficientvit-t__detstats,ddti_1f952975a3,ddti,,1,1,,,,,,,0.0,0.0
A_box,ddti_8afc9502ef,ddti,0.8238062262535095,1,1,0.9033922907370572,0.8238062555152466,9.93198601080824,4.064674267823267,0.3152140118146958,0.036234263820470715,,
A_box__detstats,ddti_8afc9502ef,ddti,,1,1,,,,,,,0.0,0.0
A_otsu,ddti_8afc9502ef,ddti,0.8184651136398315,1,1,0.9001713796058269,0.8184651343981301,10.198039027185569,4.1861946290106795,0.3126010842703171,0.04400656814449918,,
A_otsu__detstats,ddti_8afc9502ef,ddti,,1,1,,,,,,,0.0,0.0
A_otsu_fb,ddti_8afc9502ef,ddti,0.8184651136398315,1,1,0.9001713796058269,0.8184651343981301,10.198039027185569,4.1861946290106795,0.3126010842703171,0.04400656814449918,,
A_otsu_fb__detstats,ddti_8afc9502ef,ddti,,1,1,,,,,,,0.0,0.0
A_select,ddti_8afc9502ef,ddti,0.8238062262535095,1,1,0.9033922907370572,0.8238062555152466,9.93198601080824,4.064674267823267,0.3152140118146958,0.036234263820470715,,
A_select__detstats,ddti_8afc9502ef,ddti,,1,1,,,,,,,0.0,0.0
B_seg,ddti_8afc9502ef,ddti,0.8750240206718445,1,1,0.9333469847445479,0.8750239969283932,10.0,2.8337802886188745,0.5187313977095777,0.13836891078270389,,
B_seg__detstats,ddti_8afc9502ef,ddti,,1,1,,,,,,,0.0,0.0
SAM_edgesam,ddti_8afc9502ef,ddti,0.8902596831321716,1,1,0.9419443128585715,0.8902596756541638,5.049509756796392,2.446427900203015,0.4874830682787338,0.07980295566502463,,
SAM_edgesam__detstats,ddti_8afc9502ef,ddti,,1,1,,,,,,,0.0,0.0
SAM_efficientvit-t,ddti_8afc9502ef,ddti,0.890034019947052,1,1,0.9418179893059453,0.8900340204122473,6.0,2.4511622496565124,0.5283856004840174,0.06776135741652983,,
SAM_efficientvit-t__detstats,ddti_8afc9502ef,ddti,,1,1,,,,,,,0.0,0.0
A_box,ddti_221272fd42,ddti,0.8587896227836609,1,1,0.924031007751938,0.8587896253602305,5.0990195135927845,2.3699849328723195,0.5083278688524591,0.03629976580796253,,
A_box__detstats,ddti_221272fd42,ddti,,1,1,,,,,,,0.0,0.0
A_otsu,ddti_221272fd42,ddti,0.8488081693649292,1,1,0.9182220039292731,0.8488081725312145,7.211102550927978,2.5582232207676316,0.5658420501163224,0.09274004683840749,,
A_otsu__detstats,ddti_221272fd42,ddti,,1,1,,,,,,,0.0,0.0
A_otsu_fb,ddti_221272fd42,ddti,0.8488081693649292,1,1,0.9182220039292731,0.8488081725312145,7.211102550927978,2.5582232207676316,0.5658420501163224,0.09274004683840749,,
A_otsu_fb__detstats,ddti_221272fd42,ddti,,1,1,,,,,,,0.0,0.0
A_select,ddti_221272fd42,ddti,0.8488081693649292,1,1,0.9182220039292731,0.8488081725312145,7.211102550927978,2.5582232207676316,0.5658420501163224,0.09274004683840749,,
A_select__detstats,ddti_221272fd42,ddti,,1,1,,,,,,,0.0,0.0
B_seg,ddti_221272fd42,ddti,0.834682285785675,1,1,0.9098930186390206,0.8346823148522865,7.259407687774751,3.1227971650033974,0.4446369526226528,0.1234192037470726,,
B_seg__detstats,ddti_221272fd42,ddti,,1,1,,,,,,,0.0,0.0
SAM_edgesam,ddti_221272fd42,ddti,0.8301734328269958,1,1,0.907207405774741,0.8301734570391287,8.06225774829855,3.1383685158325663,0.3702470163752428,0.1250585480093677,,
SAM_edgesam__detstats,ddti_221272fd42,ddti,,1,1,,,,,,,0.0,0.0
SAM_efficientvit-t,ddti_221272fd42,ddti,0.8789315223693848,1,1,0.9355652373308874,0.8789314950452392,5.0,1.9779135706215314,0.6110819453061614,0.04262295081967213,,
SAM_efficientvit-t__detstats,ddti_221272fd42,ddti,,1,1,,,,,,,0.0,0.0
A_box,ddti_8de5d92d9d,ddti,0.7580372095108032,1,1,0.8623676612127045,0.7580372250423012,12.173731171623889,6.516162323990035,0.08333072664143389,0.31645901639344265,,
A_box__detstats,ddti_8de5d92d9d,ddti,,1,1,,,,,,,0.0,0.0
A_otsu,ddti_8de5d92d9d,ddti,0.0,1,1,0.0,0.0,,,0.0,,,
A_otsu__detstats,ddti_8de5d92d9d,ddti,,1,1,,,,,,,1.0,1.0
A_otsu_fb,ddti_8de5d92d9d,ddti,0.0,1,1,0.0,0.0,,,0.0,,,
A_otsu_fb__detstats,ddti_8de5d92d9d,ddti,,1,1,,,,,,,1.0,1.0
A_select,ddti_8de5d92d9d,ddti,0.0,1,1,0.0,0.0,,,0.0,,,
A_select__detstats,ddti_8de5d92d9d,ddti,,1,1,,,,,,,1.0,1.0
B_seg,ddti_8de5d92d9d,ddti,0.8275974988937378,1,1,0.9056671449067432,0.8275975090134382,8.94427190999916,4.367346652811911,0.25026874416736566,0.1938360655737705,,
B_seg__detstats,ddti_8de5d92d9d,ddti,,1,1,,,,,,,0.0,0.0
SAM_edgesam,ddti_8de5d92d9d,ddti,0.7751376628875732,1,1,0.8733268225426553,0.7751376708137875,15.316304957230985,5.9840167452619575,0.23994026946615835,0.2828852459016393,,
SAM_edgesam__detstats,ddti_8de5d92d9d,ddti,,1,1,,,,,,,0.0,0.0
SAM_efficientvit-t,ddti_8de5d92d9d,ddti,0.7968015074729919,1,1,0.8869109947643979,0.7968015051740357,11.180339887498949,5.100759178706791,0.20072048302805823,0.2544262295081967,,
SAM_efficientvit-t__detstats,ddti_8de5d92d9d,ddti,,1,1,,,,,,,0.0,0.0
A_box,ddti_2fdfab30c9,ddti,0.7372742295265198,1,2,0.8487712665406427,0.7372742200328407,9.063593104095183,4.231874137029492,0.3193548387096774,0.280874653526332,,
A_box__detstats,ddti_2fdfab30c9,ddti,,1,2,,,,,,,0.0,1.0
A_otsu,ddti_2fdfab30c9,ddti,0.0,1,2,0.0,0.0,,,0.0,,,
A_otsu__detstats,ddti_2fdfab30c9,ddti,,1,2,,,,,,,1.0,2.0
A_otsu_fb,ddti_2fdfab30c9,ddti,0.0,1,2,0.0,0.0,,,0.0,,,
A_otsu_fb__detstats,ddti_2fdfab30c9,ddti,,1,2,,,,,,,1.0,2.0
A_select,ddti_2fdfab30c9,ddti,0.0,1,2,0.0,0.0,,,0.0,,,
A_select__detstats,ddti_2fdfab30c9,ddti,,1,2,,,,,,,1.0,2.0
B_seg,ddti_2fdfab30c9,ddti,0.0,1,0,0.0,0.0,,,0.0,,,
B_seg__detstats,ddti_2fdfab30c9,ddti,,1,0,,,,,,,1.0,0.0
SAM_edgesam,ddti_2fdfab30c9,ddti,0.7771040797233582,1,2,0.8745734952913881,0.7771040504487025,10.198039027185569,3.719811689232757,0.44920981216410366,0.25654450261780104,,
SAM_edgesam__detstats,ddti_2fdfab30c9,ddti,,1,2,,,,,,,0.0,1.0
SAM_efficientvit-t,ddti_2fdfab30c9,ddti,0.7735986113548279,1,2,0.872349158571624,0.7735986411065275,13.021122645722912,3.745068908532323,0.5422368142342724,0.25100092392978135,,
SAM_efficientvit-t__detstats,ddti_2fdfab30c9,ddti,,1,2,,,,,,,0.0,1.0
A_box,ddti_65ec60d09d,ddti,0.682003378868103,1,1,0.8109417583526799,0.6820033955857385,15.556349186104045,6.6178472029069475,0.208955223880597,0.45953326713008935,,
A_box__detstats,ddti_65ec60d09d,ddti,,1,1,,,,,,,0.0,0.0
A_otsu,ddti_65ec60d09d,ddti,0.7200504541397095,1,1,0.8372434017595308,0.7200504413619168,12.049884857752748,5.378422152281582,0.17287285355971443,0.37040714995034757,,
A_otsu__detstats,ddti_65ec60d09d,ddti,,1,1,,,,,,,0.0,0.0
A_otsu_fb,ddti_65ec60d09d,ddti,0.7200504541397095,1,1,0.8372434017595308,0.7200504413619168,12.049884857752748,5.378422152281582,0.17287285355971443,0.37040714995034757,,
A_otsu_fb__detstats,ddti_65ec60d09d,ddti,,1,1,,,,,,,0.0,0.0
A_select,ddti_65ec60d09d,ddti,0.7200504541397095,1,1,0.8372434017595308,0.7200504413619168,12.049884857752748,5.378422152281582,0.17287285355971443,0.37040714995034757,,
A_select__detstats,ddti_65ec60d09d,ddti,,1,1,,,,,,,0.0,0.0
B_seg,ddti_65ec60d09d,ddti,0.784520149230957,1,1,0.8792505204718946,0.7845201238390093,13.0,3.787916008830067,0.4488346686088857,0.1464746772591857,,
B_seg__detstats,ddti_65ec60d09d,ddti,,1,1,,,,,,,0.0,0.0
SAM_edgesam,ddti_65ec60d09d,ddti,0.64162677526474,1,1,0.7816962984552609,0.6416267942583732,18.036057767215436,8.24215360482444,0.08637873754152822,0.5553624627606752,,
SAM_edgesam__detstats,ddti_65ec60d09d,ddti,,1,1,,,,,,,0.0,0.0
SAM_efficientvit-t,ddti_65ec60d09d,ddti,0.6242443323135376,1,1,0.7686581408665776,0.6242443032088049,16.278820596099706,8.47622169985032,0.034255599472990776,0.6012909632571996,,
SAM_efficientvit-t__detstats,ddti_65ec60d09d,ddti,,1,1,,,,,,,0.0,0.0
A_box,ddti_489a74d797,ddti,0.8668593764305115,1,1,0.9286820293287185,0.866859377656861,8.388225099390834,2.4985255861946087,0.61579618667626,0.007863935625457206,,
A_box__detstats,ddti_489a74d797,ddti,,1,1,,,,,,,0.0,0.0
A_otsu,ddti_489a74d797,ddti,0.8169038891792297,1,1,0.8992263056092843,0.8169038833245476,14.0,3.3299672247822603,0.5264623955431755,0.10899780541331383,,
A_otsu__detstats,ddti_489a74d797,ddti,,1,1,,,,,,,0.0,0.0
A_otsu_fb,ddti_489a74d797,ddti,0.8169038891792297,1,1,0.8992263056092843,0.8169038833245476,14.0,3.3299672247822603,0.5264623955431755,0.10899780541331383,,
A_otsu_fb__detstats,ddti_489a74d797,ddti,,1,1,,,,,,,0.0,0.0
A_select,ddti_489a74d797,ddti,0.8169038891792297,1,1,0.8992263056092843,0.8169038833245476,14.0,3.3299672247822603,0.5264623955431755,0.10899780541331383,,
A_select__detstats,ddti_489a74d797,ddti,,1,1,,,,,,,0.0,0.0
B_seg,ddti_489a74d797,ddti,0.7893776297569275,1,2,0.8822929416564668,0.7893776236539515,11.0,3.989126616323346,0.47388306781443534,0.20702267739575714,,
B_seg__detstats,ddti_489a74d797,ddti,,1,2,,,,,,,0.0,1.0
SAM_edgesam,ddti_489a74d797,ddti,0.7857598066329956,1,1,0.88002854339488,0.785759796113412,14.451140356682918,4.197556545967295,0.3251188299817184,0.05029261155815655,,
SAM_edgesam__detstats,ddti_489a74d797,ddti,,1,1,,,,,,,0.0,0.0
SAM_efficientvit-t,ddti_489a74d797,ddti,0.7980398535728455,1,1,0.8876775980698776,0.7980398457583547,14.142135623730951,3.95412479654021,0.36700475001843125,0.046634967081199706,,
SAM_efficientvit-t__detstats,ddti_489a74d797,ddti,,1,1,,,,,,,0.0,0.0
A_box,ddti_b40cf90f18,ddti,0.5279601812362671,1,1,0.6910653430137799,0.5279601539506452,22.481087383355504,8.577086123220592,0.3552459730082717,0.7137112987535182,,
A_box__detstats,ddti_b40cf90f18,ddti,,1,1,,,,,,,0.0,0.0
A_otsu,ddti_b40cf90f18,ddti,0.5157145857810974,1,1,0.6804903889813834,0.5157146134434504,21.75266947145488,8.654545072052477,0.2543478260869565,0.6566143948532368,,
A_otsu__detstats,ddti_b40cf90f18,ddti,,1,1,,,,,,,0.0,0.0
A_otsu_fb,ddti_b40cf90f18,ddti,0.5157145857810974,1,1,0.6804903889813834,0.5157146134434504,21.75266947145488,8.654545072052477,0.2543478260869565,0.6566143948532368,,
A_otsu_fb__detstats,ddti_b40cf90f18,ddti,,1,1,,,,,,,0.0,0.0
A_select,ddti_b40cf90f18,ddti,0.5157145857810974,1,1,0.6804903889813834,0.5157146134434504,21.75266947145488,8.654545072052477,0.2543478260869565,0.6566143948532368,,
A_select__detstats,ddti_b40cf90f18,ddti,,1,1,,,,,,,0.0,0.0
B_seg,ddti_b40cf90f18,ddti,0.8278375267982483,1,2,0.9058108621344474,0.8278375564040263,7.545179782593586,2.1668775009251133,0.7428169737003604,0.11741053478086047,,
B_seg__detstats,ddti_b40cf90f18,ddti,,1,2,,,,,,,0.0,1.0
SAM_edgesam,ddti_b40cf90f18,ddti,0.0,1,1,0.0,0.0,,,0.0,,,
SAM_edgesam__detstats,ddti_b40cf90f18,ddti,,1,1,,,,,,,1.0,1.0
SAM_efficientvit-t,ddti_b40cf90f18,ddti,0.0,1,1,0.0,0.0,,,0.0,,,
SAM_efficientvit-t__detstats,ddti_b40cf90f18,ddti,,1,1,,,,,,,1.0,1.0
A_box,ddti_7c62604dba,ddti,0.8078617453575134,1,1,0.8937207023491088,0.8078617255577899,15.0,7.368407406618228,0.14512025509684862,0.03728283155282184,,
A_box__detstats,ddti_7c62604dba,ddti,,1,1,,,,,,,0.0,0.0
A_otsu,ddti_7c62604dba,ddti,0.8039309978485107,1,1,0.8913101564587478,0.8039310197086547,16.76305461424021,6.725265330192032,0.19994045397553584,0.18263731520448906,,
A_otsu__detstats,ddti_7c62604dba,ddti,,1,1,,,,,,,0.0,0.0
A_otsu_fb,ddti_7c62604dba,ddti,0.8039309978485107,1,1,0.8913101564587478,0.8039310197086547,16.76305461424021,6.725265330192032,0.19994045397553584,0.18263731520448906,,
A_otsu_fb__detstats,ddti_7c62604dba,ddti,,1,1,,,,,,,0.0,0.0
A_select,ddti_7c62604dba,ddti,0.8039309978485107,1,1,0.8913101564587478,0.8039310197086547,16.76305461424021,6.725265330192032,0.19994045397553584,0.18263731520448906,,
A_select__detstats,ddti_7c62604dba,ddti,,1,1,,,,,,,0.0,0.0
B_seg,ddti_7c62604dba,ddti,0.8632283806800842,1,1,0.926594276488816,0.8632283731987773,14.0,5.187630606986467,0.2865411681914145,0.0720297831013273,,
B_seg__detstats,ddti_7c62604dba,ddti,,1,1,,,,,,,0.0,0.0
SAM_edgesam,ddti_7c62604dba,ddti,0.8954261541366577,1,1,0.944828330814079,0.8954261741532794,7.810249675906654,3.667974491141587,0.3461070852079541,0.0010790978741771879,,
SAM_edgesam__detstats,ddti_7c62604dba,ddti,,1,1,,,,,,,0.0,0.0
SAM_efficientvit-t,ddti_7c62604dba,ddti,0.8709317445755005,1,1,0.9310139272746979,0.8709317651830072,10.0,4.281158064167077,0.294097252318627,0.008740692780835222,,
SAM_efficientvit-t__detstats,ddti_7c62604dba,ddti,,1,1,,,,,,,0.0,0.0
A_box,ddti_4b8d19d7a1,ddti,0.8389039039611816,1,1,0.9123955862637929,0.8389039017683592,18.67349504681628,6.549542058285006,0.18473825852938625,0.08235357277070919,,
A_box__detstats,ddti_4b8d19d7a1,ddti,,1,1,,,,,,,0.0,0.0
A_otsu,ddti_4b8d19d7a1,ddti,0.0,1,1,0.0,0.0,,,0.0,,,
A_otsu__detstats,ddti_4b8d19d7a1,ddti,,1,1,,,,,,,1.0,1.0
A_otsu_fb,ddti_4b8d19d7a1,ddti,0.0,1,1,0.0,0.0,,,0.0,,,
A_otsu_fb__detstats,ddti_4b8d19d7a1,ddti,,1,1,,,,,,,1.0,1.0
A_select,ddti_4b8d19d7a1,ddti,0.0,1,1,0.0,0.0,,,0.0,,,
A_select__detstats,ddti_4b8d19d7a1,ddti,,1,1,,,,,,,1.0,1.0
B_seg,ddti_4b8d19d7a1,ddti,0.9180442094802856,1,1,0.9572711697211983,0.9180442142999402,11.0,3.059400533359214,0.5696794901614178,0.06807322703602298,,
B_seg__detstats,ddti_4b8d19d7a1,ddti,,1,1,,,,,,,0.0,0.0
SAM_edgesam,ddti_4b8d19d7a1,ddti,0.8397383689880371,1,1,0.9128888888888889,0.8397383483237939,22.20360331117452,7.13772429525493,0.42897577726883124,0.17426316637139636,,
SAM_edgesam__detstats,ddti_4b8d19d7a1,ddti,,1,1,,,,,,,0.0,0.0
SAM_efficientvit-t,ddti_4b8d19d7a1,ddti,0.8444403409957886,1,1,0.9156602554545002,0.8444403703364195,21.06297092908383,6.4541150675841195,0.3691997602147642,0.16041230471895634,,
SAM_efficientvit-t__detstats,ddti_4b8d19d7a1,ddti,,1,1,,,,,,,0.0,0.0
A_box,ddti_6ee55d72ab,ddti,0.0,1,1,0.0,0.0,,,0.0,,,
A_box__detstats,ddti_6ee55d72ab,ddti,,1,1,,,,,,,1.0,1.0
A_otsu,ddti_6ee55d72ab,ddti,0.0,1,1,0.0,0.0,,,0.0,,,
A_otsu__detstats,ddti_6ee55d72ab,ddti,,1,1,,,,,,,1.0,1.0
A_otsu_fb,ddti_6ee55d72ab,ddti,0.0,1,1,0.0,0.0,,,0.0,,,
A_otsu_fb__detstats,ddti_6ee55d72ab,ddti,,1,1,,,,,,,1.0,1.0
A_select,ddti_6ee55d72ab,ddti,0.0,1,1,0.0,0.0,,,0.0,,,
A_select__detstats,ddti_6ee55d72ab,ddti,,1,1,,,,,,,1.0,1.0
B_seg,ddti_6ee55d72ab,ddti,0.6015936136245728,1,1,0.7512437810945274,0.601593625498008,15.365193387422845,5.524338408418744,0.4003491416933372,0.15511702615878845,,
B_seg__detstats,ddti_6ee55d72ab,ddti,,1,1,,,,,,,0.0,0.0
SAM_edgesam,ddti_6ee55d72ab,ddti,0.0,1,1,0.0,0.0,,,0.0,,,
SAM_edgesam__detstats,ddti_6ee55d72ab,ddti,,1,1,,,,,,,1.0,1.0
SAM_efficientvit-t,ddti_6ee55d72ab,ddti,0.0,1,1,0.0,0.0,,,0.0,,,
SAM_efficientvit-t__detstats,ddti_6ee55d72ab,ddti,,1,1,,,,,,,1.0,1.0
A_box,ddti_8dad71b90d,ddti,0.5888143181800842,1,1,0.7411996620670234,0.5888143176733781,18.98946638440411,7.7454973077968265,0.1683642658722171,0.44222833562585967,,
A_box__detstats,ddti_8dad71b90d,ddti,,1,1,,,,,,,0.0,0.0
A_otsu,ddti_8dad71b90d,ddti,0.5931823253631592,1,1,0.7446509009009009,0.5931823278762054,17.88854381999832,7.671988705281505,0.10056989607777406,0.44291609353507566,,
A_otsu__detstats,ddti_8dad71b90d,ddti,,1,1,,,,,,,0.0,0.0
A_otsu_fb,ddti_8dad71b90d,ddti,0.5931823253631592,1,1,0.7446509009009009,0.5931823278762054,17.88854381999832,7.671988705281505,0.10056989607777406,0.44291609353507566,,
A_otsu_fb__detstats,ddti_8dad71b90d,ddti,,1,1,,,,,,,0.0,0.0
A_select,ddti_8dad71b90d,ddti,0.5931823253631592,1,1,0.7446509009009009,0.5931823278762054,17.88854381999832,7.671988705281505,0.10056989607777406,0.44291609353507566,,
A_select__detstats,ddti_8dad71b90d,ddti,,1,1,,,,,,,0.0,0.0
B_seg,ddti_8dad71b90d,ddti,0.5803461074829102,1,1,0.7344544387954635,0.5803461063040791,22.0,8.238464281221525,0.1843821739605728,0.6378954607977991,,
B_seg__detstats,ddti_8dad71b90d,ddti,,1,1,,,,,,,0.0,0.0
SAM_edgesam,ddti_8dad71b90d,ddti,0.6029574275016785,1,1,0.7523062095552802,0.6029574045464577,21.63769244950663,7.628331954442293,0.1510615760143693,0.49759284731774417,,
SAM_edgesam__detstats,ddti_8dad71b90d,ddti,,1,1,,,,,,,0.0,0.0
SAM_efficientvit-t,ddti_8dad71b90d,ddti,0.6354889273643494,1,1,0.7771240935832535,0.6354889236965764,23.0,6.710401308353964,0.45190334731877624,0.5134112792297112,,
SAM_efficientvit-t__detstats,ddti_8dad71b90d,ddti,,1,1,,,,,,,0.0,0.0
A_box,ddti_a8736f35aa,ddti,0.7209964394569397,1,1,0.8378825475599669,0.7209964412811388,8.0,2.635280382390448,0.6086956521739131,0.06869009584664537,,
A_box__detstats,ddti_a8736f35aa,ddti,,1,1,,,,,,,0.0,0.0
A_otsu,ddti_a8736f35aa,ddti,0.7146872878074646,1,1,0.8336065573770491,0.7146872803935348,8.0,2.729918502039247,0.5989304812834224,0.051118210862619806,,
A_otsu__detstats,ddti_a8736f35aa,ddti,,1,1,,,,,,,0.0,0.0
A_otsu_fb,ddti_a8736f35aa,ddti,0.7146872878074646,1,1,0.8336065573770491,0.7146872803935348,8.0,2.729918502039247,0.5989304812834224,0.051118210862619806,,
A_otsu_fb__detstats,ddti_a8736f35aa,ddti,,1,1,,,,,,,0.0,0.0
A_select,ddti_a8736f35aa,ddti,0.7146872878074646,1,1,0.8336065573770491,0.7146872803935348,8.0,2.729918502039247,0.5989304812834224,0.051118210862619806,,
A_select__detstats,ddti_a8736f35aa,ddti,,1,1,,,,,,,0.0,0.0
B_seg,ddti_a8736f35aa,ddti,0.7452554702758789,1,2,0.8540359682141363,0.7452554744525547,5.0,2.309319777028452,0.5239529154119901,0.0902555910543131,,
B_seg__detstats,ddti_a8736f35aa,ddti,,1,2,,,,,,,0.0,1.0
SAM_edgesam,ddti_a8736f35aa,ddti,0.6920263171195984,1,1,0.8179853004755728,0.6920263350402341,9.848857801796104,2.892419883041227,0.5593520627689192,0.152555910543131,,
SAM_edgesam__detstats,ddti_a8736f35aa,ddti,,1,1,,,,,,,0.0,0.0
SAM_efficientvit-t,ddti_a8736f35aa,ddti,0.7116788029670715,1,1,0.8315565031982942,0.7116788321167883,9.055385138137417,2.756860674341981,0.6314824763770818,0.1269968051118211,,
SAM_efficientvit-t__detstats,ddti_a8736f35aa,ddti,,1,1,,,,,,,0.0,0.0
A_box,ddti_feb395b080,ddti,0.0,1,2,0.0,0.0,,,0.0,,,
A_box__detstats,ddti_feb395b080,ddti,,1,2,,,,,,,1.0,2.0
A_otsu,ddti_feb395b080,ddti,0.0,1,2,0.0,0.0,,,0.0,,,
A_otsu__detstats,ddti_feb395b080,ddti,,1,2,,,,,,,1.0,2.0
A_otsu_fb,ddti_feb395b080,ddti,0.0,1,2,0.0,0.0,,,0.0,,,
A_otsu_fb__detstats,ddti_feb395b080,ddti,,1,2,,,,,,,1.0,2.0
A_select,ddti_feb395b080,ddti,0.0,1,2,0.0,0.0,,,0.0,,,
A_select__detstats,ddti_feb395b080,ddti,,1,2,,,,,,,1.0,2.0
B_seg,ddti_feb395b080,ddti,0.0,1,2,0.0,0.0,,,0.0,,,
B_seg__detstats,ddti_feb395b080,ddti,,1,2,,,,,,,1.0,2.0
SAM_edgesam,ddti_feb395b080,ddti,0.0,1,2,0.0,0.0,,,0.0,,,
SAM_edgesam__detstats,ddti_feb395b080,ddti,,1,2,,,,,,,1.0,2.0
SAM_efficientvit-t,ddti_feb395b080,ddti,0.0,1,2,0.0,0.0,,,0.0,,,
SAM_efficientvit-t__detstats,ddti_feb395b080,ddti,,1,2,,,,,,,1.0,2.0
A_box,ddti_5dfcfa97df,ddti,0.7496063113212585,1,1,0.8568856885688569,0.7496062992125985,22.02271554554524,9.076108119829417,0.22888169572935158,0.22404991491775383,,
A_box__detstats,ddti_5dfcfa97df,ddti,,1,1,,,,,,,0.0,0.0
A_otsu,ddti_5dfcfa97df,ddti,0.6235049962997437,1,1,0.7680973934758858,0.623504966551794,41.11568191588831,13.823436485421116,0.08997213019929537,0.34811529933481156,,
A_otsu__detstats,ddti_5dfcfa97df,ddti,,1,1,,,,,,,0.0,0.0
A_otsu_fb,ddti_5dfcfa97df,ddti,0.6235049962997437,1,1,0.7680973934758858,0.623504966551794,41.11568191588831,13.823436485421116,0.08997213019929537,0.34811529933481156,,
A_otsu_fb__detstats,ddti_5dfcfa97df,ddti,,1,1,,,,,,,0.0,0.0
A_select,ddti_5dfcfa97df,ddti,0.7496063113212585,1,1,0.8568856885688569,0.7496062992125985,22.02271554554524,9.076108119829417,0.22888169572935158,0.22404991491775383,,
A_select__detstats,ddti_5dfcfa97df,ddti,,1,1,,,,,,,0.0,0.0
B_seg,ddti_5dfcfa97df,ddti,0.9226394295692444,1,1,0.9597633445901725,0.9226394201731427,9.294597293460168,2.7056490530946293,0.5690788618942446,0.030268653637910585,,
B_seg__detstats,ddti_5dfcfa97df,ddti,,1,1,,,,,,,0.0,0.0
SAM_edgesam,ddti_5dfcfa97df,ddti,0.9018689393997192,1,1,0.9484028196326092,0.9018689259905308,11.0,3.7740371204590475,0.44160093464930666,0.03222812354973444,,
SAM_edgesam__detstats,ddti_5dfcfa97df,ddti,,1,1,,,,,,,0.0,0.0
SAM_efficientvit-t,ddti_5dfcfa97df,ddti,0.8535168766975403,1,1,0.9209701630105601,0.8535168643530043,14.0,5.187543740439649,0.34461116014514076,0.04192234311349456,,
SAM_efficientvit-t__detstats,ddti_5dfcfa97df,ddti,,1,1,,,,,,,0.0,0.0
A_box,ddti_29ec7eabab,ddti,0.0,1,0,0.0,0.0,,,0.0,,,
A_box__detstats,ddti_29ec7eabab,ddti,,1,0,,,,,,,1.0,0.0
A_otsu,ddti_29ec7eabab,ddti,0.0,1,0,0.0,0.0,,,0.0,,,
A_otsu__detstats,ddti_29ec7eabab,ddti,,1,0,,,,,,,1.0,0.0
A_otsu_fb,ddti_29ec7eabab,ddti,0.0,1,0,0.0,0.0,,,0.0,,,
A_otsu_fb__detstats,ddti_29ec7eabab,ddti,,1,0,,,,,,,1.0,0.0
A_select,ddti_29ec7eabab,ddti,0.0,1,0,0.0,0.0,,,0.0,,,
A_select__detstats,ddti_29ec7eabab,ddti,,1,0,,,,,,,1.0,0.0
B_seg,ddti_29ec7eabab,ddti,0.0,1,2,0.0,0.0,,,0.0,,,
B_seg__detstats,ddti_29ec7eabab,ddti,,1,2,,,,,,,1.0,2.0
SAM_edgesam,ddti_29ec7eabab,ddti,0.0,1,0,0.0,0.0,,,0.0,,,
SAM_edgesam__detstats,ddti_29ec7eabab,ddti,,1,0,,,,,,,1.0,0.0
SAM_efficientvit-t,ddti_29ec7eabab,ddti,0.0,1,0,0.0,0.0,,,0.0,,,
SAM_efficientvit-t__detstats,ddti_29ec7eabab,ddti,,1,0,,,,,,,1.0,0.0
A_box,ddti_ad3b19cbcd,ddti,0.8456973433494568,1,1,0.9163987138263665,0.8456973293768546,10.63014581273465,4.076878647929426,0.30252016466414544,0.16951517265434252,,
A_box__detstats,ddti_ad3b19cbcd,ddti,,1,1,,,,,,,0.0,0.0
A_otsu,ddti_ad3b19cbcd,ddti,0.0,1,1,0.0,0.0,,,0.0,,,
A_otsu__detstats,ddti_ad3b19cbcd,ddti,,1,1,,,,,,,1.0,1.0
A_otsu_fb,ddti_ad3b19cbcd,ddti,0.0,1,1,0.0,0.0,,,0.0,,,
A_otsu_fb__detstats,ddti_ad3b19cbcd,ddti,,1,1,,,,,,,1.0,1.0
A_select,ddti_ad3b19cbcd,ddti,0.0,1,1,0.0,0.0,,,0.0,,,
A_select__detstats,ddti_ad3b19cbcd,ddti,,1,1,,,,,,,1.0,1.0
B_seg,ddti_ad3b19cbcd,ddti,0.8996495604515076,1,1,0.9471742411537817,0.8996495699267283,5.0,2.4117816958490503,0.49622835687547356,0.07987443320544123,,
B_seg__detstats,ddti_ad3b19cbcd,ddti,,1,1,,,,,,,0.0,0.0
SAM_edgesam,ddti_ad3b19cbcd,ddti,0.908904492855072,1,1,0.952278638471107,0.9089044792228819,5.0,2.1491899773228047,0.5776469272910223,0.056272526450412745,,
SAM_edgesam__detstats,ddti_ad3b19cbcd,ddti,,1,1,,,,,,,0.0,0.0
SAM_efficientvit-t,ddti_ad3b19cbcd,ddti,0.9206488132476807,1,1,0.9586852316822643,0.920648838228847,5.830951894845301,1.8476701990877755,0.6849485918292577,0.037437507266596906,,
SAM_efficientvit-t__detstats,ddti_ad3b19cbcd,ddti,,1,1,,,,,,,0.0,0.0
A_box,ddti_e9be59c1a3,ddti,0.7870451211929321,1,1,0.8808340799869675,0.7870451237263464,18.883817818647753,6.236741025881207,0.23906083244397008,0.16315743106334243,,
A_box__detstats,ddti_e9be59c1a3,ddti,,1,1,,,,,,,0.0,0.0
A_otsu,ddti_e9be59c1a3,ddti,0.0,1,1,0.0,0.0,,,0.0,,,
A_otsu__detstats,ddti_e9be59c1a3,ddti,,1,1,,,,,,,1.0,1.0
A_otsu_fb,ddti_e9be59c1a3,ddti,0.0,1,1,0.0,0.0,,,0.0,,,
A_otsu_fb__detstats,ddti_e9be59c1a3,ddti,,1,1,,,,,,,1.0,1.0
A_select,ddti_e9be59c1a3,ddti,0.0,1,1,0.0,0.0,,,0.0,,,
A_select__detstats,ddti_e9be59c1a3,ddti,,1,1,,,,,,,1.0,1.0
B_seg,ddti_e9be59c1a3,ddti,0.8878154158592224,1,1,0.9405743771940955,0.8878153944426701,9.0,2.879864207521482,0.5072601714608306,0.08290018500572637,,
B_seg__detstats,ddti_e9be59c1a3,ddti,,1,1,,,,,,,0.0,0.0
SAM_edgesam,ddti_e9be59c1a3,ddti,0.7796755433082581,1,1,0.8761996546600811,0.7796755520617451,24.041630560342615,6.781412758249714,0.29917170115633795,0.19390362082635892,,
SAM_edgesam__detstats,ddti_e9be59c1a3,ddti,,1,1,,,,,,,0.0,0.0
SAM_efficientvit-t,ddti_e9be59c1a3,ddti,0.8194265961647034,1,1,0.9007525674608124,0.8194265829487858,11.0,4.980403137965306,0.2932971137521223,0.11884415470002643,,
SAM_efficientvit-t__detstats,ddti_e9be59c1a3,ddti,,1,1,,,,,,,0.0,0.0
A_box,ddti_3db3d34949,ddti,0.8377193212509155,1,1,0.9116945107398569,0.8377192982456141,7.615773105863909,2.5247833473889236,0.6006431873506488,0.036896046852122985,,
A_box__detstats,ddti_3db3d34949,ddti,,1,1,,,,,,,0.0,0.0
A_otsu,ddti_3db3d34949,ddti,0.8562144637107849,1,1,0.9225382932166302,0.8562144597887896,6.324555320336759,2.176911468285753,0.6306712869691353,0.007320644216691069,,
A_otsu__detstats,ddti_3db3d34949,ddti,,1,1,,,,,,,0.0,0.0
A_otsu_fb,ddti_3db3d34949,ddti,0.8562144637107849,1,1,0.9225382932166302,0.8562144597887896,6.324555320336759,2.176911468285753,0.6306712869691353,0.007320644216691069,,
A_otsu_fb__detstats,ddti_3db3d34949,ddti,,1,1,,,,,,,0.0,0.0
A_select,ddti_3db3d34949,ddti,0.8377193212509155,1,1,0.9116945107398569,0.8377192982456141,7.615773105863909,2.5247833473889236,0.6006431873506488,0.036896046852122985,,
A_select__detstats,ddti_3db3d34949,ddti,,1,1,,,,,,,0.0,0.0
B_seg,ddti_3db3d34949,ddti,0.8808615207672119,1,1,0.9366574865922598,0.8808615049073064,5.453087167723973,1.7589778599288386,0.7212185363928308,0.02020497803806735,,
B_seg__detstats,ddti_3db3d34949,ddti,,1,1,,,,,,,0.0,0.0
SAM_edgesam,ddti_3db3d34949,ddti,0.8618016839027405,1,1,0.9257717157214644,0.8618016573108794,6.324555320336759,2.0427345420025627,0.6755524116234479,0.03953147877013177,,
SAM_edgesam__detstats,ddti_3db3d34949,ddti,,1,1,,,,,,,0.0,0.0
SAM_efficientvit-t,ddti_3db3d34949,ddti,0.8616675734519958,1,1,0.9256943434637196,0.8616675690308608,7.0,2.103234890623738,0.6690754360545091,0.01376281112737921,,
SAM_efficientvit-t__detstats,ddti_3db3d34949,ddti,,1,1,,,,,,,0.0,0.0
A_box,ddti_fd470c1032,ddti,0.8602355122566223,1,1,0.9248673029479927,0.8602354904505841,12.806248474865697,5.149996400959498,0.2956703167446159,0.04153245485602733,,
A_box__detstats,ddti_fd470c1032,ddti,,1,1,,,,,,,0.0,0.0
A_otsu,ddti_fd470c1032,ddti,0.0,1,1,0.0,0.0,,,0.0,,,
A_otsu__detstats,ddti_fd470c1032,ddti,,1,1,,,,,,,1.0,1.0
A_otsu_fb,ddti_fd470c1032,ddti,0.0,1,1,0.0,0.0,,,0.0,,,
A_otsu_fb__detstats,ddti_fd470c1032,ddti,,1,1,,,,,,,1.0,1.0
A_select,ddti_fd470c1032,ddti,0.8602355122566223,1,1,0.9248673029479927,0.8602354904505841,12.806248474865697,5.149996400959498,0.2956703167446159,0.04153245485602733,,
A_select__detstats,ddti_fd470c1032,ddti,,1,1,,,,,,,0.0,0.0
B_seg,ddti_fd470c1032,ddti,0.823347806930542,1,1,0.9031165764441177,0.8233478207888216,18.384776310850235,7.2047251466019855,0.3307314593227274,0.19077598828696926,,
B_seg__detstats,ddti_fd470c1032,ddti,,1,1,,,,,,,0.0,0.0
SAM_edgesam,ddti_fd470c1032,ddti,0.8583449125289917,1,1,0.9237735144470895,0.8583448993754337,18.0,5.349000929440095,0.3263462095263069,0.0910688140556369,,
SAM_edgesam__detstats,ddti_fd470c1032,ddti,,1,1,,,,,,,0.0,0.0
SAM_efficientvit-t,ddti_fd470c1032,ddti,0.8290879726409912,1,1,0.9065588709488983,0.8290879562355757,15.652475842498529,6.403399340872896,0.2039991029774531,0.08867740361151781,,
SAM_efficientvit-t__detstats,ddti_fd470c1032,ddti,,1,1,,,,,,,0.0,0.0
A_box,ddti_640c4f6df2,ddti,0.7721965312957764,1,1,0.8714569768801903,0.7721965038347267,21.23203871154557,7.1297709786746655,0.21445714026958088,0.11112747625009205,,
A_box__detstats,ddti_640c4f6df2,ddti,,1,1,,,,,,,0.0,0.0
A_otsu,ddti_640c4f6df2,ddti,0.7013057470321655,1,1,0.824432363287496,0.7013057671381937,26.225918044750806,9.100261560086338,0.17760605431641463,0.15774357463730762,,
A_otsu__detstats,ddti_640c4f6df2,ddti,,1,1,,,,,,,0.0,0.0
A_otsu_fb,ddti_640c4f6df2,ddti,0.7013057470321655,1,1,0.824432363287496,0.7013057671381937,26.225918044750806,9.100261560086338,0.17760605431641463,0.15774357463730762,,
A_otsu_fb__detstats,ddti_640c4f6df2,ddti,,1,1,,,,,,,0.0,0.0
A_select,ddti_640c4f6df2,ddti,0.7721965312957764,1,1,0.8714569768801903,0.7721965038347267,21.23203871154557,7.1297709786746655,0.21445714026958088,0.11112747625009205,,
A_select__detstats,ddti_640c4f6df2,ddti,,1,1,,,,,,,0.0,0.0
B_seg,ddti_640c4f6df2,ddti,0.8585157990455627,1,1,0.9238724727838258,0.8585157887130573,19.234905936870973,4.311706119795861,0.4646357441388952,0.10589881434568083,,
B_seg__detstats,ddti_640c4f6df2,ddti,,1,1,,,,,,,0.0,0.0
SAM_edgesam,ddti_640c4f6df2,ddti,0.8151898980140686,1,1,0.898186889818689,0.8151898734177215,21.96244170970372,5.9601000093123355,0.345504373072366,0.09912364680757052,,
SAM_edgesam__detstats,ddti_640c4f6df2,ddti,,1,1,,,,,,,0.0,0.0
SAM_efficientvit-t,ddti_640c4f6df2,ddti,0.8254148364067078,1,1,0.9043586356926424,0.8254148347752092,22.750732340193352,6.084262627997742,0.43311265801215504,0.1042786655865675,,
SAM_efficientvit-t__detstats,ddti_640c4f6df2,ddti,,1,1,,,,,,,0.0,0.0
A_box,ddti_c9d3b7aed1,ddti,0.8175753355026245,1,1,0.8996329433356275,0.8175753153340978,17.08800749063506,6.491007849539638,0.23826581872314012,0.17596405840509172,,
A_box__detstats,ddti_c9d3b7aed1,ddti,,1,1,,,,,,,0.0,0.0
A_otsu,ddti_c9d3b7aed1,ddti,0.0,1,1,0.0,0.0,,,0.0,,,
A_otsu__detstats,ddti_c9d3b7aed1,ddti,,1,1,,,,,,,1.0,1.0
A_otsu_fb,ddti_c9d3b7aed1,ddti,0.0,1,1,0.0,0.0,,,0.0,,,
A_otsu_fb__detstats,ddti_c9d3b7aed1,ddti,,1,1,,,,,,,1.0,1.0
A_select,ddti_c9d3b7aed1,ddti,0.0,1,1,0.0,0.0,,,0.0,,,
A_select__detstats,ddti_c9d3b7aed1,ddti,,1,1,,,,,,,1.0,1.0
B_seg,ddti_c9d3b7aed1,ddti,0.9029585719108582,1,2,0.9490049751243781,0.9029585798816568,10.770329614269007,3.005653561598385,0.4971925707737455,0.0067390490453013855,,
B_seg__detstats,ddti_c9d3b7aed1,ddti,,1,2,,,,,,,0.0,1.0
SAM_edgesam,ddti_c9d3b7aed1,ddti,0.8509240746498108,1,1,0.9194586617263792,0.8509240962454958,14.370013082566155,5.00637029683671,0.4036215138181013,0.01279171346561837,,
SAM_edgesam__detstats,ddti_c9d3b7aed1,ddti,,1,1,,,,,,,0.0,0.0
SAM_efficientvit-t,ddti_c9d3b7aed1,ddti,0.8770561218261719,1,1,0.9345017558555366,0.8770561199806483,12.04573971827252,3.8945322905456146,0.48439908352426575,0.06320978410083614,,
SAM_efficientvit-t__detstats,ddti_c9d3b7aed1,ddti,,1,1,,,,,,,0.0,0.0
A_box,ddti_7ddf6c0f99,ddti,0.7860293984413147,1,1,0.8801976121860848,0.7860294117647059,14.0,5.646854403199582,0.23111962437805134,0.13981877674301535,,
A_box__detstats,ddti_7ddf6c0f99,ddti,,1,1,,,,,,,0.0,0.0
A_otsu,ddti_7ddf6c0f99,ddti,0.0,1,1,0.0,0.0,,,0.0,,,
A_otsu__detstats,ddti_7ddf6c0f99,ddti,,1,1,,,,,,,1.0,1.0
A_otsu_fb,ddti_7ddf6c0f99,ddti,0.0,1,1,0.0,0.0,,,0.0,,,
A_otsu_fb__detstats,ddti_7ddf6c0f99,ddti,,1,1,,,,,,,1.0,1.0
A_select,ddti_7ddf6c0f99,ddti,0.0,1,1,0.0,0.0,,,0.0,,,
A_select__detstats,ddti_7ddf6c0f99,ddti,,1,1,,,,,,,1.0,1.0
B_seg,ddti_7ddf6c0f99,ddti,0.8098989129066467,1,2,0.8949658980188373,0.8098988948977193,12.0,4.526548274916344,0.33957553058676654,0.06254719355650643,,
B_seg__detstats,ddti_7ddf6c0f99,ddti,,1,2,,,,,,,0.0,1.0
SAM_edgesam,ddti_7ddf6c0f99,ddti,0.8279796838760376,1,1,0.9058959537572254,0.8279797125950972,12.649110640673518,4.6081890288345235,0.3801554094441124,0.17719607349609867,,
SAM_edgesam__detstats,ddti_7ddf6c0f99,ddti,,1,1,,,,,,,0.0,0.0
SAM_efficientvit-t,ddti_7ddf6c0f99,ddti,0.8215868473052979,1,1,0.90205618302925,0.8215868326651192,15.400774798908625,4.549645591823398,0.3981189654309871,0.17279134155549963,,
SAM_efficientvit-t__detstats,ddti_7ddf6c0f99,ddti,,1,1,,,,,,,0.0,0.0
A_box,ddti_7fdea6c059,ddti,0.5490769743919373,1,1,0.7089085699400886,0.5490769696358317,30.364452901377952,11.645076503394673,0.07586206896551724,0.7406746385864715,,
A_box__detstats,ddti_7fdea6c059,ddti,,1,1,,,,,,,0.0,0.0
A_otsu,ddti_7fdea6c059,ddti,0.0,1,1,0.0,0.0,,,0.0,,,
A_otsu__detstats,ddti_7fdea6c059,ddti,,1,1,,,,,,,1.0,1.0
A_otsu_fb,ddti_7fdea6c059,ddti,0.0,1,1,0.0,0.0,,,0.0,,,
A_otsu_fb__detstats,ddti_7fdea6c059,ddti,,1,1,,,,,,,1.0,1.0
A_select,ddti_7fdea6c059,ddti,0.0,1,1,0.0,0.0,,,0.0,,,
A_select__detstats,ddti_7fdea6c059,ddti,,1,1,,,,,,,1.0,1.0
B_seg,ddti_7fdea6c059,ddti,0.5987600684165955,1,1,0.7490305462956663,0.5987600609092887,34.39544083134956,9.892977363148976,0.21729490022172948,0.6234160271283241,,
B_seg__detstats,ddti_7fdea6c059,ddti,,1,1,,,,,,,0.0,0.0
SAM_edgesam,ddti_7fdea6c059,ddti,0.5723774433135986,1,1,0.7280407670645032,0.5723774380600949,34.192101255707335,10.995380158103448,0.22593056549749463,0.6617883276815991,,
SAM_edgesam__detstats,ddti_7fdea6c059,ddti,,1,1,,,,,,,0.0,0.0
SAM_efficientvit-t,ddti_7fdea6c059,ddti,0.6511513590812683,1,1,0.7887239913490939,0.6511513360423593,20.712090087386557,8.310835220693276,0.2957903097696584,0.3931822238086739,,
SAM_efficientvit-t__detstats,ddti_7fdea6c059,ddti,,1,1,,,,,,,0.0,0.0
A_box,ddti_a24384ffc8,ddti,0.8327836990356445,1,1,0.9087637454181939,0.8327836814461952,11.0,3.9779021339625866,0.3870280869185579,0.014160931709899417,,
A_box__detstats,ddti_a24384ffc8,ddti,,1,1,,,,,,,0.0,0.0
A_otsu,ddti_a24384ffc8,ddti,0.7079854011535645,1,1,0.8290298147765613,0.7079854169116783,31.582427276792366,7.54636125989082,0.22391120102796838,0.07795129698253044,,
A_otsu__detstats,ddti_a24384ffc8,ddti,,1,1,,,,,,,0.0,0.0
A_otsu_fb,ddti_a24384ffc8,ddti,0.7079854011535645,1,1,0.8290298147765613,0.7079854169116783,31.582427276792366,7.54636125989082,0.22391120102796838,0.07795129698253044,,
A_otsu_fb__detstats,ddti_a24384ffc8,ddti,,1,1,,,,,,,0.0,0.0
A_select,ddti_a24384ffc8,ddti,0.7079854011535645,1,1,0.8290298147765613,0.7079854169116783,31.582427276792366,7.54636125989082,0.22391120102796838,0.07795129698253044,,
A_select__detstats,ddti_a24384ffc8,ddti,,1,1,,,,,,,0.0,0.0
B_seg,ddti_a24384ffc8,ddti,0.8210784196853638,1,1,0.901749663526245,0.821078431372549,12.041594578792296,4.425613325417582,0.2861163227016886,0.1633139227104288,,
B_seg__detstats,ddti_a24384ffc8,ddti,,1,1,,,,,,,0.0,0.0
SAM_edgesam,ddti_a24384ffc8,ddti,0.8344310522079468,1,1,0.9097437167265073,0.8344310697251873,9.219544457292887,4.0544322727963245,0.3040986579615524,0.13790365272631022,,
SAM_edgesam__detstats,ddti_a24384ffc8,ddti,,1,1,,,,,,,0.0,0.0
SAM_efficientvit-t,ddti_a24384ffc8,ddti,0.8778258562088013,1,1,0.9349385245901639,0.8778258778258778,5.656854249492381,2.5516725282509505,0.4473244968090329,0.06670195870831128,,
SAM_efficientvit-t__detstats,ddti_a24384ffc8,ddti,,1,1,,,,,,,0.0,0.0
A_box,ddti_2678dc79df,ddti,0.8762102127075195,1,1,0.9340213785477331,0.876210235131397,6.324555320336759,2.2894910184680564,0.6136940653760711,0.09010911650827173,,
A_box__detstats,ddti_2678dc79df,ddti,,1,1,,,,,,,0.0,0.0
A_otsu,ddti_2678dc79df,ddti,0.0,1,1,0.0,0.0,,,0.0,,,
A_otsu__detstats,ddti_2678dc79df,ddti,,1,1,,,,,,,1.0,1.0
A_otsu_fb,ddti_2678dc79df,ddti,0.0,1,1,0.0,0.0,,,0.0,,,
A_otsu_fb__detstats,ddti_2678dc79df,ddti,,1,1,,,,,,,1.0,1.0
A_select,ddti_2678dc79df,ddti,0.8762102127075195,1,1,0.9340213785477331,0.876210235131397,6.324555320336759,2.2894910184680564,0.6136940653760711,0.09010911650827173,,
A_select__detstats,ddti_2678dc79df,ddti,,1,1,,,,,,,0.0,0.0
B_seg,ddti_2678dc79df,ddti,0.8903546333312988,1,1,0.9419974623889795,0.8903546342299127,7.0,2.025742421351507,0.6651072966521525,0.05807814149947202,,
B_seg__detstats,ddti_2678dc79df,ddti,,1,1,,,,,,,0.0,0.0
SAM_edgesam,ddti_2678dc79df,ddti,0.8822442293167114,1,1,0.9374386434627399,0.8822442465983538,5.0,2.209702933791547,0.5757563301545545,0.0279831045406547,,
SAM_edgesam__detstats,ddti_2678dc79df,ddti,,1,1,,,,,,,0.0,0.0
SAM_efficientvit-t,ddti_2678dc79df,ddti,0.9142181873321533,1,1,0.9551870148200423,0.9142181695373185,4.024621125123524,1.5461528155472748,0.7398435754189944,0.004927842309046111,,
SAM_efficientvit-t__detstats,ddti_2678dc79df,ddti,,1,1,,,,,,,0.0,0.0
A_box,ddti_3cb770272f,ddti,0.7936784625053406,1,1,0.8849729429721105,0.7936784469885515,6.324555320336759,3.33798596341396,0.333447789096181,0.11433804290947149,,
A_box__detstats,ddti_3cb770272f,ddti,,1,1,,,,,,,0.0,0.0
A_otsu,ddti_3cb770272f,ddti,0.8549962639808655,1,1,0.9218307006885379,0.8549962434259955,6.708203932499369,2.2229435380026974,0.6134356113435612,0.06200941915227629,,
A_otsu__detstats,ddti_3cb770272f,ddti,,1,1,,,,,,,0.0,0.0
A_otsu_fb,ddti_3cb770272f,ddti,0.8549962639808655,1,1,0.9218307006885379,0.8549962434259955,6.708203932499369,2.2229435380026974,0.6134356113435612,0.06200941915227629,,
A_otsu_fb__detstats,ddti_3cb770272f,ddti,,1,1,,,,,,,0.0,0.0
A_select,ddti_3cb770272f,ddti,0.7936784625053406,1,1,0.8849729429721105,0.7936784469885515,6.324555320336759,3.33798596341396,0.333447789096181,0.11433804290947149,,
A_select__detstats,ddti_3cb770272f,ddti,,1,1,,,,,,,0.0,0.0
B_seg,ddti_3cb770272f,ddti,0.8787503242492676,1,1,0.9354625841362016,0.8787503099429705,4.158966144068143,1.8413469752758957,0.6260252929753543,0.017530088958660386,,
B_seg__detstats,ddti_3cb770272f,ddti,,1,1,,,,,,,0.0,0.0
SAM_edgesam,ddti_3cb770272f,ddti,0.8014954328536987,1,1,0.8898112197081269,0.8014954172696575,7.0,3.293528218218203,0.3470904350602132,0.045787545787545784,,
SAM_edgesam__detstats,ddti_3cb770272f,ddti,,1,1,,,,,,,0.0,0.0
SAM_efficientvit-t,ddti_3cb770272f,ddti,0.8312001824378967,1,1,0.9078201239614928,0.8312001931900507,6.4031242374328485,2.7072684764035833,0.45875645134303766,0.01596023024594453,,
SAM_efficientvit-t__detstats,ddti_3cb770272f,ddti,,1,1,,,,,,,0.0,0.0
A_box,ddti_97dac9ec47,ddti,0.0,1,1,0.0,0.0,,,0.0,,,
A_box__detstats,ddti_97dac9ec47,ddti,,1,1,,,,,,,1.0,1.0
A_otsu,ddti_97dac9ec47,ddti,0.0,1,1,0.0,0.0,,,0.0,,,
A_otsu__detstats,ddti_97dac9ec47,ddti,,1,1,,,,,,,1.0,1.0
A_otsu_fb,ddti_97dac9ec47,ddti,0.0,1,1,0.0,0.0,,,0.0,,,
A_otsu_fb__detstats,ddti_97dac9ec47,ddti,,1,1,,,,,,,1.0,1.0
A_select,ddti_97dac9ec47,ddti,0.0,1,1,0.0,0.0,,,0.0,,,
A_select__detstats,ddti_97dac9ec47,ddti,,1,1,,,,,,,1.0,1.0
B_seg,ddti_97dac9ec47,ddti,0.0,1,1,0.0,0.0,,,0.0,,,
B_seg__detstats,ddti_97dac9ec47,ddti,,1,1,,,,,,,1.0,1.0
SAM_edgesam,ddti_97dac9ec47,ddti,0.0,1,1,0.0,0.0,,,0.0,,,
SAM_edgesam__detstats,ddti_97dac9ec47,ddti,,1,1,,,,,,,1.0,1.0
SAM_efficientvit-t,ddti_97dac9ec47,ddti,0.0,1,1,0.0,0.0,,,0.0,,,
SAM_efficientvit-t__detstats,ddti_97dac9ec47,ddti,,1,1,,,,,,,1.0,1.0
A_box,ddti_12d95b37a4,ddti,0.7744874954223633,1,1,0.8729139922978177,0.7744874715261959,5.957737973711325,1.9870347839681304,0.6350618162412168,0.007731958762886598,,
A_box__detstats,ddti_12d95b37a4,ddti,,1,1,,,,,,,0.0,0.0
A_otsu,ddti_12d95b37a4,ddti,0.7957227230072021,1,1,0.8862422997946612,0.7957227138643068,5.0,1.8595106276695903,0.6731645359913854,0.09192439862542956,,
A_otsu__detstats,ddti_12d95b37a4,ddti,,1,1,,,,,,,0.0,0.0
A_otsu_fb,ddti_12d95b37a4,ddti,0.7957227230072021,1,1,0.8862422997946612,0.7957227138643068,5.0,1.8595106276695903,0.6731645359913854,0.09192439862542956,,
A_otsu_fb__detstats,ddti_12d95b37a4,ddti,,1,1,,,,,,,0.0,0.0
A_select,ddti_12d95b37a4,ddti,0.7744874954223633,1,1,0.8729139922978177,0.7744874715261959,5.957737973711325,1.9870347839681304,0.6350618162412168,0.007731958762886598,,
A_select__detstats,ddti_12d95b37a4,ddti,,1,1,,,,,,,0.0,0.0
B_seg,ddti_12d95b37a4,ddti,0.7562326788902283,1,1,0.861198738170347,0.7562326869806094,5.0,2.3207088750906815,0.5377643504531723,0.17869415807560138,,
B_seg__detstats,ddti_12d95b37a4,ddti,,1,1,,,,,,,0.0,0.0
SAM_edgesam,ddti_12d95b37a4,ddti,0.7220339179039001,1,1,0.8385826771653543,0.7220338983050848,8.54400374531753,2.8320205323378067,0.5688061321840971,0.18213058419243985,,
SAM_edgesam__detstats,ddti_12d95b37a4,ddti,,1,1,,,,,,,0.0,0.0
SAM_efficientvit-t,ddti_12d95b37a4,ddti,0.7009872794151306,1,1,0.824212271973466,0.7009873060648801,8.305769750051759,3.021987559921119,0.45450958039198486,0.07216494845360824,,
SAM_efficientvit-t__detstats,ddti_12d95b37a4,ddti,,1,1,,,,,,,0.0,0.0
A_box,ddti_b1ee2d97ca,ddti,0.7667081952095032,1,1,0.8679511278195489,0.7667081776670818,6.4031242374328485,2.811662292686334,0.47567300568041493,0.17417417417417416,,
A_box__detstats,ddti_b1ee2d97ca,ddti,,1,1,,,,,,,0.0,0.0
A_otsu,ddti_b1ee2d97ca,ddti,0.7708860635757446,1,1,0.8706218727662616,0.7708860759493671,6.4031242374328485,2.748691751071496,0.4977973568281938,0.1994851994851995,,
A_otsu__detstats,ddti_b1ee2d97ca,ddti,,1,1,,,,,,,0.0,0.0
A_otsu_fb,ddti_b1ee2d97ca,ddti,0.7708860635757446,1,1,0.8706218727662616,0.7708860759493671,6.4031242374328485,2.748691751071496,0.4977973568281938,0.1994851994851995,,
A_otsu_fb__detstats,ddti_b1ee2d97ca,ddti,,1,1,,,,,,,0.0,0.0
A_select,ddti_b1ee2d97ca,ddti,0.7667081952095032,1,1,0.8679511278195489,0.7667081776670818,6.4031242374328485,2.811662292686334,0.47567300568041493,0.17417417417417416,,
A_select__detstats,ddti_b1ee2d97ca,ddti,,1,1,,,,,,,0.0,0.0
B_seg,ddti_b1ee2d97ca,ddti,0.8154142498970032,1,1,0.8983230736573976,0.8154142581888246,6.0,2.3208970673457543,0.5905904270096253,0.021021021021021023,,
B_seg__detstats,ddti_b1ee2d97ca,ddti,,1,1,,,,,,,0.0,0.0
SAM_edgesam,ddti_b1ee2d97ca,ddti,0.8230584263801575,1,1,0.9029424681598595,0.8230584467574059,6.593109348850582,2.167192168179575,0.6441584281539513,0.04633204633204633,,
SAM_edgesam__detstats,ddti_b1ee2d97ca,ddti,,1,1,,,,,,,0.0,0.0
SAM_efficientvit-t,ddti_b1ee2d97ca,ddti,0.8207623958587646,1,1,0.9015590200445435,0.8207623682076237,6.0,2.1936955958888746,0.5990441326011796,0.07378807378807378,,
SAM_efficientvit-t__detstats,ddti_b1ee2d97ca,ddti,,1,1,,,,,,,0.0,0.0
A_box,ddti_be9223a0e9,ddti,0.7053611278533936,1,2,0.8272278513899715,0.7053610988037218,7.0710678118654755,3.5790524980958582,0.3274403246887253,0.37739345274861025,,
A_box__detstats,ddti_be9223a0e9,ddti,,1,2,,,,,,,0.0,1.0
A_otsu,ddti_be9223a0e9,ddti,0.5764235854148865,1,2,0.7313054499366286,0.5764235764235764,8.54400374531753,2.9608318758325325,0.46023011505752875,0.0506485484867202,,
A_otsu__detstats,ddti_be9223a0e9,ddti,,1,2,,,,,,,0.0,1.0
A_otsu_fb,ddti_be9223a0e9,ddti,0.5764235854148865,1,2,0.7313054499366286,0.5764235764235764,8.54400374531753,2.9608318758325325,0.46023011505752875,0.0506485484867202,,
A_otsu_fb__detstats,ddti_be9223a0e9,ddti,,1,2,,,,,,,0.0,1.0
A_select,ddti_be9223a0e9,ddti,0.5764235854148865,1,2,0.7313054499366286,0.5764235764235764,8.54400374531753,2.9608318758325325,0.46023011505752875,0.0506485484867202,,
A_select__detstats,ddti_be9223a0e9,ddti,,1,2,,,,,,,0.0,1.0
B_seg,ddti_be9223a0e9,ddti,0.5905916690826416,1,1,0.7426062846580407,0.5905916942300625,17.0,5.726891456925596,0.27784318342359315,0.6732550957381099,,
B_seg__detstats,ddti_be9223a0e9,ddti,,1,1,,,,,,,0.0,0.0
SAM_edgesam,ddti_be9223a0e9,ddti,0.7397133708000183,1,2,0.8503853308530428,0.7397133610725843,8.06225774829855,3.1159689879769226,0.4276479363500746,0.3242742433600988,,
SAM_edgesam__detstats,ddti_be9223a0e9,ddti,,1,2,,,,,,,0.0,1.0
SAM_efficientvit-t,ddti_be9223a0e9,ddti,0.7378329038619995,1,2,0.8491413474240422,0.7378328741965106,8.052919086053764,3.0445366804538154,0.46190476190476193,0.3378628783199506,,
SAM_efficientvit-t__detstats,ddti_be9223a0e9,ddti,,1,2,,,,,,,0.0,1.0
A_box,ddti_2a1acce5a7,ddti,0.7208829522132874,1,2,0.8378059071729957,0.7208829509148998,12.0,6.212232787531353,0.14325842696629212,0.16557017543859648,,
A_box__detstats,ddti_2a1acce5a7,ddti,,1,2,,,,,,,0.0,1.0
A_otsu,ddti_2a1acce5a7,ddti,0.0,1,2,0.0,0.0,,,0.0,,,
A_otsu__detstats,ddti_2a1acce5a7,ddti,,1,2,,,,,,,1.0,2.0
A_otsu_fb,ddti_2a1acce5a7,ddti,0.0,1,2,0.0,0.0,,,0.0,,,
A_otsu_fb__detstats,ddti_2a1acce5a7,ddti,,1,2,,,,,,,1.0,2.0
A_select,ddti_2a1acce5a7,ddti,0.7208829522132874,1,2,0.8378059071729957,0.7208829509148998,12.0,6.212232787531353,0.14325842696629212,0.16557017543859648,,
A_select__detstats,ddti_2a1acce5a7,ddti,,1,2,,,,,,,0.0,1.0
B_seg,ddti_2a1acce5a7,ddti,0.8508653044700623,1,1,0.9194243285360711,0.8508652867322701,5.0990195135927845,2.795410939093073,0.4322766570605187,0.006396198830409356,,
B_seg__detstats,ddti_2a1acce5a7,ddti,,1,1,,,,,,,0.0,0.0
SAM_edgesam,ddti_2a1acce5a7,ddti,0.8189094662666321,1,2,0.9004400440044005,0.8189094547273637,11.79061398784697,3.5117109671192344,0.41733905579399144,0.006578947368421052,,
SAM_edgesam__detstats,ddti_2a1acce5a7,ddti,,1,2,,,,,,,0.0,1.0
SAM_efficientvit-t,ddti_2a1acce5a7,ddti,0.8235194683074951,1,2,0.9032198199870094,0.8235194585448392,12.214693678789658,3.391686345566185,0.4880901743938749,0.030519005847953216,,
SAM_efficientvit-t__detstats,ddti_2a1acce5a7,ddti,,1,2,,,,,,,0.0,1.0
A_box,ddti_e045a21668,ddti,0.8160278797149658,1,1,0.898695318495779,0.8160278745644599,11.702560104668171,4.504780309650068,0.31495293741897906,0.004339502233567326,,
A_box__detstats,ddti_e045a21668,ddti,,1,1,,,,,,,0.0,0.0
A_otsu,ddti_e045a21668,ddti,0.7373820543289185,1,1,0.8488427339985067,0.7373820754716981,15.811388300841896,6.263795782341306,0.23370545507726806,0.11959157626037013,,
A_otsu__detstats,ddti_e045a21668,ddti,,1,1,,,,,,,0.0,0.0
A_otsu_fb,ddti_e045a21668,ddti,0.7373820543289185,1,1,0.8488427339985067,0.7373820754716981,15.811388300841896,6.263795782341306,0.23370545507726806,0.11959157626037013,,
A_otsu_fb__detstats,ddti_e045a21668,ddti,,1,1,,,,,,,0.0,0.0
A_select,ddti_e045a21668,ddti,0.7373820543289185,1,1,0.8488427339985067,0.7373820754716981,15.811388300841896,6.263795782341306,0.23370545507726806,0.11959157626037013,,
A_select__detstats,ddti_e045a21668,ddti,,1,1,,,,,,,0.0,0.0
B_seg,ddti_e045a21668,ddti,0.8631336688995361,1,1,0.9265396982438783,0.8631336405529954,9.219544457292887,3.2526164159090047,0.4997561825148032,0.06407147415443523,,
B_seg__detstats,ddti_e045a21668,ddti,,1,1,,,,,,,0.0,0.0
SAM_edgesam,ddti_e045a21668,ddti,0.8538875579833984,1,1,0.9211859255757412,0.8538875672968574,8.246211251235321,3.2723372266168065,0.4490449924138224,0.11014677728142948,,
SAM_edgesam__detstats,ddti_e045a21668,ddti,,1,1,,,,,,,0.0,0.0
SAM_efficientvit-t,ddti_e045a21668,ddti,0.8646360039710999,1,1,0.9274045956754559,0.8646359959555107,7.615773105863909,2.9495466036623883,0.4665012406947891,0.11703892788768347,,
SAM_efficientvit-t__detstats,ddti_e045a21668,ddti,,1,1,,,,,,,0.0,0.0
A_box,ddti_1c55c900ff,ddti,0.0,1,1,0.0,0.0,,,0.0,,,
A_box__detstats,ddti_1c55c900ff,ddti,,1,1,,,,,,,1.0,1.0
A_otsu,ddti_1c55c900ff,ddti,0.0,1,1,0.0,0.0,,,0.0,,,
A_otsu__detstats,ddti_1c55c900ff,ddti,,1,1,,,,,,,1.0,1.0
A_otsu_fb,ddti_1c55c900ff,ddti,0.0,1,1,0.0,0.0,,,0.0,,,
A_otsu_fb__detstats,ddti_1c55c900ff,ddti,,1,1,,,,,,,1.0,1.0
A_select,ddti_1c55c900ff,ddti,0.0,1,1,0.0,0.0,,,0.0,,,
A_select__detstats,ddti_1c55c900ff,ddti,,1,1,,,,,,,1.0,1.0
B_seg,ddti_1c55c900ff,ddti,0.6480031609535217,1,2,0.7864100736516988,0.6480031323414253,43.41658669218482,17.87393364481848,0.06477352734099975,0.16013405216377677,,
B_seg__detstats,ddti_1c55c900ff,ddti,,1,2,,,,,,,0.0,1.0
SAM_edgesam,ddti_1c55c900ff,ddti,0.0,1,1,0.0,0.0,,,0.0,,,
SAM_edgesam__detstats,ddti_1c55c900ff,ddti,,1,1,,,,,,,1.0,1.0
SAM_efficientvit-t,ddti_1c55c900ff,ddti,0.0,1,1,0.0,0.0,,,0.0,,,
SAM_efficientvit-t__detstats,ddti_1c55c900ff,ddti,,1,1,,,,,,,1.0,1.0
A_box,ddti_a76252d2b4,ddti,0.7084603905677795,1,1,0.8293553424046397,0.7084603658536586,7.0,3.7676478831602545,0.2366236162361624,0.11262959472196042,,
A_box__detstats,ddti_a76252d2b4,ddti,,1,1,,,,,,,0.0,0.0
A_otsu,ddti_a76252d2b4,ddti,0.7039369940757751,1,1,0.8262476894639557,0.7039370078740157,7.0710678118654755,3.7243876942139007,0.3380440290524182,0.03958529688972667,,
A_otsu__detstats,ddti_a76252d2b4,ddti,,1,1,,,,,,,0.0,0.0
A_otsu_fb,ddti_a76252d2b4,ddti,0.7039369940757751,1,1,0.8262476894639557,0.7039370078740157,7.0710678118654755,3.7243876942139007,0.3380440290524182,0.03958529688972667,,
A_otsu_fb__detstats,ddti_a76252d2b4,ddti,,1,1,,,,,,,0.0,0.0
A_select,ddti_a76252d2b4,ddti,0.7084603905677795,1,1,0.8293553424046397,0.7084603658536586,7.0,3.7676478831602545,0.2366236162361624,0.11262959472196042,,
A_select__detstats,ddti_a76252d2b4,ddti,,1,1,,,,,,,0.0,0.0
B_seg,ddti_a76252d2b4,ddti,0.7239218354225159,1,1,0.8398546076544794,0.7239218577220788,8.94427190999916,3.5928099467682912,0.3328528661714159,0.20405278039585298,,
B_seg__detstats,ddti_a76252d2b4,ddti,,1,1,,,,,,,0.0,0.0
SAM_edgesam,ddti_a76252d2b4,ddti,0.7118217945098877,1,1,0.8316540722082284,0.7118217750628818,8.0,3.975835835142104,0.27776818103299356,0.24505183788878418,,
SAM_edgesam__detstats,ddti_a76252d2b4,ddti,,1,1,,,,,,,0.0,0.0
SAM_efficientvit-t,ddti_a76252d2b4,ddti,0.7289201021194458,1,1,0.8432085561497327,0.7289201183431953,7.615773105863909,3.552725766671434,0.3650648160272358,0.20311027332704995,,
SAM_efficientvit-t__detstats,ddti_a76252d2b4,ddti,,1,1,,,,,,,0.0,0.0
A_box,ddti_187f4dab10,ddti,0.6610720157623291,1,1,0.7959582790091264,0.6610720086626962,7.615773105863909,3.7444811401958606,0.30771951543018833,0.3124312431243124,,
A_box__detstats,ddti_187f4dab10,ddti,,1,1,,,,,,,0.0,0.0
A_otsu,ddti_187f4dab10,ddti,0.6849917769432068,1,1,0.8130505709624796,0.6849917537108301,7.615773105863909,3.4574575870098316,0.33267294039953776,0.3140814081408141,,
A_otsu__detstats,ddti_187f4dab10,ddti,,1,1,,,,,,,0.0,0.0
A_otsu_fb,ddti_187f4dab10,ddti,0.6849917769432068,1,1,0.8130505709624796,0.6849917537108301,7.615773105863909,3.4574575870098316,0.33267294039953776,0.3140814081408141,,
A_otsu_fb__detstats,ddti_187f4dab10,ddti,,1,1,,,,,,,0.0,0.0
A_select,ddti_187f4dab10,ddti,0.6849917769432068,1,1,0.8130505709624796,0.6849917537108301,7.615773105863909,3.4574575870098316,0.33267294039953776,0.3140814081408141,,
A_select__detstats,ddti_187f4dab10,ddti,,1,1,,,,,,,0.0,0.0
B_seg,ddti_187f4dab10,ddti,0.0,1,0,0.0,0.0,,,0.0,,,
B_seg__detstats,ddti_187f4dab10,ddti,,1,0,,,,,,,1.0,0.0
SAM_edgesam,ddti_187f4dab10,ddti,0.6840108633041382,1,1,0.8123591889282266,0.6840108401084011,8.246211251235321,3.4660859110284292,0.4206717640633534,0.290979097909791,,
SAM_edgesam__detstats,ddti_187f4dab10,ddti,,1,1,,,,,,,0.0,0.0
SAM_efficientvit-t,ddti_187f4dab10,ddti,0.6878980994224548,1,1,0.8150943396226416,0.6878980891719745,8.163432174913776,3.500236193986125,0.42342590046741824,0.2508250825082508,,
SAM_efficientvit-t__detstats,ddti_187f4dab10,ddti,,1,1,,,,,,,0.0,0.0
A_box,ddti_4016772991,ddti,0.6184840202331543,1,2,0.7642757118406721,0.6184840090657265,19.0,6.630641438438859,0.1285444234404537,0.61685667752443,,
A_box__detstats,ddti_4016772991,ddti,,1,2,,,,,,,0.0,1.0
A_otsu,ddti_4016772991,ddti,0.6134033799171448,1,2,0.7603843769373838,0.6134033508377095,19.951158249361328,6.738829252494636,0.14271585402037384,0.6270358306188925,,
A_otsu__detstats,ddti_4016772991,ddti,,1,2,,,,,,,0.0,1.0
A_otsu_fb,ddti_4016772991,ddti,0.6134033799171448,1,2,0.7603843769373838,0.6134033508377095,19.951158249361328,6.738829252494636,0.14271585402037384,0.6270358306188925,,
A_otsu_fb__detstats,ddti_4016772991,ddti,,1,2,,,,,,,0.0,1.0
A_select,ddti_4016772991,ddti,0.6184840202331543,1,2,0.7642757118406721,0.6184840090657265,19.0,6.630641438438859,0.1285444234404537,0.61685667752443,,
A_select__detstats,ddti_4016772991,ddti,,1,2,,,,,,,0.0,1.0
B_seg,ddti_4016772991,ddti,0.5895450115203857,1,1,0.7417783191230207,0.5895450145208132,14.203625527571846,6.959560585589217,0.18824430670659517,0.6742671009771987,,
B_seg__detstats,ddti_4016772991,ddti,,1,1,,,,,,,0.0,0.0
SAM_edgesam,ddti_4016772991,ddti,0.5570424199104309,1,2,0.7155134741442097,0.557042413245634,20.54969310597315,8.726937301804213,0.14076970570076147,0.7951954397394136,,
SAM_edgesam__detstats,ddti_4016772991,ddti,,1,2,,,,,,,0.0,1.0
SAM_efficientvit-t,ddti_4016772991,ddti,0.5811642408370972,1,2,0.7351092487279258,0.5811642214860389,13.0,7.738217320121258,0.040515653775322284,0.7206840390879479,,
SAM_efficientvit-t__detstats,ddti_4016772991,ddti,,1,2,,,,,,,0.0,1.0
A_box,ddti_dc43010854,ddti,0.0,1,2,0.0,0.0,,,0.0,,,
A_box__detstats,ddti_dc43010854,ddti,,1,2,,,,,,,1.0,2.0
A_otsu,ddti_dc43010854,ddti,0.0,1,2,0.0,0.0,,,0.0,,,
A_otsu__detstats,ddti_dc43010854,ddti,,1,2,,,,,,,1.0,2.0
A_otsu_fb,ddti_dc43010854,ddti,0.0,1,2,0.0,0.0,,,0.0,,,
A_otsu_fb__detstats,ddti_dc43010854,ddti,,1,2,,,,,,,1.0,2.0
A_select,ddti_dc43010854,ddti,0.0,1,2,0.0,0.0,,,0.0,,,
A_select__detstats,ddti_dc43010854,ddti,,1,2,,,,,,,1.0,2.0
B_seg,ddti_dc43010854,ddti,0.0,1,1,0.0,0.0,,,0.0,,,
B_seg__detstats,ddti_dc43010854,ddti,,1,1,,,,,,,1.0,1.0
SAM_edgesam,ddti_dc43010854,ddti,0.5096448063850403,1,2,0.675185054635178,0.5096448051084209,31.3248911769854,12.674039980464087,0.096812175657407,0.9437094682230869,,
SAM_edgesam__detstats,ddti_dc43010854,ddti,,1,2,,,,,,,0.0,1.0
SAM_efficientvit-t,ddti_dc43010854,ddti,0.5355046391487122,1,2,0.6974965862539827,0.5355046128040257,33.1058907144937,11.75002331260978,0.19948935531108025,0.8495460440985733,,
SAM_efficientvit-t__detstats,ddti_dc43010854,ddti,,1,2,,,,,,,0.0,1.0
A_box,ddti_043379d4b4,ddti,0.0,1,0,0.0,0.0,,,0.0,,,
A_box__detstats,ddti_043379d4b4,ddti,,1,0,,,,,,,1.0,0.0
A_otsu,ddti_043379d4b4,ddti,0.0,1,0,0.0,0.0,,,0.0,,,
A_otsu__detstats,ddti_043379d4b4,ddti,,1,0,,,,,,,1.0,0.0
A_otsu_fb,ddti_043379d4b4,ddti,0.0,1,0,0.0,0.0,,,0.0,,,
A_otsu_fb__detstats,ddti_043379d4b4,ddti,,1,0,,,,,,,1.0,0.0
A_select,ddti_043379d4b4,ddti,0.0,1,0,0.0,0.0,,,0.0,,,
A_select__detstats,ddti_043379d4b4,ddti,,1,0,,,,,,,1.0,0.0
B_seg,ddti_043379d4b4,ddti,0.6159090995788574,1,1,0.7623066104078763,0.615909090909091,14.0,3.530367856866569,0.48685843203609697,0.034101382488479264,,
B_seg__detstats,ddti_043379d4b4,ddti,,1,1,,,,,,,0.0,0.0
SAM_edgesam,ddti_043379d4b4,ddti,0.0,1,0,0.0,0.0,,,0.0,,,
SAM_edgesam__detstats,ddti_043379d4b4,ddti,,1,0,,,,,,,1.0,0.0
SAM_efficientvit-t,ddti_043379d4b4,ddti,0.0,1,0,0.0,0.0,,,0.0,,,
SAM_efficientvit-t__detstats,ddti_043379d4b4,ddti,,1,0,,,,,,,1.0,0.0
A_box,ddti_9c90160b14,ddti,0.0,1,1,0.0,0.0,,,0.0,,,
A_box__detstats,ddti_9c90160b14,ddti,,1,1,,,,,,,1.0,1.0
A_otsu,ddti_9c90160b14,ddti,0.0,1,1,0.0,0.0,,,0.0,,,
A_otsu__detstats,ddti_9c90160b14,ddti,,1,1,,,,,,,1.0,1.0
A_otsu_fb,ddti_9c90160b14,ddti,0.0,1,1,0.0,0.0,,,0.0,,,
A_otsu_fb__detstats,ddti_9c90160b14,ddti,,1,1,,,,,,,1.0,1.0
A_select,ddti_9c90160b14,ddti,0.0,1,1,0.0,0.0,,,0.0,,,
A_select__detstats,ddti_9c90160b14,ddti,,1,1,,,,,,,1.0,1.0
B_seg,ddti_9c90160b14,ddti,0.0,1,1,0.0,0.0,,,0.0,,,
B_seg__detstats,ddti_9c90160b14,ddti,,1,1,,,,,,,1.0,1.0
SAM_edgesam,ddti_9c90160b14,ddti,0.0,1,1,0.0,0.0,,,0.0,,,
SAM_edgesam__detstats,ddti_9c90160b14,ddti,,1,1,,,,,,,1.0,1.0
SAM_efficientvit-t,ddti_9c90160b14,ddti,0.0,1,1,0.0,0.0,,,0.0,,,
SAM_efficientvit-t__detstats,ddti_9c90160b14,ddti,,1,1,,,,,,,1.0,1.0
A_box,ddti_787c8b3c4b,ddti,0.796629011631012,1,1,0.8868041237113402,0.796629005371365,7.664392248374595,3.764078756968046,0.2441439179251713,0.051817634063064874,,
A_box__detstats,ddti_787c8b3c4b,ddti,,1,1,,,,,,,0.0,0.0
A_otsu,ddti_787c8b3c4b,ddti,0.8078690767288208,1,1,0.8937252110241025,0.8078690935833793,8.0,3.642412100365651,0.3176542455711668,0.02510544286001205,,
A_otsu__detstats,ddti_787c8b3c4b,ddti,,1,1,,,,,,,0.0,0.0
A_otsu_fb,ddti_787c8b3c4b,ddti,0.8078690767288208,1,1,0.8937252110241025,0.8078690935833793,8.0,3.642412100365651,0.3176542455711668,0.02510544286001205,,
A_otsu_fb__detstats,ddti_787c8b3c4b,ddti,,1,1,,,,,,,0.0,0.0
A_select,ddti_787c8b3c4b,ddti,0.796629011631012,1,1,0.8868041237113402,0.796629005371365,7.664392248374595,3.764078756968046,0.2441439179251713,0.051817634063064874,,
A_select__detstats,ddti_787c8b3c4b,ddti,,1,1,,,,,,,0.0,0.0
B_seg,ddti_787c8b3c4b,ddti,0.7791978120803833,1,1,0.8758978892695325,0.7791977978765238,13.987392590922859,4.020781733926052,0.5681632653061226,0.18256678047800765,,
B_seg__detstats,ddti_787c8b3c4b,ddti,,1,1,,,,,,,0.0,0.0
SAM_edgesam,ddti_787c8b3c4b,ddti,0.8173453211784363,1,1,0.8994936981579231,0.81734534064213,10.198039027185569,3.426810223683929,0.4693427437141597,0.13556939144406507,,
SAM_edgesam__detstats,ddti_787c8b3c4b,ddti,,1,1,,,,,,,0.0,0.0
SAM_efficientvit-t,ddti_787c8b3c4b,ddti,0.8147581815719604,1,1,0.8979247866849257,0.8147581724335691,11.0,3.4452463285741235,0.522833525908808,0.09339224743924483,,
SAM_efficientvit-t__detstats,ddti_787c8b3c4b,ddti,,1,1,,,,,,,0.0,0.0
A_box,ddti_233bdfbf21,ddti,0.9183585047721863,1,1,0.9574420175636118,0.9183585313174946,2.8284271247461903,0.9473685026828722,0.8749221045134871,0.004044943820224719,,
A_box__detstats,ddti_233bdfbf21,ddti,,1,1,,,,,,,0.0,0.0
A_otsu,ddti_233bdfbf21,ddti,0.9109559059143066,1,1,0.9534033805390589,0.9109559144478394,3.0,1.0037314041432883,0.8742397293498675,0.032359550561797755,,
A_otsu__detstats,ddti_233bdfbf21,ddti,,1,1,,,,,,,0.0,0.0
A_otsu_fb,ddti_233bdfbf21,ddti,0.9109559059143066,1,1,0.9534033805390589,0.9109559144478394,3.0,1.0037314041432883,0.8742397293498675,0.032359550561797755,,
A_otsu_fb__detstats,ddti_233bdfbf21,ddti,,1,1,,,,,,,0.0,0.0
A_select,ddti_233bdfbf21,ddti,0.9109559059143066,1,1,0.9534033805390589,0.9109559144478394,3.0,1.0037314041432883,0.8742397293498675,0.032359550561797755,,
A_select__detstats,ddti_233bdfbf21,ddti,,1,1,,,,,,,0.0,0.0
B_seg,ddti_233bdfbf21,ddti,0.9334493279457092,1,1,0.9655793025871766,0.9334493257938234,2.0,0.7635555722661893,0.9713602139187952,0.0022471910112359553,,
B_seg__detstats,ddti_233bdfbf21,ddti,,1,1,,,,,,,0.0,0.0
SAM_edgesam,ddti_233bdfbf21,ddti,0.9000425338745117,1,1,0.947391985672711,0.9000425350914505,5.0,1.2573724303478544,0.8113663166170606,0.007640449438202248,,
SAM_edgesam__detstats,ddti_233bdfbf21,ddti,,1,1,,,,,,,0.0,0.0
SAM_efficientvit-t,ddti_233bdfbf21,ddti,0.9313640594482422,1,1,0.9644624381466487,0.9313640312771503,2.23606797749979,0.804826678708067,0.9190456216536308,0.0017977528089887641,,
SAM_efficientvit-t__detstats,ddti_233bdfbf21,ddti,,1,1,,,,,,,0.0,0.0
A_box,ddti_ac743820ef,ddti,0.7475284934043884,1,1,0.855526544821584,0.7475285171102661,5.0,2.2628137354423066,0.5396825396825397,0.03421727972626176,,
A_box__detstats,ddti_ac743820ef,ddti,,1,1,,,,,,,0.0,0.0
A_otsu,ddti_ac743820ef,ddti,0.7200000286102295,1,1,0.8372093023255814,0.72,5.0,2.6393870861617295,0.4031798410079496,0.013686911890504704,,
A_otsu__detstats,ddti_ac743820ef,ddti,,1,1,,,,,,,0.0,0.0
A_otsu_fb,ddti_ac743820ef,ddti,0.7200000286102295,1,1,0.8372093023255814,0.72,5.0,2.6393870861617295,0.4031798410079496,0.013686911890504704,,
A_otsu_fb__detstats,ddti_ac743820ef,ddti,,1,1,,,,,,,0.0,0.0
A_select,ddti_ac743820ef,ddti,0.7200000286102295,1,1,0.8372093023255814,0.72,5.0,2.6393870861617295,0.4031798410079496,0.013686911890504704,,
A_select__detstats,ddti_ac743820ef,ddti,,1,1,,,,,,,0.0,0.0
B_seg,ddti_ac743820ef,ddti,0.7598944306373596,1,1,0.863568215892054,0.7598944591029023,7.0,2.3876462216494083,0.5757575757575758,0.2822925577416595,,
B_seg__detstats,ddti_ac743820ef,ddti,,1,1,,,,,,,0.0,0.0
SAM_edgesam,ddti_ac743820ef,ddti,0.7365421056747437,1,1,0.8482859226841721,0.7365421152628245,5.4802561119597515,2.7912386756959036,0.35928143712574856,0.3455945252352438,,
SAM_edgesam__detstats,ddti_ac743820ef,ddti,,1,1,,,,,,,0.0,0.0
SAM_efficientvit-t,ddti_ac743820ef,ddti,0.7356687784194946,1,1,0.8477064220183487,0.7356687898089171,6.708203932499369,2.830090463435735,0.49944690265486724,0.33105218135158254,,
SAM_efficientvit-t__detstats,ddti_ac743820ef,ddti,,1,1,,,,,,,0.0,0.0
A_box,ddti_7599103e43,ddti,0.8015866279602051,1,1,0.8898674197099506,0.8015866172285936,12.041594578792296,5.475643821590691,0.15270413573700956,0.2343064912843546,,
A_box__detstats,ddti_7599103e43,ddti,,1,1,,,,,,,0.0,0.0
A_otsu,ddti_7599103e43,ddti,0.6693476438522339,1,1,0.8019271948608137,0.6693476318141197,26.551809326887764,7.804265583638468,0.14521748423640055,0.20211742059672763,,
A_otsu__detstats,ddti_7599103e43,ddti,,1,1,,,,,,,0.0,0.0
A_otsu_fb,ddti_7599103e43,ddti,0.6693476438522339,1,1,0.8019271948608137,0.6693476318141197,26.551809326887764,7.804265583638468,0.14521748423640055,0.20211742059672763,,
A_otsu_fb__detstats,ddti_7599103e43,ddti,,1,1,,,,,,,0.0,0.0
A_select,ddti_7599103e43,ddti,0.6693476438522339,1,1,0.8019271948608137,0.6693476318141197,26.551809326887764,7.804265583638468,0.14521748423640055,0.20211742059672763,,
A_select__detstats,ddti_7599103e43,ddti,,1,1,,,,,,,0.0,0.0
B_seg,ddti_7599103e43,ddti,0.7980522513389587,1,1,0.8876852907639681,0.7980522808815992,14.142135623730951,5.684473391331244,0.1925449565320948,0.25088225858196983,,
B_seg__detstats,ddti_7599103e43,ddti,,1,1,,,,,,,0.0,0.0
SAM_edgesam,ddti_7599103e43,ddti,0.882388174533844,1,1,0.9375198896785828,0.882388178913738,5.656854249492381,2.980632489902941,0.3240962481468811,0.01625494599508074,,
SAM_edgesam__detstats,ddti_7599103e43,ddti,,1,1,,,,,,,0.0,0.0
SAM_efficientvit-t,ddti_7599103e43,ddti,0.8680914640426636,1,1,0.9293886021390944,0.8680914512922465,7.238705486268993,3.1842504924449315,0.4199883336573984,0.009731579510212812,,
SAM_efficientvit-t__detstats,ddti_7599103e43,ddti,,1,1,,,,,,,0.0,0.0
A_box,ddti_6c5aa6a01f,ddti,0.8015866279602051,1,1,0.8898674197099506,0.8015866172285936,12.041594578792296,5.475643821590691,0.15270413573700956,0.2343064912843546,,
A_box__detstats,ddti_6c5aa6a01f,ddti,,1,1,,,,,,,0.0,0.0
A_otsu,ddti_6c5aa6a01f,ddti,0.6693476438522339,1,1,0.8019271948608137,0.6693476318141197,26.551809326887764,7.804265583638468,0.14521748423640055,0.20211742059672763,,
A_otsu__detstats,ddti_6c5aa6a01f,ddti,,1,1,,,,,,,0.0,0.0
A_otsu_fb,ddti_6c5aa6a01f,ddti,0.6693476438522339,1,1,0.8019271948608137,0.6693476318141197,26.551809326887764,7.804265583638468,0.14521748423640055,0.20211742059672763,,
A_otsu_fb__detstats,ddti_6c5aa6a01f,ddti,,1,1,,,,,,,0.0,0.0
A_select,ddti_6c5aa6a01f,ddti,0.6693476438522339,1,1,0.8019271948608137,0.6693476318141197,26.551809326887764,7.804265583638468,0.14521748423640055,0.20211742059672763,,
A_select__detstats,ddti_6c5aa6a01f,ddti,,1,1,,,,,,,0.0,0.0
B_seg,ddti_6c5aa6a01f,ddti,0.7980522513389587,1,1,0.8876852907639681,0.7980522808815992,14.142135623730951,5.684473391331244,0.1925449565320948,0.25088225858196983,,
B_seg__detstats,ddti_6c5aa6a01f,ddti,,1,1,,,,,,,0.0,0.0
SAM_edgesam,ddti_6c5aa6a01f,ddti,0.882388174533844,1,1,0.9375198896785828,0.882388178913738,5.656854249492381,2.980632489902941,0.3240962481468811,0.01625494599508074,,
SAM_edgesam__detstats,ddti_6c5aa6a01f,ddti,,1,1,,,,,,,0.0,0.0
SAM_efficientvit-t,ddti_6c5aa6a01f,ddti,0.8680914640426636,1,1,0.9293886021390944,0.8680914512922465,7.238705486268993,3.1842504924449315,0.4199883336573984,0.009731579510212812,,
SAM_efficientvit-t__detstats,ddti_6c5aa6a01f,ddti,,1,1,,,,,,,0.0,0.0
A_box,ddti_a94de71ed0,ddti,0.5173913240432739,1,1,0.6819484240687679,0.5173913043478261,20.615528128088304,9.83831410270517,0.09366502165374156,0.7670961347869177,,
A_box__detstats,ddti_a94de71ed0,ddti,,1,1,,,,,,,0.0,0.0
A_otsu,ddti_a94de71ed0,ddti,0.0,1,1,0.0,0.0,,,0.0,,,
A_otsu__detstats,ddti_a94de71ed0,ddti,,1,1,,,,,,,1.0,1.0
A_otsu_fb,ddti_a94de71ed0,ddti,0.0,1,1,0.0,0.0,,,0.0,,,
A_otsu_fb__detstats,ddti_a94de71ed0,ddti,,1,1,,,,,,,1.0,1.0
A_select,ddti_a94de71ed0,ddti,0.5173913240432739,1,1,0.6819484240687679,0.5173913043478261,20.615528128088304,9.83831410270517,0.09366502165374156,0.7670961347869177,,
A_select__detstats,ddti_a94de71ed0,ddti,,1,1,,,,,,,0.0,0.0
B_seg,ddti_a94de71ed0,ddti,0.5925999283790588,1,1,0.7441918250714374,0.5925999208547685,18.0,7.337899501077471,0.1757549887952193,0.6590683845391476,,
B_seg__detstats,ddti_a94de71ed0,ddti,,1,1,,,,,,,0.0,0.0
SAM_edgesam,ddti_a94de71ed0,ddti,0.551914632320404,1,1,0.7112693346427694,0.5519146504096019,18.26467841486333,8.961384610348222,0.13525530694205393,0.6911133135117278,,
SAM_edgesam__detstats,ddti_a94de71ed0,ddti,,1,1,,,,,,,0.0,0.0
SAM_efficientvit-t,ddti_a94de71ed0,ddti,0.560030996799469,1,1,0.717974180734856,0.5600309837335399,18.745593213741326,8.344952800366933,0.16683083330988097,0.6613809051866535,,
SAM_efficientvit-t__detstats,ddti_a94de71ed0,ddti,,1,1,,,,,,,0.0,0.0
A_box,ddti_e217109e28,ddti,0.5942184329032898,1,2,0.7454667562122229,0.5942184154175589,14.524990489369193,4.821316538077724,0.4426666666666667,0.5518423307626392,,
A_box__detstats,ddti_e217109e28,ddti,,1,2,,,,,,,0.0,1.0
A_otsu,ddti_e217109e28,ddti,0.5524115562438965,1,2,0.7116818558409279,0.5524115755627009,13.061313135917418,4.784447066762905,0.4836477529317503,0.06855184233076264,,
A_otsu__detstats,ddti_e217109e28,ddti,,1,2,,,,,,,0.0,1.0
A_otsu_fb,ddti_e217109e28,ddti,0.5524115562438965,1,2,0.7116818558409279,0.5524115755627009,13.061313135917418,4.784447066762905,0.4836477529317503,0.06855184233076264,,
A_otsu_fb__detstats,ddti_e217109e28,ddti,,1,2,,,,,,,0.0,1.0
A_select,ddti_e217109e28,ddti,0.5524115562438965,1,2,0.7116818558409279,0.5524115755627009,13.061313135917418,4.784447066762905,0.4836477529317503,0.06855184233076264,,
A_select__detstats,ddti_e217109e28,ddti,,1,2,,,,,,,0.0,1.0
B_seg,ddti_e217109e28,ddti,0.5065104365348816,1,2,0.672428694900605,0.5065104166666666,15.0,6.970952855443986,0.13249211356466878,0.974293059125964,,
B_seg__detstats,ddti_e217109e28,ddti,,1,2,,,,,,,0.0,1.0
SAM_edgesam,ddti_e217109e28,ddti,0.5236784219741821,1,2,0.6873870617997832,0.5236784140969163,14.866068747318506,5.8288980278906815,0.2928341754708314,0.37103684661525277,,
SAM_edgesam__detstats,ddti_e217109e28,ddti,,1,2,,,,,,,0.0,1.0
SAM_efficientvit-t,ddti_e217109e28,ddti,0.5548060536384583,1,2,0.7136659436008677,0.554806070826307,14.86100646296425,5.396541068201925,0.34747593792967985,0.37017994858611825,,
SAM_efficientvit-t__detstats,ddti_e217109e28,ddti,,1,2,,,,,,,0.0,1.0
A_box,ddti_27df9b9068,ddti,0.7426900863647461,1,2,0.8523489932885906,0.7426900584795322,7.0,1.9301018046401808,0.7273191055182382,0.1784841075794621,,
A_box__detstats,ddti_27df9b9068,ddti,,1,2,,,,,,,0.0,1.0
A_otsu,ddti_27df9b9068,ddti,0.7301037907600403,1,2,0.844,0.7301038062283737,7.028427124746188,2.0507044617657018,0.6877470355731226,0.16625916870415647,,
A_otsu__detstats,ddti_27df9b9068,ddti,,1,2,,,,,,,0.0,1.0
A_otsu_fb,ddti_27df9b9068,ddti,0.7301037907600403,1,2,0.844,0.7301038062283737,7.028427124746188,2.0507044617657018,0.6877470355731226,0.16625916870415647,,
A_otsu_fb__detstats,ddti_27df9b9068,ddti,,1,2,,,,,,,0.0,1.0
A_select,ddti_27df9b9068,ddti,0.7301037907600403,1,2,0.844,0.7301038062283737,7.028427124746188,2.0507044617657018,0.6877470355731226,0.16625916870415647,,
A_select__detstats,ddti_27df9b9068,ddti,,1,2,,,,,,,0.0,1.0
B_seg,ddti_27df9b9068,ddti,0.5818867683410645,1,2,0.7356870229007634,0.5818867924528301,14.32994099904059,4.017764365969828,0.5266666666666667,0.5623471882640587,,
B_seg__detstats,ddti_27df9b9068,ddti,,1,2,,,,,,,0.0,1.0
SAM_edgesam,ddti_27df9b9068,ddti,0.7476415038108826,1,2,0.8556005398110661,0.7476415094339622,6.379553562304021,1.8826035492289057,0.7213771746060661,0.1882640586797066,,
SAM_edgesam__detstats,ddti_27df9b9068,ddti,,1,2,,,,,,,0.0,1.0
SAM_efficientvit-t,ddti_27df9b9068,ddti,0.7144549489021301,1,2,0.8334485141672425,0.7144549763033176,7.0,2.091076894648021,0.6639676113360323,0.2310513447432763,,
SAM_efficientvit-t__detstats,ddti_27df9b9068,ddti,,1,2,,,,,,,0.0,1.0
A_box,ddti_4d1fb97d3c,ddti,0.0,1,1,0.0,0.0,,,0.0,,,
A_box__detstats,ddti_4d1fb97d3c,ddti,,1,1,,,,,,,1.0,1.0
A_otsu,ddti_4d1fb97d3c,ddti,0.0,1,1,0.0,0.0,,,0.0,,,
A_otsu__detstats,ddti_4d1fb97d3c,ddti,,1,1,,,,,,,1.0,1.0
A_otsu_fb,ddti_4d1fb97d3c,ddti,0.0,1,1,0.0,0.0,,,0.0,,,
A_otsu_fb__detstats,ddti_4d1fb97d3c,ddti,,1,1,,,,,,,1.0,1.0
A_select,ddti_4d1fb97d3c,ddti,0.0,1,1,0.0,0.0,,,0.0,,,
A_select__detstats,ddti_4d1fb97d3c,ddti,,1,1,,,,,,,1.0,1.0
B_seg,ddti_4d1fb97d3c,ddti,0.0,1,1,0.0,0.0,,,0.0,,,
B_seg__detstats,ddti_4d1fb97d3c,ddti,,1,1,,,,,,,1.0,1.0
SAM_edgesam,ddti_4d1fb97d3c,ddti,0.0,1,1,0.0,0.0,,,0.0,,,
SAM_edgesam__detstats,ddti_4d1fb97d3c,ddti,,1,1,,,,,,,1.0,1.0
SAM_efficientvit-t,ddti_4d1fb97d3c,ddti,0.0,1,1,0.0,0.0,,,0.0,,,
SAM_efficientvit-t__detstats,ddti_4d1fb97d3c,ddti,,1,1,,,,,,,1.0,1.0
A_box,ddti_f242f7bf6e,ddti,0.6288478970527649,1,1,0.7721382900469643,0.6288479262672811,31.78049716414141,10.764972861725415,0.055442616891517284,0.28865578865578867,,
A_box__detstats,ddti_f242f7bf6e,ddti,,1,1,,,,,,,0.0,0.0
A_otsu,ddti_f242f7bf6e,ddti,0.6304125189781189,1,1,0.7733165800445485,0.6304125151317628,31.04834939252005,10.569154398436368,0.09327548806941431,0.2674177674177674,,
A_otsu__detstats,ddti_f242f7bf6e,ddti,,1,1,,,,,,,0.0,0.0
A_otsu_fb,ddti_f242f7bf6e,ddti,0.6304125189781189,1,1,0.7733165800445485,0.6304125151317628,31.04834939252005,10.569154398436368,0.09327548806941431,0.2674177674177674,,
A_otsu_fb__detstats,ddti_f242f7bf6e,ddti,,1,1,,,,,,,0.0,0.0
A_select,ddti_f242f7bf6e,ddti,0.6288478970527649,1,1,0.7721382900469643,0.6288479262672811,31.78049716414141,10.764972861725415,0.055442616891517284,0.28865578865578867,,
A_select__detstats,ddti_f242f7bf6e,ddti,,1,1,,,,,,,0.0,0.0
B_seg,ddti_f242f7bf6e,ddti,0.8286420702934265,1,1,0.9062922650866233,0.828642091626428,9.848857801796104,4.211697675294273,0.3352303573768651,0.01074851074851075,,
B_seg__detstats,ddti_f242f7bf6e,ddti,,1,1,,,,,,,0.0,0.0
SAM_edgesam,ddti_f242f7bf6e,ddti,0.6919865012168884,1,1,0.817957456810436,0.6919864784251342,29.257343384691723,8.539443446950688,0.13342318059299194,0.20383320383320383,,
SAM_edgesam__detstats,ddti_f242f7bf6e,ddti,,1,1,,,,,,,0.0,0.0
SAM_efficientvit-t,ddti_f242f7bf6e,ddti,0.6490784883499146,1,1,0.7872014523174675,0.6490784919075685,31.987482430743743,9.336381202545121,0.12313712701777273,0.2826987826987827,,
SAM_efficientvit-t__detstats,ddti_f242f7bf6e,ddti,,1,1,,,,,,,0.0,0.0
A_box,ddti_90696b2b43,ddti,0.6715566515922546,1,2,0.80351048269137,0.6715566422167889,8.523450915439893,2.9483834449620088,0.5451244011744707,0.21029668411867364,,
A_box__detstats,ddti_90696b2b43,ddti,,1,2,,,,,,,0.0,1.0
A_otsu,ddti_90696b2b43,ddti,0.6909527778625488,1,2,0.8172348484848485,0.6909527622097679,7.615773105863909,2.727286756940589,0.5628465804066545,0.15706806282722513,,
A_otsu__detstats,ddti_90696b2b43,ddti,,1,2,,,,,,,0.0,1.0
A_otsu_fb,ddti_90696b2b43,ddti,0.6909527778625488,1,2,0.8172348484848485,0.6909527622097679,7.615773105863909,2.727286756940589,0.5628465804066545,0.15706806282722513,,
A_otsu_fb__detstats,ddti_90696b2b43,ddti,,1,2,,,,,,,0.0,1.0
A_select,ddti_90696b2b43,ddti,0.6715566515922546,1,2,0.80351048269137,0.6715566422167889,8.523450915439893,2.9483834449620088,0.5451244011744707,0.21029668411867364,,
A_select__detstats,ddti_90696b2b43,ddti,,1,2,,,,,,,0.0,1.0
B_seg,ddti_90696b2b43,ddti,0.842615008354187,1,2,0.9145860709592641,0.8426150121065376,2.23606797749979,1.2705182365284629,0.8866931346745773,0.007853403141361256,,
B_seg__detstats,ddti_90696b2b43,ddti,,1,2,,,,,,,0.0,1.0
SAM_edgesam,ddti_90696b2b43,ddti,0.6734545230865479,1,2,0.8048674489352455,0.6734545454545454,7.0,3.1559539583355054,0.3464192243635498,0.007853403141361256,,
SAM_edgesam__detstats,ddti_90696b2b43,ddti,,1,2,,,,,,,0.0,1.0
SAM_efficientvit-t,ddti_90696b2b43,ddti,0.7009841203689575,1,2,0.8242100578549176,0.7009841029523088,7.615773105863909,2.818491917672839,0.43197810789679436,0.03926701570680628,,
SAM_efficientvit-t__detstats,ddti_90696b2b43,ddti,,1,2,,,,,,,0.0,1.0
A_box,ddti_ba1514aeb9,ddti,0.8394469618797302,1,1,0.9127166929324767,0.8394469840561936,7.615773105863909,3.7614109605754873,0.28382319946152124,0.005802006527257343,,
A_box__detstats,ddti_ba1514aeb9,ddti,,1,1,,,,,,,0.0,0.0
A_otsu,ddti_ba1514aeb9,ddti,0.0,1,1,0.0,0.0,,,0.0,,,
A_otsu__detstats,ddti_ba1514aeb9,ddti,,1,1,,,,,,,1.0,1.0
A_otsu_fb,ddti_ba1514aeb9,ddti,0.0,1,1,0.0,0.0,,,0.0,,,
A_otsu_fb__detstats,ddti_ba1514aeb9,ddti,,1,1,,,,,,,1.0,1.0
A_select,ddti_ba1514aeb9,ddti,0.0,1,1,0.0,0.0,,,0.0,,,
A_select__detstats,ddti_ba1514aeb9,ddti,,1,1,,,,,,,1.0,1.0
B_seg,ddti_ba1514aeb9,ddti,0.8375207781791687,1,1,0.9115769252500141,0.8375207641196013,12.449111968539675,4.125076265096915,0.35901624736388754,0.13936903179016077,,
B_seg__detstats,ddti_ba1514aeb9,ddti,,1,1,,,,,,,0.0,0.0
SAM_edgesam,ddti_ba1514aeb9,ddti,0.8290562033653259,1,1,0.9065398886827458,0.8290562036055144,15.791274643497294,4.336929839417268,0.3940569508878579,0.08485434546113864,,
SAM_edgesam__detstats,ddti_ba1514aeb9,ddti,,1,1,,,,,,,0.0,0.0
SAM_efficientvit-t,ddti_ba1514aeb9,ddti,0.8338578343391418,1,1,0.9094029232498965,0.8338578404774823,15.760380477894314,4.023001309300976,0.42713663066136065,0.04266892300253838,,
SAM_efficientvit-t__detstats,ddti_ba1514aeb9,ddti,,1,1,,,,,,,0.0,0.0
A_box,ddti_c8fbd8e3a2,ddti,0.8204994201660156,1,1,0.9014003531682477,0.8204994019138756,15.0,5.4342753058649835,0.2375082440878113,0.08621502672115687,,
A_box__detstats,ddti_c8fbd8e3a2,ddti,,1,1,,,,,,,0.0,0.0
A_otsu,ddti_c8fbd8e3a2,ddti,0.8737536668777466,1,1,0.9326238419722839,0.8737536762068718,8.602325267042627,3.6591567853870828,0.31212363338725074,0.0529707639107199,,
A_otsu__detstats,ddti_c8fbd8e3a2,ddti,,1,1,,,,,,,0.0,0.0
A_otsu_fb,ddti_c8fbd8e3a2,ddti,0.8737536668777466,1,1,0.9326238419722839,0.8737536762068718,8.602325267042627,3.6591567853870828,0.31212363338725074,0.0529707639107199,,
A_otsu_fb__detstats,ddti_c8fbd8e3a2,ddti,,1,1,,,,,,,0.0,0.0
A_select,ddti_c8fbd8e3a2,ddti,0.8737536668777466,1,1,0.9326238419722839,0.8737536762068718,8.602325267042627,3.6591567853870828,0.31212363338725074,0.0529707639107199,,
A_select__detstats,ddti_c8fbd8e3a2,ddti,,1,1,,,,,,,0.0,0.0
B_seg,ddti_c8fbd8e3a2,ddti,0.8760207891464233,1,1,0.9339137316976652,0.8760207869339273,14.422205101855956,3.673534032478406,0.42581888246628136,0.013989311537252436,,
B_seg__detstats,ddti_c8fbd8e3a2,ddti,,1,1,,,,,,,0.0,0.0
SAM_edgesam,ddti_c8fbd8e3a2,ddti,0.8479759693145752,1,1,0.9177348307472519,0.8479759460252273,14.754592896149768,4.631781387882047,0.41803466442696796,0.019569317824583463,,
SAM_edgesam__detstats,ddti_c8fbd8e3a2,ddti,,1,1,,,,,,,0.0,0.0
SAM_efficientvit-t,ddti_c8fbd8e3a2,ddti,0.8589705228805542,1,1,0.9241357105485571,0.8589705222205596,14.606097123874616,3.9490501234860274,0.4253769015621803,0.047233574347689405,,
SAM_efficientvit-t__detstats,ddti_c8fbd8e3a2,ddti,,1,1,,,,,,,0.0,0.0
A_box,ddti_e33a37bf51,ddti,0.7240533232688904,1,1,0.8399430547081553,0.7240532959326789,9.219544457292887,3.7565698792724267,0.27766599597585506,0.0410958904109589,,
A_box__detstats,ddti_e33a37bf51,ddti,,1,1,,,,,,,0.0,0.0
A_otsu,ddti_e33a37bf51,ddti,0.0,1,1,0.0,0.0,,,0.0,,,
A_otsu__detstats,ddti_e33a37bf51,ddti,,1,1,,,,,,,1.0,1.0
A_otsu_fb,ddti_e33a37bf51,ddti,0.0,1,1,0.0,0.0,,,0.0,,,
A_otsu_fb__detstats,ddti_e33a37bf51,ddti,,1,1,,,,,,,1.0,1.0
A_select,ddti_e33a37bf51,ddti,0.0,1,1,0.0,0.0,,,0.0,,,
A_select__detstats,ddti_e33a37bf51,ddti,,1,1,,,,,,,1.0,1.0
B_seg,ddti_e33a37bf51,ddti,0.7955953478813171,1,1,0.8861632809505557,0.7955953200275292,7.0710678118654755,2.82696554877847,0.47926464300983324,0.16604400166044,,
B_seg__detstats,ddti_e33a37bf51,ddti,,1,1,,,,,,,0.0,0.0
SAM_edgesam,ddti_e33a37bf51,ddti,0.6663208603858948,1,1,0.7997509856816767,0.6663208852005532,13.416407864998739,4.878435483064921,0.2668951336531871,0.00041511000415110004,,
SAM_edgesam__detstats,ddti_e33a37bf51,ddti,,1,1,,,,,,,0.0,0.0
SAM_efficientvit-t,ddti_e33a37bf51,ddti,0.6724607944488525,1,1,0.8041573262685959,0.6724608043626449,11.505814066471062,4.865318155814549,0.23893341322747358,0.0369447903694479,,
SAM_efficientvit-t__detstats,ddti_e33a37bf51,ddti,,1,1,,,,,,,0.0,0.0
A_box,ddti_33e5e1f317,ddti,0.8138462901115417,1,1,0.8973707237801575,0.8138462701231955,10.353500688156402,5.262221969198553,0.23063233211055822,0.16090401584728975,,
A_box__detstats,ddti_33e5e1f317,ddti,,1,1,,,,,,,0.0,0.0
A_otsu,ddti_33e5e1f317,ddti,0.5679501295089722,1,1,0.7244492208490059,0.5679501221669896,30.047345326874126,11.548336359621564,0.0821023169025035,0.3243291914280569,,
A_otsu__detstats,ddti_33e5e1f317,ddti,,1,1,,,,,,,0.0,0.0
A_otsu_fb,ddti_33e5e1f317,ddti,0.5679501295089722,1,1,0.7244492208490059,0.5679501221669896,30.047345326874126,11.548336359621564,0.0821023169025035,0.3243291914280569,,
A_otsu_fb__detstats,ddti_33e5e1f317,ddti,,1,1,,,,,,,0.0,0.0
A_select,ddti_33e5e1f317,ddti,0.5679501295089722,1,1,0.7244492208490059,0.5679501221669896,30.047345326874126,11.548336359621564,0.0821023169025035,0.3243291914280569,,
A_select__detstats,ddti_33e5e1f317,ddti,,1,1,,,,,,,0.0,0.0
B_seg,ddti_33e5e1f317,ddti,0.8758307099342346,1,1,0.9338057224863217,0.8758307394632792,10.0,3.1436967789127497,0.544841970158832,0.0077435620385377275,,
B_seg__detstats,ddti_33e5e1f317,ddti,,1,1,,,,,,,0.0,0.0
SAM_edgesam,ddti_33e5e1f317,ddti,0.857300341129303,1,1,0.9231682264323214,0.8573003221977277,12.0,3.826091076954521,0.5004666499616874,0.02764271564919863,,
SAM_edgesam__detstats,ddti_33e5e1f317,ddti,,1,1,,,,,,,0.0,0.0
SAM_efficientvit-t,ddti_33e5e1f317,ddti,0.8564866185188293,1,1,0.9226962379141272,0.8564866014461932,12.041594578792296,3.627740510413779,0.5284368534577629,0.0350261120115253,,
SAM_efficientvit-t__detstats,ddti_33e5e1f317,ddti,,1,1,,,,,,,0.0,0.0
A_box,ddti_cd5c4e3c0d,ddti,0.812020480632782,1,1,0.8962597035991532,0.8120204603580563,3.1622776601683795,1.3181063882331037,0.8506329113924052,0.14528795811518325,,
A_box__detstats,ddti_cd5c4e3c0d,ddti,,1,1,,,,,,,0.0,0.0
A_otsu,ddti_cd5c4e3c0d,ddti,0.6919060349464417,1,1,0.8179012345679012,0.6919060052219321,5.0,2.1324092513798023,0.5822306238185255,0.3036649214659686,,
A_otsu__detstats,ddti_cd5c4e3c0d,ddti,,1,1,,,,,,,0.0,0.0
A_otsu_fb,ddti_cd5c4e3c0d,ddti,0.6919060349464417,1,1,0.8179012345679012,0.6919060052219321,5.0,2.1324092513798023,0.5822306238185255,0.3036649214659686,,
A_otsu_fb__detstats,ddti_cd5c4e3c0d,ddti,,1,1,,,,,,,0.0,0.0
A_select,ddti_cd5c4e3c0d,ddti,0.812020480632782,1,1,0.8962597035991532,0.8120204603580563,3.1622776601683795,1.3181063882331037,0.8506329113924052,0.14528795811518325,,
A_select__detstats,ddti_cd5c4e3c0d,ddti,,1,1,,,,,,,0.0,0.0
B_seg,ddti_cd5c4e3c0d,ddti,0.8483353853225708,1,1,0.9179452968645764,0.8483353884093712,4.123105625617661,1.1002310586952642,0.8352272727272728,0.03795811518324607,,
B_seg__detstats,ddti_cd5c4e3c0d,ddti,,1,1,,,,,,,0.0,0.0
SAM_edgesam,ddti_cd5c4e3c0d,ddti,0.8664954900741577,1,1,0.9284731774415406,0.8664955070603337,2.23606797749979,0.901132342163943,0.9427532615669779,0.0968586387434555,,
SAM_edgesam__detstats,ddti_cd5c4e3c0d,ddti,,1,1,,,,,,,0.0,0.0
SAM_efficientvit-t,ddti_cd5c4e3c0d,ddti,0.8044041395187378,1,1,0.8916008614501076,0.8044041450777202,3.0,1.2982169433529598,0.8427184466019416,0.17670157068062828,,
SAM_efficientvit-t__detstats,ddti_cd5c4e3c0d,ddti,,1,1,,,,,,,0.0,0.0
A_box,ddti_939c619c88,ddti,0.806374192237854,1,1,0.892809693362385,0.8063741960257271,12.643153312946918,5.187648667177502,0.17647058823529413,0.1214205186020293,,
A_box__detstats,ddti_939c619c88,ddti,,1,1,,,,,,,0.0,0.0
A_otsu,ddti_939c619c88,ddti,0.7899167537689209,1,1,0.8826296156133427,0.7899167795626089,11.40175425099138,4.987731782272648,0.2705454927699049,0.08534385569334836,,
A_otsu__detstats,ddti_939c619c88,ddti,,1,1,,,,,,,0.0,0.0
A_otsu_fb,ddti_939c619c88,ddti,0.7899167537689209,1,1,0.8826296156133427,0.7899167795626089,11.40175425099138,4.987731782272648,0.2705454927699049,0.08534385569334836,,
A_otsu_fb__detstats,ddti_939c619c88,ddti,,1,1,,,,,,,0.0,0.0
A_select,ddti_939c619c88,ddti,0.806374192237854,1,1,0.892809693362385,0.8063741960257271,12.643153312946918,5.187648667177502,0.17647058823529413,0.1214205186020293,,
A_select__detstats,ddti_939c619c88,ddti,,1,1,,,,,,,0.0,0.0
B_seg,ddti_939c619c88,ddti,0.807129442691803,1,1,0.8932724252491694,0.8071294559099437,11.187008318073234,5.340120554186116,0.20655134515219573,0.171815107102593,,
B_seg__detstats,ddti_939c619c88,ddti,,1,1,,,,,,,0.0,0.0
SAM_edgesam,ddti_939c619c88,ddti,0.8059967756271362,1,1,0.8925783283022796,0.8059968042109221,11.661903789690601,5.527600977927939,0.2732177136426822,0.16617812852311162,,
SAM_edgesam__detstats,ddti_939c619c88,ddti,,1,1,,,,,,,0.0,0.0
SAM_efficientvit-t,ddti_939c619c88,ddti,0.7752748727798462,1,1,0.8734138972809667,0.7752748726200054,12.844998779892544,6.047672862034994,0.13055818353831597,0.23900789177001128,,
SAM_efficientvit-t__detstats,ddti_939c619c88,ddti,,1,1,,,,,,,0.0,0.0
A_box,ddti_a0e522ad71,ddti,0.7837062478065491,1,1,0.8787391444194275,0.7837062535857716,14.0,4.808077077180615,0.3716489166360632,0.14277180406212664,,
A_box__detstats,ddti_a0e522ad71,ddti,,1,1,,,,,,,0.0,0.0
A_otsu,ddti_a0e522ad71,ddti,0.5120973587036133,1,1,0.6773338568764111,0.512097372717827,30.0,9.775709550018965,0.2483085404469554,0.4786439665471924,,
A_otsu__detstats,ddti_a0e522ad71,ddti,,1,1,,,,,,,0.0,0.0
A_otsu_fb,ddti_a0e522ad71,ddti,0.5120973587036133,1,1,0.6773338568764111,0.512097372717827,30.0,9.775709550018965,0.2483085404469554,0.4786439665471924,,
A_otsu_fb__detstats,ddti_a0e522ad71,ddti,,1,1,,,,,,,0.0,0.0
A_select,ddti_a0e522ad71,ddti,0.7837062478065491,1,1,0.8787391444194275,0.7837062535857716,14.0,4.808077077180615,0.3716489166360632,0.14277180406212664,,
A_select__detstats,ddti_a0e522ad71,ddti,,1,1,,,,,,,0.0,0.0
B_seg,ddti_a0e522ad71,ddti,0.7753973007202148,1,1,0.8734915793661319,0.7753972925250148,19.849433241279208,5.182067776625684,0.5214105793450882,0.252389486260454,,
B_seg__detstats,ddti_a0e522ad71,ddti,,1,1,,,,,,,0.0,0.0
SAM_edgesam,ddti_a0e522ad71,ddti,0.8945227265357971,1,1,0.9443251533742332,0.8945227371785559,7.0,2.1673718201856103,0.6280679746531217,0.052568697729988054,,
SAM_edgesam__detstats,ddti_a0e522ad71,ddti,,1,1,,,,,,,0.0,0.0
SAM_efficientvit-t,ddti_a0e522ad71,ddti,0.8938630223274231,1,1,0.9439574201628053,0.8938630299436703,6.708203932499369,2.184450328880339,0.6693548387096775,0.09199522102747909,,
SAM_efficientvit-t__detstats,ddti_a0e522ad71,ddti,,1,1,,,,,,,0.0,0.0
A_box,ddti_37e3d077d2,ddti,0.7704029679298401,1,1,0.8703136694563517,0.7704029392278504,17.589405445582603,8.271896189905302,0.15989497866754185,0.2295970607721496,,
A_box__detstats,ddti_37e3d077d2,ddti,,1,1,,,,,,,0.0,0.0
A_otsu,ddti_37e3d077d2,ddti,0.6899229288101196,1,1,0.8165140882698678,0.6899229472670358,22.80350850198276,10.63368132634327,0.047967714038627846,0.30916099500090344,,
A_otsu__detstats,ddti_37e3d077d2,ddti,,1,1,,,,,,,0.0,0.0
A_otsu_fb,ddti_37e3d077d2,ddti,0.6899229288101196,1,1,0.8165140882698678,0.6899229472670358,22.80350850198276,10.63368132634327,0.047967714038627846,0.30916099500090344,,
A_otsu_fb__detstats,ddti_37e3d077d2,ddti,,1,1,,,,,,,0.0,0.0
A_select,ddti_37e3d077d2,ddti,0.6899229288101196,1,1,0.8165140882698678,0.6899229472670358,22.80350850198276,10.63368132634327,0.047967714038627846,0.30916099500090344,,
A_select__detstats,ddti_37e3d077d2,ddti,,1,1,,,,,,,0.0,0.0
B_seg,ddti_37e3d077d2,ddti,0.918554961681366,1,1,0.957548774077853,0.9185549887293867,7.683839905378852,2.744123954786767,0.5959780621572213,0.0519785580919111,,
B_seg__detstats,ddti_37e3d077d2,ddti,,1,1,,,,,,,0.0,0.0
SAM_edgesam,ddti_37e3d077d2,ddti,0.818149209022522,1,1,0.8999802592616963,0.8181491894478674,19.884503660800217,6.511124079531291,0.2820717131474104,0.16936698187074625,,
SAM_edgesam__detstats,ddti_37e3d077d2,ddti,,1,1,,,,,,,0.0,0.0
SAM_efficientvit-t,ddti_37e3d077d2,ddti,0.8628959655761719,1,1,0.9264027361017004,0.8628959547995432,12.004159457879226,4.801618416588256,0.33416311703638135,0.13328916460880563,,
SAM_efficientvit-t__detstats,ddti_37e3d077d2,ddti,,1,1,,,,,,,0.0,0.0
A_box,ddti_4c301e1cf4,ddti,0.6436327695846558,1,1,0.7831831831831831,0.6436327739387957,16.278820596099706,6.861823707631716,0.2591812161348585,0.3029045643153527,,
A_box__detstats,ddti_4c301e1cf4,ddti,,1,1,,,,,,,0.0,0.0
A_otsu,ddti_4c301e1cf4,ddti,0.6625546216964722,1,1,0.7970319987633329,0.6625546132099718,13.0,5.153967661012509,0.26328942352492696,0.21051175656984786,,
A_otsu__detstats,ddti_4c301e1cf4,ddti,,1,1,,,,,,,0.0,0.0
A_otsu_fb,ddti_4c301e1cf4,ddti,0.6625546216964722,1,1,0.7970319987633329,0.6625546132099718,13.0,5.153967661012509,0.26328942352492696,0.21051175656984786,,
A_otsu_fb__detstats,ddti_4c301e1cf4,ddti,,1,1,,,,,,,0.0,0.0
A_select,ddti_4c301e1cf4,ddti,0.6625546216964722,1,1,0.7970319987633329,0.6625546132099718,13.0,5.153967661012509,0.26328942352492696,0.21051175656984786,,
A_select__detstats,ddti_4c301e1cf4,ddti,,1,1,,,,,,,0.0,0.0
B_seg,ddti_4c301e1cf4,ddti,0.0,1,1,0.0,0.0,,,0.0,,,
B_seg__detstats,ddti_4c301e1cf4,ddti,,1,1,,,,,,,1.0,1.0
SAM_edgesam,ddti_4c301e1cf4,ddti,0.679202139377594,1,1,0.8089581786686464,0.6792021608144608,16.964458192136036,5.977035056645963,0.22743682310469313,0.23568464730290456,,
SAM_edgesam__detstats,ddti_4c301e1cf4,ddti,,1,1,,,,,,,0.0,0.0
SAM_efficientvit-t,ddti_4c301e1cf4,ddti,0.7043010592460632,1,1,0.8264984227129337,0.7043010752688172,15.0,5.442012043269806,0.3211009174311926,0.19225449515905949,,
SAM_efficientvit-t__detstats,ddti_4c301e1cf4,ddti,,1,1,,,,,,,0.0,0.0
A_box,ddti_1113200ee2,ddti,0.5776375532150269,1,1,0.7322817151744057,0.5776375744830003,30.217511415394014,13.22507966099202,0.13794224413501655,0.5187465025181869,,
A_box__detstats,ddti_1113200ee2,ddti,,1,1,,,,,,,0.0,0.0
A_otsu,ddti_1113200ee2,ddti,0.6044768691062927,1,1,0.7534877927254608,0.6044768661936645,26.1725046566048,10.58861882284577,0.14241634794819208,0.24622271964185785,,
A_otsu__detstats,ddti_1113200ee2,ddti,,1,1,,,,,,,0.0,0.0
A_otsu_fb,ddti_1113200ee2,ddti,0.6044768691062927,1,1,0.7534877927254608,0.6044768661936645,26.1725046566048,10.58861882284577,0.14241634794819208,0.24622271964185785,,
A_otsu_fb__detstats,ddti_1113200ee2,ddti,,1,1,,,,,,,0.0,0.0
A_select,ddti_1113200ee2,ddti,0.6044768691062927,1,1,0.7534877927254608,0.6044768661936645,26.1725046566048,10.58861882284577,0.14241634794819208,0.24622271964185785,,
A_select__detstats,ddti_1113200ee2,ddti,,1,1,,,,,,,0.0,0.0
B_seg,ddti_1113200ee2,ddti,0.0,1,1,0.0,0.0,,,0.0,,,
B_seg__detstats,ddti_1113200ee2,ddti,,1,1,,,,,,,1.0,1.0
SAM_edgesam,ddti_1113200ee2,ddti,0.5515545606613159,1,1,0.7109702484408548,0.5515545685279187,37.0,15.316033439341501,0.2509842868797219,0.7367095691102407,,
SAM_edgesam__detstats,ddti_1113200ee2,ddti,,1,1,,,,,,,0.0,0.0
SAM_efficientvit-t,ddti_1113200ee2,ddti,0.5870495438575745,1,1,0.7397998859453575,0.5870495310185947,38.18376618407357,15.28201506546106,0.22432629278951205,0.6985170677112479,,
SAM_efficientvit-t__detstats,ddti_1113200ee2,ddti,,1,1,,,,,,,0.0,0.0
A_box,ddti_9c9f67679d,ddti,0.7270446419715881,1,1,0.841952353282975,0.7270446562970396,8.05914486088362,3.3719782113019514,0.3979057591623037,0.06954570947840717,,
A_box__detstats,ddti_9c9f67679d,ddti,,1,1,,,,,,,0.0,0.0
A_otsu,ddti_9c9f67679d,ddti,0.7258145213127136,1,1,0.8411269241940168,0.7258145363408521,8.0,3.382783234008432,0.3918344596948374,0.06898485698261357,,
A_otsu__detstats,ddti_9c9f67679d,ddti,,1,1,,,,,,,0.0,0.0
A_otsu_fb,ddti_9c9f67679d,ddti,0.7258145213127136,1,1,0.8411269241940168,0.7258145363408521,8.0,3.382783234008432,0.3918344596948374,0.06898485698261357,,
A_otsu_fb__detstats,ddti_9c9f67679d,ddti,,1,1,,,,,,,0.0,0.0
A_select,ddti_9c9f67679d,ddti,0.7258145213127136,1,1,0.8411269241940168,0.7258145363408521,8.0,3.382783234008432,0.3918344596948374,0.06898485698261357,,
A_select__detstats,ddti_9c9f67679d,ddti,,1,1,,,,,,,0.0,0.0
B_seg,ddti_9c9f67679d,ddti,0.5743556022644043,1,1,0.7296389588581025,0.5743555849306015,17.403777388090703,6.785349423190459,0.34451901565995524,0.6719012899607403,,
B_seg__detstats,ddti_9c9f67679d,ddti,,1,1,,,,,,,0.0,0.0
SAM_edgesam,ddti_9c9f67679d,ddti,0.7479928731918335,1,1,0.8558305690227098,0.747992863514719,7.0,3.2082008825498836,0.46550137994480223,0.19798093101514302,,
SAM_edgesam__detstats,ddti_9c9f67679d,ddti,,1,1,,,,,,,0.0,0.0
SAM_efficientvit-t,ddti_9c9f67679d,ddti,0.7588684558868408,1,1,0.862905284656625,0.7588684328693309,8.0,3.0291586683734586,0.561492254189061,0.1968592260235558,,
SAM_efficientvit-t__detstats,ddti_9c9f67679d,ddti,,1,1,,,,,,,0.0,0.0
A_box,ddti_6ec5864d97,ddti,0.856645405292511,1,1,0.9227883713660519,0.8566453859547302,3.605551275463989,1.438299128262662,0.7828073089700996,0.04017857142857143,,
A_box__detstats,ddti_6ec5864d97,ddti,,1,1,,,,,,,0.0,0.0
A_otsu,ddti_6ec5864d97,ddti,0.8340200185775757,1,1,0.9094993581514762,0.8340200117716303,4.123105625617661,1.7048792090164735,0.6969375110639051,0.012755102040816327,,
A_otsu__detstats,ddti_6ec5864d97,ddti,,1,1,,,,,,,0.0,0.0
A_otsu_fb,ddti_6ec5864d97,ddti,0.8340200185775757,1,1,0.9094993581514762,0.8340200117716303,4.123105625617661,1.7048792090164735,0.6969375110639051,0.012755102040816327,,
A_otsu_fb__detstats,ddti_6ec5864d97,ddti,,1,1,,,,,,,0.0,0.0
A_select,ddti_6ec5864d97,ddti,0.856645405292511,1,1,0.9227883713660519,0.8566453859547302,3.605551275463989,1.438299128262662,0.7828073089700996,0.04017857142857143,,
A_select__detstats,ddti_6ec5864d97,ddti,,1,1,,,,,,,0.0,0.0
B_seg,ddti_6ec5864d97,ddti,0.8218298554420471,1,2,0.9022026431718062,0.8218298555377207,5.0,2.020811940938796,0.579179810725552,0.17155612244897958,,
B_seg__detstats,ddti_6ec5864d97,ddti,,1,2,,,,,,,0.0,1.0
SAM_edgesam,ddti_6ec5864d97,ddti,0.7566765546798706,1,1,0.8614864864864865,0.7566765578635015,6.0,2.9206019319070293,0.37649138311975255,0.2653061224489796,,
SAM_edgesam__detstats,ddti_6ec5864d97,ddti,,1,1,,,,,,,0.0,0.0
SAM_efficientvit-t,ddti_6ec5864d97,ddti,0.7607823610305786,1,1,0.8641412702933637,0.7607823470411234,8.0,2.8885949035669665,0.5315291197157389,0.23915816326530612,,
SAM_efficientvit-t__detstats,ddti_6ec5864d97,ddti,,1,1,,,,,,,0.0,0.0
A_box,ddti_06d0f20618,ddti,0.8224694132804871,1,1,0.902587890625,0.8224694104560623,5.830951894845301,2.7880588709376797,0.43211291255857226,0.13555787278415016,,
A_box__detstats,ddti_06d0f20618,ddti,,1,1,,,,,,,0.0,0.0
A_otsu,ddti_06d0f20618,ddti,0.0,1,1,0.0,0.0,,,0.0,,,
A_otsu__detstats,ddti_06d0f20618,ddti,,1,1,,,,,,,1.0,1.0
A_otsu_fb,ddti_06d0f20618,ddti,0.0,1,1,0.0,0.0,,,0.0,,,
A_otsu_fb__detstats,ddti_06d0f20618,ddti,,1,1,,,,,,,1.0,1.0
A_select,ddti_06d0f20618,ddti,0.8224694132804871,1,1,0.902587890625,0.8224694104560623,5.830951894845301,2.7880588709376797,0.43211291255857226,0.13555787278415016,,
A_select__detstats,ddti_06d0f20618,ddti,,1,1,,,,,,,0.0,0.0
B_seg,ddti_06d0f20618,ddti,0.8090766668319702,1,1,0.8944636678200693,0.809076682316119,7.0710678118654755,3.0357923916206953,0.3793661808928985,0.10948905109489052,,
B_seg__detstats,ddti_06d0f20618,ddti,,1,1,,,,,,,0.0,0.0
SAM_edgesam,ddti_06d0f20618,ddti,0.8450769782066345,1,1,0.9160343955488113,0.8450769948670088,7.211102550927978,2.4946989600920357,0.6395736175882745,0.061522419186652764,,
SAM_edgesam__detstats,ddti_06d0f20618,ddti,,1,1,,,,,,,0.0,0.0
SAM_efficientvit-t,ddti_06d0f20618,ddti,0.8606929779052734,1,1,0.9251316296391422,0.8606929510155317,6.708203932499369,2.1394099898134606,0.6803894558887984,0.029979144942648594,,
SAM_efficientvit-t__detstats,ddti_06d0f20618,ddti,,1,1,,,,,,,0.0,0.0
A_box,ddti_1ab2f73c47,ddti,0.6479681134223938,1,1,0.786384303444886,0.6479681382476036,24.698178070456937,12.062916728642513,0.1355121249754886,0.4789805036555646,,
A_box__detstats,ddti_1ab2f73c47,ddti,,1,1,,,,,,,0.0,0.0
A_otsu,ddti_1ab2f73c47,ddti,0.0,1,1,0.0,0.0,,,0.0,,,
A_otsu__detstats,ddti_1ab2f73c47,ddti,,1,1,,,,,,,1.0,1.0
A_otsu_fb,ddti_1ab2f73c47,ddti,0.0,1,1,0.0,0.0,,,0.0,,,
A_otsu_fb__detstats,ddti_1ab2f73c47,ddti,,1,1,,,,,,,1.0,1.0
A_select,ddti_1ab2f73c47,ddti,0.0,1,1,0.0,0.0,,,0.0,,,
A_select__detstats,ddti_1ab2f73c47,ddti,,1,1,,,,,,,1.0,1.0
B_seg,ddti_1ab2f73c47,ddti,0.6690322160720825,1,1,0.8017007795239485,0.6690322131774855,18.681541692269406,11.165257775406477,0.08748203871185868,0.43592607636068237,,
B_seg__detstats,ddti_1ab2f73c47,ddti,,1,1,,,,,,,0.0,0.0
SAM_edgesam,ddti_1ab2f73c47,ddti,0.6482658386230469,1,1,0.7866035125958838,0.6482658560176869,27.294688127912362,12.085195903566936,0.08551707770504123,0.4225223395613322,,
SAM_edgesam__detstats,ddti_1ab2f73c47,ddti,,1,1,,,,,,,0.0,0.0
SAM_efficientvit-t,ddti_1ab2f73c47,ddti,0.6472761631011963,1,1,0.7858744851771806,0.6472761469738698,30.87636540059942,12.230624411089295,0.20110540439673713,0.49015028432168967,,
SAM_efficientvit-t__detstats,ddti_1ab2f73c47,ddti,,1,1,,,,,,,0.0,0.0
A_box,ddti_0021c0606c,ddti,0.8167298436164856,1,1,0.8991208463716287,0.8167298321602598,5.385164807134504,2.855389692160313,0.38756855575868376,0.0831191088260497,,
A_box__detstats,ddti_0021c0606c,ddti,,1,1,,,,,,,0.0,0.0
A_otsu,ddti_0021c0606c,ddti,0.6230961084365845,1,1,0.7677870670534038,0.6230960952644696,12.649110640673518,5.899514144221192,0.15619101883836045,0.3259068837475007,,
A_otsu__detstats,ddti_0021c0606c,ddti,,1,1,,,,,,,0.0,0.0
A_otsu_fb,ddti_0021c0606c,ddti,0.6230961084365845,1,1,0.7677870670534038,0.6230960952644696,12.649110640673518,5.899514144221192,0.15619101883836045,0.3259068837475007,,
A_otsu_fb__detstats,ddti_0021c0606c,ddti,,1,1,,,,,,,0.0,0.0
A_select,ddti_0021c0606c,ddti,0.6230961084365845,1,1,0.7677870670534038,0.6230960952644696,12.649110640673518,5.899514144221192,0.15619101883836045,0.3259068837475007,,
A_select__detstats,ddti_0021c0606c,ddti,,1,1,,,,,,,0.0,0.0
B_seg,ddti_0021c0606c,ddti,0.837285578250885,1,1,0.9114375943979129,0.8372855701311807,6.082762530298219,2.6543161670311166,0.47996446763918005,0.08026278206226792,,
B_seg__detstats,ddti_0021c0606c,ddti,,1,1,,,,,,,0.0,0.0
SAM_edgesam,ddti_0021c0606c,ddti,0.8430392146110535,1,1,0.9148359099538921,0.8430392401899525,9.433981132056603,2.648745730498965,0.5574265474393219,0.1062553556126821,,
SAM_edgesam__detstats,ddti_0021c0606c,ddti,,1,1,,,,,,,0.0,0.0
SAM_efficientvit-t,ddti_0021c0606c,ddti,0.8383000493049622,1,1,0.9120383422610657,0.8383000777403472,7.0,2.453271314606389,0.5605723656131366,0.026278206226792344,,
SAM_efficientvit-t__detstats,ddti_0021c0606c,ddti,,1,1,,,,,,,0.0,0.0
A_box,ddti_7e1535d854,ddti,0.7589274048805237,1,1,0.8629433962264151,0.7589273861675295,17.0,5.747160225361638,0.24639783386519679,0.2580095432856169,,
A_box__detstats,ddti_7e1535d854,ddti,,1,1,,,,,,,0.0,0.0
A_otsu,ddti_7e1535d854,ddti,0.0,1,1,0.0,0.0,,,0.0,,,
A_otsu__detstats,ddti_7e1535d854,ddti,,1,1,,,,,,,1.0,1.0
A_otsu_fb,ddti_7e1535d854,ddti,0.0,1,1,0.0,0.0,,,0.0,,,
A_otsu_fb__detstats,ddti_7e1535d854,ddti,,1,1,,,,,,,1.0,1.0
A_select,ddti_7e1535d854,ddti,0.0,1,1,0.0,0.0,,,0.0,,,
A_select__detstats,ddti_7e1535d854,ddti,,1,1,,,,,,,1.0,1.0
B_seg,ddti_7e1535d854,ddti,0.8047232627868652,1,1,0.8917968430522614,0.8047232472324723,9.369650129627473,4.251978869933287,0.22967831200276723,0.08367416496250853,,
B_seg__detstats,ddti_7e1535d854,ddti,,1,1,,,,,,,0.0,0.0
SAM_edgesam,ddti_7e1535d854,ddti,0.8368157744407654,1,1,0.9111591764800128,0.8368157739846969,12.083045973594572,3.7241874876861827,0.4584937587365427,0.1273006134969325,,
SAM_edgesam__detstats,ddti_7e1535d854,ddti,,1,1,,,,,,,0.0,0.0
SAM_efficientvit-t,ddti_7e1535d854,ddti,0.8149516582489014,1,1,0.8980422866092405,0.8149516770892553,14.946427498927406,4.2039613187080285,0.46480713254337513,0.17620995228357192,,
SAM_efficientvit-t__detstats,ddti_7e1535d854,ddti,,1,1,,,,,,,0.0,0.0
A_box,ddti_7d9bfb7978,ddti,0.7899008393287659,1,1,0.8826196473551637,0.7899008115419297,5.0,1.8262159880977986,0.6410653453081449,0.24547511312217193,,
A_box__detstats,ddti_7d9bfb7978,ddti,,1,1,,,,,,,0.0,0.0
A_otsu,ddti_7d9bfb7978,ddti,0.7856502532958984,1,1,0.8799598191863385,0.7856502242152467,5.0,1.8705113394094564,0.6353936289915804,0.252262443438914,,
A_otsu__detstats,ddti_7d9bfb7978,ddti,,1,1,,,,,,,0.0,0.0
A_otsu_fb,ddti_7d9bfb7978,ddti,0.7856502532958984,1,1,0.8799598191863385,0.7856502242152467,5.0,1.8705113394094564,0.6353936289915804,0.252262443438914,,
A_otsu_fb__detstats,ddti_7d9bfb7978,ddti,,1,1,,,,,,,0.0,0.0
A_select,ddti_7d9bfb7978,ddti,0.7856502532958984,1,1,0.8799598191863385,0.7856502242152467,5.0,1.8705113394094564,0.6353936289915804,0.252262443438914,,
A_select__detstats,ddti_7d9bfb7978,ddti,,1,1,,,,,,,0.0,0.0
B_seg,ddti_7d9bfb7978,ddti,0.8203356266021729,1,1,0.9013015184381779,0.8203356367226061,2.871320343559643,1.43671924848557,0.7826466246141458,0.08597285067873303,,
B_seg__detstats,ddti_7d9bfb7978,ddti,,1,1,,,,,,,0.0,0.0
SAM_edgesam,ddti_7d9bfb7978,ddti,0.7944186329841614,1,1,0.8854328667703474,0.7944186046511628,4.242640687119285,1.7665186587926216,0.6342984409799555,0.18212669683257918,,
SAM_edgesam__detstats,ddti_7d9bfb7978,ddti,,1,1,,,,,,,0.0,0.0
SAM_efficientvit-t,ddti_7d9bfb7978,ddti,0.7854511737823486,1,1,0.8798349664775658,0.785451197053407,5.0,1.8189077942354248,0.7107983917288915,0.19343891402714933,,
SAM_efficientvit-t__detstats,ddti_7d9bfb7978,ddti,,1,1,,,,,,,0.0,0.0
A_box,tn3k_ba14c8a36b,tn3k,0.8997276425361633,1,1,0.9472175097369239,0.8997276441216523,8.06225774829855,3.8827545713064118,0.364559949715869,0.02477817632622239,,
A_box__detstats,tn3k_ba14c8a36b,tn3k,,1,1,,,,,,,0.0,0.0
A_otsu,tn3k_ba14c8a36b,tn3k,0.847125232219696,1,1,0.9172363709212932,0.8471252139321893,18.027756377319946,5.943478062110556,0.202602884277172,0.11530111383802152,,
A_otsu__detstats,tn3k_ba14c8a36b,tn3k,,1,1,,,,,,,0.0,0.0
A_otsu_fb,tn3k_ba14c8a36b,tn3k,0.847125232219696,1,1,0.9172363709212932,0.8471252139321893,18.027756377319946,5.943478062110556,0.202602884277172,0.11530111383802152,,
A_otsu_fb__detstats,tn3k_ba14c8a36b,tn3k,,1,1,,,,,,,0.0,0.0
A_select,tn3k_ba14c8a36b,tn3k,0.847125232219696,1,1,0.9172363709212932,0.8471252139321893,18.027756377319946,5.943478062110556,0.202602884277172,0.11530111383802152,,
A_select__detstats,tn3k_ba14c8a36b,tn3k,,1,1,,,,,,,0.0,0.0
B_seg,tn3k_ba14c8a36b,tn3k,0.9392929673194885,1,1,0.9686962983605034,0.9392929520378294,6.082762530298219,2.285424454737398,0.5802040645646902,0.03237681706626392,,
B_seg__detstats,tn3k_ba14c8a36b,tn3k,,1,1,,,,,,,0.0,0.0
SAM_edgesam,tn3k_ba14c8a36b,tn3k,0.9371191263198853,1,1,0.9675389675389675,0.9371191135734072,7.414375175913828,2.291869001161375,0.6604534069091788,0.01972814800830659,,
SAM_edgesam__detstats,tn3k_ba14c8a36b,tn3k,,1,1,,,,,,,0.0,0.0
SAM_efficientvit-t,tn3k_ba14c8a36b,tn3k,0.9288469552993774,1,1,0.9631111004023806,0.9288469582190826,6.0,2.4680983463220407,0.4906120717089212,0.04120256749103266,,
SAM_efficientvit-t__detstats,tn3k_ba14c8a36b,tn3k,,1,1,,,,,,,0.0,0.0
A_box,tn3k_e432497cb7,tn3k,0.0,1,0,0.0,0.0,,,0.0,,,
A_box__detstats,tn3k_e432497cb7,tn3k,,1,0,,,,,,,1.0,0.0
A_otsu,tn3k_e432497cb7,tn3k,0.0,1,0,0.0,0.0,,,0.0,,,
A_otsu__detstats,tn3k_e432497cb7,tn3k,,1,0,,,,,,,1.0,0.0
A_otsu_fb,tn3k_e432497cb7,tn3k,0.0,1,0,0.0,0.0,,,0.0,,,
A_otsu_fb__detstats,tn3k_e432497cb7,tn3k,,1,0,,,,,,,1.0,0.0
A_select,tn3k_e432497cb7,tn3k,0.0,1,0,0.0,0.0,,,0.0,,,
A_select__detstats,tn3k_e432497cb7,tn3k,,1,0,,,,,,,1.0,0.0
B_seg,tn3k_e432497cb7,tn3k,0.0,1,1,0.0,0.0,,,0.0,,,
B_seg__detstats,tn3k_e432497cb7,tn3k,,1,1,,,,,,,1.0,1.0
SAM_edgesam,tn3k_e432497cb7,tn3k,0.0,1,0,0.0,0.0,,,0.0,,,
SAM_edgesam__detstats,tn3k_e432497cb7,tn3k,,1,0,,,,,,,1.0,0.0
SAM_efficientvit-t,tn3k_e432497cb7,tn3k,0.0,1,0,0.0,0.0,,,0.0,,,
SAM_efficientvit-t__detstats,tn3k_e432497cb7,tn3k,,1,0,,,,,,,1.0,0.0
A_box,tn3k_e12b0ef506,tn3k,0.914094865322113,1,1,0.9551196971931377,0.9140948438088069,9.219544457292887,3.246322404905734,0.46198804340827254,0.05848722489248672,,
A_box__detstats,tn3k_e12b0ef506,tn3k,,1,1,,,,,,,0.0,0.0
A_otsu,tn3k_e12b0ef506,tn3k,0.8078776001930237,1,1,0.893730407523511,0.8078775857183338,27.946325680981353,6.298788358614565,0.3556059880406118,0.06324310650139135,,
A_otsu__detstats,tn3k_e12b0ef506,tn3k,,1,1,,,,,,,0.0,0.0
A_otsu_fb,tn3k_e12b0ef506,tn3k,0.8078776001930237,1,1,0.893730407523511,0.8078775857183338,27.946325680981353,6.298788358614565,0.3556059880406118,0.06324310650139135,,
A_otsu_fb__detstats,tn3k_e12b0ef506,tn3k,,1,1,,,,,,,0.0,0.0
A_select,tn3k_e12b0ef506,tn3k,0.914094865322113,1,1,0.9551196971931377,0.9140948438088069,9.219544457292887,3.246322404905734,0.46198804340827254,0.05848722489248672,,
A_select__detstats,tn3k_e12b0ef506,tn3k,,1,1,,,,,,,0.0,0.0
B_seg,tn3k_e12b0ef506,tn3k,0.8884922862052917,1,1,0.9409541126369683,0.8884922965707315,9.899494936611665,4.4675232085409995,0.38964467749624143,0.11474829243612446,,
B_seg__detstats,tn3k_e12b0ef506,tn3k,,1,1,,,,,,,0.0,0.0
SAM_edgesam,tn3k_e12b0ef506,tn3k,0.8961924314498901,1,1,0.9452547140327118,0.8961924045631883,12.041594578792296,3.8081049567501593,0.49235474006116203,0.05737414621806223,,
SAM_edgesam__detstats,tn3k_e12b0ef506,tn3k,,1,1,,,,,,,0.0,0.0
SAM_efficientvit-t,tn3k_e12b0ef506,tn3k,0.8834033608436584,1,1,0.9380925822643614,0.8834033613445378,13.497977985572224,4.228409007580268,0.4505509211758933,0.0042499367568934986,,
SAM_efficientvit-t__detstats,tn3k_e12b0ef506,tn3k,,1,1,,,,,,,0.0,0.0
A_box,tn3k_a984c41da4,tn3k,0.0,2,1,0.0,0.0,,,0.0,,,
A_box__detstats,tn3k_a984c41da4,tn3k,,2,1,,,,,,,2.0,1.0
A_otsu,tn3k_a984c41da4,tn3k,0.0,2,1,0.0,0.0,,,0.0,,,
A_otsu__detstats,tn3k_a984c41da4,tn3k,,2,1,,,,,,,2.0,1.0
A_otsu_fb,tn3k_a984c41da4,tn3k,0.0,2,1,0.0,0.0,,,0.0,,,
A_otsu_fb__detstats,tn3k_a984c41da4,tn3k,,2,1,,,,,,,2.0,1.0
A_select,tn3k_a984c41da4,tn3k,0.0,2,1,0.0,0.0,,,0.0,,,
A_select__detstats,tn3k_a984c41da4,tn3k,,2,1,,,,,,,2.0,1.0
B_seg,tn3k_a984c41da4,tn3k,0.5721668601036072,2,1,0.7278703921108242,0.5721668512366187,27.171673254871042,8.976251291963699,0.34767025089605735,0.5633463737586518,,
B_seg__detstats,tn3k_a984c41da4,tn3k,,2,1,,,,,,,1.0,0.0
SAM_edgesam,tn3k_a984c41da4,tn3k,0.0,2,1,0.0,0.0,,,0.0,,,
SAM_edgesam__detstats,tn3k_a984c41da4,tn3k,,2,1,,,,,,,2.0,1.0
SAM_efficientvit-t,tn3k_a984c41da4,tn3k,0.0,2,1,0.0,0.0,,,0.0,,,
SAM_efficientvit-t__detstats,tn3k_a984c41da4,tn3k,,2,1,,,,,,,2.0,1.0
A_box,tn3k_be4c155142,tn3k,0.796640157699585,1,1,0.8868110236220472,0.7966401414677277,9.219544457292887,3.2116142303805395,0.496356115816427,0.171017101710171,,
A_box__detstats,tn3k_be4c155142,tn3k,,1,1,,,,,,,0.0,0.0
A_otsu,tn3k_be4c155142,tn3k,0.8001781702041626,1,1,0.8889988454560449,0.8001781472684085,11.031752712031082,3.185111443820831,0.6508290155440415,0.18091809180918092,,
A_otsu__detstats,tn3k_be4c155142,tn3k,,1,1,,,,,,,0.0,0.0
A_otsu_fb,tn3k_be4c155142,tn3k,0.8001781702041626,1,1,0.8889988454560449,0.8001781472684085,11.031752712031082,3.185111443820831,0.6508290155440415,0.18091809180918092,,
A_otsu_fb__detstats,tn3k_be4c155142,tn3k,,1,1,,,,,,,0.0,0.0
A_select,tn3k_be4c155142,tn3k,0.8001781702041626,1,1,0.8889988454560449,0.8001781472684085,11.031752712031082,3.185111443820831,0.6508290155440415,0.18091809180918092,,
A_select__detstats,tn3k_be4c155142,tn3k,,1,1,,,,,,,0.0,0.0
B_seg,tn3k_be4c155142,tn3k,0.7418056130409241,1,1,0.8517662594915814,0.7418056354226567,13.028803607803974,4.283130454291529,0.4444444444444444,0.18241824182418243,,
B_seg__detstats,tn3k_be4c155142,tn3k,,1,1,,,,,,,0.0,0.0
SAM_edgesam,tn3k_be4c155142,tn3k,0.8049707412719727,1,1,0.8919488093309574,0.8049707602339181,8.246211251235321,2.9891252996603637,0.5033739517819706,0.1479147914791479,,
SAM_edgesam__detstats,tn3k_be4c155142,tn3k,,1,1,,,,,,,0.0,0.0
SAM_efficientvit-t,tn3k_be4c155142,tn3k,0.8101999163627625,1,1,0.8951496718424844,0.8101999420457838,7.810249675906654,3.077940405455842,0.4365743721828719,0.1257125712571257,,
SAM_efficientvit-t__detstats,tn3k_be4c155142,tn3k,,1,1,,,,,,,0.0,0.0
A_box,tn3k_8b669ded91,tn3k,0.8199121356010437,1,1,0.9010458567980691,0.8199121522693997,4.920820393249919,1.6466693310824514,0.7749458767959064,0.21964285714285714,,
A_box__detstats,tn3k_8b669ded91,tn3k,,1,1,,,,,,,0.0,0.0
A_otsu,tn3k_8b669ded91,tn3k,0.8059163093566895,1,1,0.89252896524171,0.8059163059163059,5.0,1.787903806168798,0.7096705519186757,0.23482142857142857,,
A_otsu__detstats,tn3k_8b669ded91,tn3k,,1,1,,,,,,,0.0,0.0
A_otsu_fb,tn3k_8b669ded91,tn3k,0.8059163093566895,1,1,0.89252896524171,0.8059163059163059,5.0,1.787903806168798,0.7096705519186757,0.23482142857142857,,
A_otsu_fb__detstats,tn3k_8b669ded91,tn3k,,1,1,,,,,,,0.0,0.0
A_select,tn3k_8b669ded91,tn3k,0.8199121356010437,1,1,0.9010458567980691,0.8199121522693997,4.920820393249919,1.6466693310824514,0.7749458767959064,0.21964285714285714,,
A_select__detstats,tn3k_8b669ded91,tn3k,,1,1,,,,,,,0.0,0.0
B_seg,tn3k_8b669ded91,tn3k,0.7794015407562256,1,2,0.8760265936644506,0.7794015309672929,4.164942897143225,2.178975622351742,0.5577834487787096,0.2830357142857143,,
B_seg__detstats,tn3k_8b669ded91,tn3k,,1,2,,,,,,,0.0,1.0
SAM_edgesam,tn3k_8b669ded91,tn3k,0.6866952776908875,1,1,0.8142493638676844,0.6866952789699571,5.656854249492381,3.583772038216467,0.2125379532059296,0.45625,,
SAM_edgesam__detstats,tn3k_8b669ded91,tn3k,,1,1,,,,,,,0.0,0.0
SAM_efficientvit-t,tn3k_8b669ded91,tn3k,0.7397622466087341,1,1,0.85041761579347,0.7397622192866579,5.0,2.6827869096506203,0.38963195277188456,0.3517857142857143,,
SAM_efficientvit-t__detstats,tn3k_8b669ded91,tn3k,,1,1,,,,,,,0.0,0.0
A_box,tn3k_33814ec0d8,tn3k,0.5565184950828552,1,1,0.7150811038974091,0.5565184744861246,102.00367638224976,23.932900677262264,0.20056899004267423,0.43160682197913053,,
A_box__detstats,tn3k_33814ec0d8,tn3k,,1,1,,,,,,,0.0,0.0
A_otsu,tn3k_33814ec0d8,tn3k,0.5487213134765625,1,1,0.7086120823817127,0.5487213196857295,99.43313956017819,24.38196276761019,0.19971671388101983,0.44024463289303617,,
A_otsu__detstats,tn3k_33814ec0d8,tn3k,,1,1,,,,,,,0.0,0.0
A_otsu_fb,tn3k_33814ec0d8,tn3k,0.5487213134765625,1,1,0.7086120823817127,0.5487213196857295,99.43313956017819,24.38196276761019,0.19971671388101983,0.44024463289303617,,
A_otsu_fb__detstats,tn3k_33814ec0d8,tn3k,,1,1,,,,,,,0.0,0.0
A_select,tn3k_33814ec0d8,tn3k,0.5487213134765625,1,1,0.7086120823817127,0.5487213196857295,99.43313956017819,24.38196276761019,0.19971671388101983,0.44024463289303617,,
A_select__detstats,tn3k_33814ec0d8,tn3k,,1,1,,,,,,,0.0,0.0
B_seg,tn3k_33814ec0d8,tn3k,0.5683174729347229,1,1,0.7247479778459577,0.5683174503983752,101.7582047474635,23.08782818093482,0.3561253561253561,0.4176413101730715,,
B_seg__detstats,tn3k_33814ec0d8,tn3k,,1,1,,,,,,,0.0,0.0
SAM_edgesam,tn3k_33814ec0d8,tn3k,0.5190612077713013,1,1,0.6833973643987277,0.5190612155250856,103.0,26.16969984129384,0.14638142433154722,0.47375555625610793,,
SAM_edgesam__detstats,tn3k_33814ec0d8,tn3k,,1,1,,,,,,,0.0,0.0
SAM_efficientvit-t,tn3k_33814ec0d8,tn3k,0.524199366569519,1,1,0.6878356964994958,0.5241993663937768,103.0,25.529739313273566,0.147923184668351,0.4681126067904543,,
SAM_efficientvit-t__detstats,tn3k_33814ec0d8,tn3k,,1,1,,,,,,,0.0,0.0
A_box,tn3k_07164549ce,tn3k,0.8984000086784363,1,1,0.9464812473662031,0.8984,2.0,0.8343151829739787,0.962099724585851,0.043693322341302555,,
A_box__detstats,tn3k_07164549ce,tn3k,,1,1,,,,,,,0.0,0.0
A_otsu,tn3k_07164549ce,tn3k,0.9105431437492371,1,1,0.9531772575250836,0.9105431309904153,2.0,0.7196824616063353,0.9843823946994794,0.028029678483099753,,
A_otsu__detstats,tn3k_07164549ce,tn3k,,1,1,,,,,,,0.0,0.0
A_otsu_fb,tn3k_07164549ce,tn3k,0.9105431437492371,1,1,0.9531772575250836,0.9105431309904153,2.0,0.7196824616063353,0.9843823946994794,0.028029678483099753,,
A_otsu_fb__detstats,tn3k_07164549ce,tn3k,,1,1,,,,,,,0.0,0.0
A_select,tn3k_07164549ce,tn3k,0.9105431437492371,1,1,0.9531772575250836,0.9105431309904153,2.0,0.7196824616063353,0.9843823946994794,0.028029678483099753,,
A_select__detstats,tn3k_07164549ce,tn3k,,1,1,,,,,,,0.0,0.0
B_seg,tn3k_07164549ce,tn3k,0.8952879309654236,1,2,0.9447513812154696,0.8952879581151832,2.23606797749979,0.9291071579274264,0.9407104839707885,0.08903544929925804,,
B_seg__detstats,tn3k_07164549ce,tn3k,,1,2,,,,,,,0.0,1.0
SAM_edgesam,tn3k_07164549ce,tn3k,0.8719068169593811,1,1,0.9315707620528771,0.8719068413391557,3.0,1.1539236169901395,0.8349353588313057,0.12036273701566365,,
SAM_edgesam__detstats,tn3k_07164549ce,tn3k,,1,1,,,,,,,0.0,0.0
SAM_efficientvit-t,tn3k_07164549ce,tn3k,0.8199312686920166,1,1,0.9010574018126888,0.8199312714776632,3.605551275463989,1.708872730889548,0.6654754114863844,0.18301731244847486,,
SAM_efficientvit-t__detstats,tn3k_07164549ce,tn3k,,1,1,,,,,,,0.0,0.0
A_box,tn3k_242c29b639,tn3k,0.901142954826355,1,1,0.9480012727546765,0.90114298449489,12.004159457879226,4.6073068365046606,0.345842757622365,0.08354194749342063,,
A_box__detstats,tn3k_242c29b639,tn3k,,1,1,,,,,,,0.0,0.0
A_otsu,tn3k_242c29b639,tn3k,0.828170120716095,1,1,0.9060098936954005,0.8281700981335386,29.53726339868148,8.251415488020026,0.3428053546815702,0.170421721548238,,
A_otsu__detstats,tn3k_242c29b639,tn3k,,1,1,,,,,,,0.0,0.0
A_otsu_fb,tn3k_242c29b639,tn3k,0.828170120716095,1,1,0.9060098936954005,0.8281700981335386,29.53726339868148,8.251415488020026,0.3428053546815702,0.170421721548238,,
A_otsu_fb__detstats,tn3k_242c29b639,tn3k,,1,1,,,,,,,0.0,0.0
A_select,tn3k_242c29b639,tn3k,0.828170120716095,1,1,0.9060098936954005,0.8281700981335386,29.53726339868148,8.251415488020026,0.3428053546815702,0.170421721548238,,
A_select__detstats,tn3k_242c29b639,tn3k,,1,1,,,,,,,0.0,0.0
B_seg,tn3k_242c29b639,tn3k,0.9309114217758179,1,1,0.9642197157968521,0.9309114399089483,11.0,3.1688429113307346,0.5471540277893138,0.014635085692278067,,
B_seg__detstats,tn3k_242c29b639,tn3k,,1,1,,,,,,,0.0,0.0
SAM_edgesam,tn3k_242c29b639,tn3k,0.9140393733978271,1,1,0.9550894266175697,0.9140393933673149,15.0,4.013469657580868,0.46440509036986616,0.04762821747223827,,
SAM_edgesam__detstats,tn3k_242c29b639,tn3k,,1,1,,,,,,,0.0,0.0
SAM_efficientvit-t,tn3k_242c29b639,tn3k,0.8682240843772888,1,1,0.929464614972007,0.8682240941972255,20.103480325530224,6.425485626522417,0.3539268311122413,0.08530714423262084,,
SAM_efficientvit-t__detstats,tn3k_242c29b639,tn3k,,1,1,,,,,,,0.0,0.0
A_box,tn3k_4501e10e3f,tn3k,0.822880744934082,1,1,0.902835538752363,0.822880771881461,5.830951894845301,3.0062895070710867,0.3887852791247047,0.1716589861751152,,
A_box__detstats,tn3k_4501e10e3f,tn3k,,1,1,,,,,,,0.0,0.0
A_otsu,tn3k_4501e10e3f,tn3k,0.7852534651756287,1,1,0.879710893133712,0.7852534562211981,7.280109889280518,3.8069864002418514,0.3047448453106443,0.21474654377880184,,
A_otsu__detstats,tn3k_4501e10e3f,tn3k,,1,1,,,,,,,0.0,0.0
A_otsu_fb,tn3k_4501e10e3f,tn3k,0.7852534651756287,1,1,0.879710893133712,0.7852534562211981,7.280109889280518,3.8069864002418514,0.3047448453106443,0.21474654377880184,,
A_otsu_fb__detstats,tn3k_4501e10e3f,tn3k,,1,1,,,,,,,0.0,0.0
A_select,tn3k_4501e10e3f,tn3k,0.7852534651756287,1,1,0.879710893133712,0.7852534562211981,7.280109889280518,3.8069864002418514,0.3047448453106443,0.21474654377880184,,
A_select__detstats,tn3k_4501e10e3f,tn3k,,1,1,,,,,,,0.0,0.0
B_seg,tn3k_4501e10e3f,tn3k,0.9203284382820129,1,1,0.9585114989021148,0.9203284509542832,3.1622776601683795,1.2646828684110334,0.7657826462957625,0.006221198156682027,,
B_seg__detstats,tn3k_4501e10e3f,tn3k,,1,1,,,,,,,0.0,0.0
SAM_edgesam,tn3k_4501e10e3f,tn3k,0.8953514099121094,1,1,0.9447867023131465,0.8953513989865609,5.0990195135927845,1.7140412742383653,0.7195053923391597,0.017741935483870968,,
SAM_edgesam__detstats,tn3k_4501e10e3f,tn3k,,1,1,,,,,,,0.0,0.0
SAM_efficientvit-t,tn3k_4501e10e3f,tn3k,0.9077540040016174,1,1,0.9516468114926419,0.9077540106951871,4.0,1.4185057692399936,0.7921599612585861,0.027188940092165898,,
SAM_efficientvit-t__detstats,tn3k_4501e10e3f,tn3k,,1,1,,,,,,,0.0,0.0
A_box,tn3k_398c97384e,tn3k,0.6942250728607178,1,1,0.8195193072369003,0.6942250832740746,46.93608329051593,13.99452559995116,0.10774198629597544,0.26857907821763244,,
A_box__detstats,tn3k_398c97384e,tn3k,,1,1,,,,,,,0.0,0.0
A_otsu,tn3k_398c97384e,tn3k,0.5160222053527832,1,1,0.6807581272750094,0.5160222256051149,67.26812023536856,24.083810414087385,0.12171684817424729,0.4763817173455728,,
A_otsu__detstats,tn3k_398c97384e,tn3k,,1,1,,,,,,,0.0,0.0
A_otsu_fb,tn3k_398c97384e,tn3k,0.5160222053527832,1,1,0.6807581272750094,0.5160222256051149,67.26812023536856,24.083810414087385,0.12171684817424729,0.4763817173455728,,
A_otsu_fb__detstats,tn3k_398c97384e,tn3k,,1,1,,,,,,,0.0,0.0
A_select,tn3k_398c97384e,tn3k,0.6942250728607178,1,1,0.8195193072369003,0.6942250832740746,46.93608329051593,13.99452559995116,0.10774198629597544,0.26857907821763244,,
A_select__detstats,tn3k_398c97384e,tn3k,,1,1,,,,,,,0.0,0.0
B_seg,tn3k_398c97384e,tn3k,0.939801812171936,1,1,0.9689668465690054,0.9398018321181529,7.565423623376369,2.5743063108335713,0.574438202247191,0.015681774717919296,,
B_seg__detstats,tn3k_398c97384e,tn3k,,1,1,,,,,,,0.0,0.0
SAM_edgesam,tn3k_398c97384e,tn3k,0.71373450756073,1,1,0.8329580667454355,0.7137344794651385,51.12484186926978,12.807747055063867,0.2669933707615694,0.28429910116657103,,
SAM_edgesam__detstats,tn3k_398c97384e,tn3k,,1,1,,,,,,,0.0,0.0
SAM_efficientvit-t,tn3k_398c97384e,tn3k,0.6965617537498474,1,1,0.8211451758340848,0.6965617470455502,49.0,14.00576167131186,0.17759851580480013,0.3033084719831708,,
SAM_efficientvit-t__detstats,tn3k_398c97384e,tn3k,,1,1,,,,,,,0.0,0.0
A_box,tn3k_2e8606665e,tn3k,0.8272040486335754,1,1,0.9054314860766474,0.8272040302267003,4.0,1.9194501494812646,0.5656565656565656,0.16725618999494693,,
A_box__detstats,tn3k_2e8606665e,tn3k,,1,1,,,,,,,0.0,0.0
A_otsu,tn3k_2e8606665e,tn3k,0.6376957893371582,1,1,0.7787719839555692,0.6376958059626073,13.0,4.048803133082923,0.3397169025811823,0.3623041940373926,,
A_otsu__detstats,tn3k_2e8606665e,tn3k,,1,1,,,,,,,0.0,0.0
A_otsu_fb,tn3k_2e8606665e,tn3k,0.6376957893371582,1,1,0.7787719839555692,0.6376958059626073,13.0,4.048803133082923,0.3397169025811823,0.3623041940373926,,
A_otsu_fb__detstats,tn3k_2e8606665e,tn3k,,1,1,,,,,,,0.0,0.0
A_select,tn3k_2e8606665e,tn3k,0.6376957893371582,1,1,0.7787719839555692,0.6376958059626073,13.0,4.048803133082923,0.3397169025811823,0.3623041940373926,,
A_select__detstats,tn3k_2e8606665e,tn3k,,1,1,,,,,,,0.0,0.0
B_seg,tn3k_2e8606665e,tn3k,0.8399440050125122,1,1,0.9130103981739792,0.8399440037330844,5.0,1.7522427019588847,0.6730164339989397,0.007579585649317837,,
B_seg__detstats,tn3k_2e8606665e,tn3k,,1,1,,,,,,,0.0,0.0
SAM_edgesam,tn3k_2e8606665e,tn3k,0.8590130805969238,1,1,0.9241603466955579,0.8590130916414904,4.47213595499958,1.5933649046095746,0.7187647937074397,0.13441131884790297,,
SAM_edgesam__detstats,tn3k_2e8606665e,tn3k,,1,1,,,,,,,0.0,0.0
SAM_efficientvit-t,tn3k_2e8606665e,tn3k,0.8464249968528748,1,1,0.9168257431142623,0.8464249748237663,4.815247584249841,1.6714271077970002,0.688634459648143,0.14704396159676605,,
SAM_efficientvit-t__detstats,tn3k_2e8606665e,tn3k,,1,1,,,,,,,0.0,0.0
A_box,tn3k_e82f9f01a7,tn3k,0.8829452395439148,1,1,0.9378342245989305,0.8829452485840151,3.0,1.074750943598901,0.8956916099773242,0.017229953611663355,,
A_box__detstats,tn3k_e82f9f01a7,tn3k,,1,1,,,,,,,0.0,0.0
A_otsu,tn3k_e82f9f01a7,tn3k,0.847169816493988,1,1,0.9172625127681308,0.8471698113207548,4.0369316876853,1.4968568514389342,0.7431351212955258,0.0536779324055666,,
A_otsu__detstats,tn3k_e82f9f01a7,tn3k,,1,1,,,,,,,0.0,0.0
A_otsu_fb,tn3k_e82f9f01a7,tn3k,0.847169816493988,1,1,0.9172625127681308,0.8471698113207548,4.0369316876853,1.4968568514389342,0.7431351212955258,0.0536779324055666,,
A_otsu_fb__detstats,tn3k_e82f9f01a7,tn3k,,1,1,,,,,,,0.0,0.0
A_select,tn3k_e82f9f01a7,tn3k,0.847169816493988,1,1,0.9172625127681308,0.8471698113207548,4.0369316876853,1.4968568514389342,0.7431351212955258,0.0536779324055666,,
A_select__detstats,tn3k_e82f9f01a7,tn3k,,1,1,,,,,,,0.0,0.0
B_seg,tn3k_e82f9f01a7,tn3k,0.9032869935035706,1,1,0.9491863168382597,0.9032869785082175,2.23606797749979,0.9270117179549007,0.9195053156866999,0.004638833664678595,,
B_seg__detstats,tn3k_e82f9f01a7,tn3k,,1,1,,,,,,,0.0,0.0
SAM_edgesam,tn3k_e82f9f01a7,tn3k,0.8588516712188721,1,1,0.924066924066924,0.8588516746411483,4.0,1.3348275669263525,0.8137307372889176,0.05964214711729622,,
SAM_edgesam__detstats,tn3k_e82f9f01a7,tn3k,,1,1,,,,,,,0.0,0.0
SAM_efficientvit-t,tn3k_e82f9f01a7,tn3k,0.8279181718826294,1,1,0.9058591178406846,0.8279181708784596,4.123105625617661,1.7577896810760647,0.6623507040146999,0.013253810470510271,,
SAM_efficientvit-t__detstats,tn3k_e82f9f01a7,tn3k,,1,1,,,,,,,0.0,0.0
A_box,tn3k_c1be980a7c,tn3k,0.8100436925888062,2,2,0.8950542822677925,0.8100436681222707,3.0,1.3959833285621928,0.8026867554829852,0.14541387024608501,,
A_box,tn3k_c1be980a7c,tn3k,0.7913278937339783,2,2,0.8835098335854765,0.7913279132791328,4.123105625617661,2.020595431567471,0.5872251050160614,0.2255892255892256,,
A_box__detstats,tn3k_c1be980a7c,tn3k,,2,2,,,,,,,0.0,0.0
A_otsu,tn3k_c1be980a7c,tn3k,0.8121508359909058,2,2,0.8963391136801542,0.8121508379888268,3.1622776601683795,1.7087151703479546,0.7261904761904763,0.18434343434343434,,
A_otsu__detstats,tn3k_c1be980a7c,tn3k,,2,2,,,,,,,1.0,1.0
A_otsu_fb,tn3k_c1be980a7c,tn3k,0.8121508359909058,2,2,0.8963391136801542,0.8121508379888268,3.1622776601683795,1.7087151703479546,0.7261904761904763,0.18434343434343434,,
A_otsu_fb__detstats,tn3k_c1be980a7c,tn3k,,2,2,,,,,,,1.0,1.0
A_select,tn3k_c1be980a7c,tn3k,0.8121508359909058,2,2,0.8963391136801542,0.8121508379888268,3.1622776601683795,1.7087151703479546,0.7261904761904763,0.18434343434343434,,
A_select__detstats,tn3k_c1be980a7c,tn3k,,2,2,,,,,,,1.0,1.0
B_seg,tn3k_c1be980a7c,tn3k,0.8362919092178345,2,2,0.9108485499462943,0.8362919132149902,4.152989390993067,1.2129115292197268,0.850670365233472,0.08277404921700224,,
B_seg,tn3k_c1be980a7c,tn3k,0.8271257877349854,2,2,0.9053846153846153,0.8271257905832747,3.605551275463989,1.607009301010224,0.6827237099934682,0.18855218855218855,,
B_seg__detstats,tn3k_c1be980a7c,tn3k,,2,2,,,,,,,0.0,0.0
SAM_edgesam,tn3k_c1be980a7c,tn3k,0.8534296154975891,2,2,0.9209193611219322,0.8534296028880867,3.0,1.3080798775474844,0.7683930300096805,0.16077441077441076,,
SAM_edgesam,tn3k_c1be980a7c,tn3k,0.8022774457931519,2,2,0.8902929350947731,0.8022774327122153,3.032455532033674,1.5243015965412339,0.8136527927860788,0.052572706935123045,,
SAM_edgesam__detstats,tn3k_c1be980a7c,tn3k,,2,2,,,,,,,0.0,0.0
SAM_efficientvit-t,tn3k_c1be980a7c,tn3k,0.8549060821533203,2,2,0.9217782779966235,0.8549060542797495,2.23606797749979,1.034738031853152,0.9321515892420538,0.012304250559284116,,
SAM_efficientvit-t,tn3k_c1be980a7c,tn3k,0.7952861785888672,2,2,0.8859714928732183,0.7952861952861953,3.605551275463989,1.9763568423971796,0.5389221556886229,0.2441077441077441,,
SAM_efficientvit-t__detstats,tn3k_c1be980a7c,tn3k,,2,2,,,,,,,0.0,0.0
A_box,tn3k_75f6fec10b,tn3k,0.8669467568397522,1,1,0.9287321830457614,0.8669467787114846,3.605551275463989,1.2405954677330713,0.8175448779072176,0.04919292851652575,,
A_box__detstats,tn3k_75f6fec10b,tn3k,,1,1,,,,,,,0.0,0.0
A_otsu,tn3k_75f6fec10b,tn3k,0.7900280952453613,1,1,0.8826990976853668,0.7900280898876404,5.0198039027185555,2.067969664248805,0.5818181818181818,0.04073789392774789,,
A_otsu__detstats,tn3k_75f6fec10b,tn3k,,1,1,,,,,,,0.0,0.0
A_otsu_fb,tn3k_75f6fec10b,tn3k,0.7900280952453613,1,1,0.8826990976853668,0.7900280898876404,5.0198039027185555,2.067969664248805,0.5818181818181818,0.04073789392774789,,
A_otsu_fb__detstats,tn3k_75f6fec10b,tn3k,,1,1,,,,,,,0.0,0.0
A_select,tn3k_75f6fec10b,tn3k,0.7900280952453613,1,1,0.8826990976853668,0.7900280898876404,5.0198039027185555,2.067969664248805,0.5818181818181818,0.04073789392774789,,
A_select__detstats,tn3k_75f6fec10b,tn3k,,1,1,,,,,,,0.0,0.0
B_seg,tn3k_75f6fec10b,tn3k,0.854125440120697,1,1,0.9213243147027412,0.8541254125412542,4.0,1.442687073576454,0.7174847990508676,0.15910837817063797,,
B_seg__detstats,tn3k_75f6fec10b,tn3k,,1,1,,,,,,,0.0,0.0
SAM_edgesam,tn3k_75f6fec10b,tn3k,0.8596993684768677,1,1,0.9245573518090839,0.8596993557623479,3.0,1.2892485637033637,0.8058445871153421,0.0030745580322828594,,
SAM_edgesam__detstats,tn3k_75f6fec10b,tn3k,,1,1,,,,,,,0.0,0.0
SAM_efficientvit-t,tn3k_75f6fec10b,tn3k,0.865145206451416,1,1,0.9276974416017798,0.8651452282157677,3.605551275463989,1.2401610033374217,0.8354797750770905,0.0730207532667179,,
SAM_efficientvit-t__detstats,tn3k_75f6fec10b,tn3k,,1,1,,,,,,,0.0,0.0
A_box,tn3k_a66f54501a,tn3k,0.8899887204170227,1,1,0.941792618629174,0.8899887065701189,7.053300858899107,3.4634121738780514,0.35729062001300316,0.05642847383522339,,
A_box__detstats,tn3k_a66f54501a,tn3k,,1,1,,,,,,,0.0,0.0
A_otsu,tn3k_a66f54501a,tn3k,0.9173503518104553,1,1,0.9568938081261714,0.9173503288358533,7.0710678118654755,2.6598584545911526,0.5308714404523213,0.06811039759529991,,
A_otsu__detstats,tn3k_a66f54501a,tn3k,,1,1,,,,,,,0.0,0.0
A_otsu_fb,tn3k_a66f54501a,tn3k,0.9173503518104553,1,1,0.9568938081261714,0.9173503288358533,7.0710678118654755,2.6598584545911526,0.5308714404523213,0.06811039759529991,,
A_otsu_fb__detstats,tn3k_a66f54501a,tn3k,,1,1,,,,,,,0.0,0.0
A_select,tn3k_a66f54501a,tn3k,0.9173503518104553,1,1,0.9568938081261714,0.9173503288358533,7.0710678118654755,2.6598584545911526,0.5308714404523213,0.06811039759529991,,
A_select__detstats,tn3k_a66f54501a,tn3k,,1,1,,,,,,,0.0,0.0
B_seg,tn3k_a66f54501a,tn3k,0.936011016368866,1,1,0.9669480321366826,0.9360110257924789,7.19009734006859,1.9896259077675031,0.7066508656819956,0.015234321628637791,,
B_seg__detstats,tn3k_a66f54501a,tn3k,,1,1,,,,,,,0.0,0.0
SAM_edgesam,tn3k_a66f54501a,tn3k,0.9456580877304077,1,1,0.9720701754385965,0.9456581103222282,5.0,1.6388611188652908,0.7425948332394314,0.05301270665391447,,
SAM_edgesam__detstats,tn3k_a66f54501a,tn3k,,1,1,,,,,,,0.0,0.0
SAM_efficientvit-t,tn3k_a66f54501a,tn3k,0.9290199279785156,1,1,0.9632040758562128,0.929019929019929,6.324555320336759,2.1710564750883634,0.6415988732120741,0.06913512774969258,,
SAM_efficientvit-t__detstats,tn3k_a66f54501a,tn3k,,1,1,,,,,,,0.0,0.0
A_box,tn3k_be632d42a2,tn3k,0.7927072644233704,1,1,0.8843689049874617,0.7927072927072927,13.026883367283705,3.582156122536479,0.46706045125585355,0.09821689564454837,,
A_box__detstats,tn3k_be632d42a2,tn3k,,1,1,,,,,,,0.0,0.0
A_otsu,tn3k_be632d42a2,tn3k,0.7546186447143555,1,1,0.8601511879049676,0.7546186641402179,15.811388300841896,4.333949528588851,0.47505341208998364,0.16544869921075708,,
A_otsu__detstats,tn3k_be632d42a2,tn3k,,1,1,,,,,,,0.0,0.0
A_otsu_fb,tn3k_be632d42a2,tn3k,0.7546186447143555,1,1,0.8601511879049676,0.7546186641402179,15.811388300841896,4.333949528588851,0.47505341208998364,0.16544869921075708,,
A_otsu_fb__detstats,tn3k_be632d42a2,tn3k,,1,1,,,,,,,0.0,0.0
A_select,tn3k_be632d42a2,tn3k,0.7546186447143555,1,1,0.8601511879049676,0.7546186641402179,15.811388300841896,4.333949528588851,0.47505341208998364,0.16544869921075708,,
A_select__detstats,tn3k_be632d42a2,tn3k,,1,1,,,,,,,0.0,0.0
B_seg,tn3k_be632d42a2,tn3k,0.903943657875061,1,1,0.9495487498150614,0.903943661971831,7.945256015572991,1.8971631655394376,0.8176970175785108,0.024261911721718796,,
B_seg__detstats,tn3k_be632d42a2,tn3k,,1,1,,,,,,,0.0,0.0
SAM_edgesam,tn3k_be632d42a2,tn3k,0.8005900979042053,1,1,0.8892530383722518,0.800590115564298,11.40175425099138,3.540649009526314,0.5037101386324971,0.14060216311020168,,
SAM_edgesam__detstats,tn3k_be632d42a2,tn3k,,1,1,,,,,,,0.0,0.0
SAM_efficientvit-t,tn3k_be632d42a2,tn3k,0.7914211750030518,1,1,0.8835679515853178,0.7914211642705633,14.195036708596659,3.5050687148567494,0.6014367770622023,0.22186495176848875,,
SAM_efficientvit-t__detstats,tn3k_be632d42a2,tn3k,,1,1,,,,,,,0.0,0.0
A_box,tn3k_123cbf01bd,tn3k,0.8997150659561157,2,2,0.9472105232792938,0.8997150372643578,6.708203932499369,2.4280883838253606,0.5242240105107571,0.06320676109986906,,
A_box,tn3k_123cbf01bd,tn3k,0.7774674296379089,2,2,0.8748035620743845,0.7774674115456238,6.0486832980505065,2.525184893710697,0.5146908020865842,0.10126582278481013,,
A_box__detstats,tn3k_123cbf01bd,tn3k,,2,2,,,,,,,0.0,0.0
A_otsu,tn3k_123cbf01bd,tn3k,0.7265625,2,2,0.8416289592760181,0.7265625,8.108246124032743,3.231845311121641,0.4480075453902382,0.18932305998899285,,
A_otsu,tn3k_123cbf01bd,tn3k,0.6718986630439758,2,2,0.8037552606021366,0.6718986793678285,28.653860020225054,7.080577465494123,0.2784310481345356,0.16152838947744316,,
A_otsu__detstats,tn3k_123cbf01bd,tn3k,,2,2,,,,,,,0.0,0.0
A_otsu_fb,tn3k_123cbf01bd,tn3k,0.7265625,2,2,0.8416289592760181,0.7265625,8.108246124032743,3.231845311121641,0.4480075453902382,0.18932305998899285,,
A_otsu_fb,tn3k_123cbf01bd,tn3k,0.6718986630439758,2,2,0.8037552606021366,0.6718986793678285,28.653860020225054,7.080577465494123,0.2784310481345356,0.16152838947744316,,
A_otsu_fb__detstats,tn3k_123cbf01bd,tn3k,,2,2,,,,,,,0.0,0.0
A_select,tn3k_123cbf01bd,tn3k,0.7265625,2,2,0.8416289592760181,0.7265625,8.108246124032743,3.231845311121641,0.4480075453902382,0.18932305998899285,,
A_select,tn3k_123cbf01bd,tn3k,0.6718986630439758,2,2,0.8037552606021366,0.6718986793678285,28.653860020225054,7.080577465494123,0.2784310481345356,0.16152838947744316,,
A_select__detstats,tn3k_123cbf01bd,tn3k,,2,2,,,,,,,0.0,0.0
B_seg,tn3k_123cbf01bd,tn3k,0.8928914070129395,2,3,0.9434153482348967,0.8928913993392306,8.94427190999916,2.5523984470679704,0.5469107551487414,0.11415307701464111,,
B_seg,tn3k_123cbf01bd,tn3k,0.7745013236999512,2,3,0.8729227761485826,0.7745013009540329,7.625496934366037,2.755721599209981,0.5273708558211258,0.25206384149697303,,
B_seg__detstats,tn3k_123cbf01bd,tn3k,,2,3,,,,,,,0.0,1.0
SAM_edgesam,tn3k_123cbf01bd,tn3k,0.7275674939155579,2,2,0.8423028151153944,0.7275674728356116,21.93171219946131,8.182747115006302,0.4458874458874459,0.34674443518628734,,
SAM_edgesam,tn3k_123cbf01bd,tn3k,0.6585635542869568,2,2,0.7941372418387741,0.6585635359116022,11.293703207261885,4.822586476652103,0.2162162162162162,0.4782608695652174,,
SAM_edgesam__detstats,tn3k_123cbf01bd,tn3k,,2,2,,,,,,,0.0,0.0
SAM_efficientvit-t,tn3k_123cbf01bd,tn3k,0.6923267245292664,2,2,0.81819512909366,0.6923267531180309,21.98634243989226,9.57963417210022,0.29764526592873214,0.4388763242471134,,
SAM_efficientvit-t,tn3k_123cbf01bd,tn3k,0.685458779335022,2,2,0.8133794694348327,0.6854587869362364,8.94427190999916,3.9622937439874537,0.24254473161033796,0.38580077050082556,,
SAM_efficientvit-t__detstats,tn3k_123cbf01bd,tn3k,,2,2,,,,,,,0.0,0.0
A_box,tn3k_e050c0f8dd,tn3k,0.0,1,0,0.0,0.0,,,0.0,,,
A_box__detstats,tn3k_e050c0f8dd,tn3k,,1,0,,,,,,,1.0,0.0
A_otsu,tn3k_e050c0f8dd,tn3k,0.0,1,0,0.0,0.0,,,0.0,,,
A_otsu__detstats,tn3k_e050c0f8dd,tn3k,,1,0,,,,,,,1.0,0.0
A_otsu_fb,tn3k_e050c0f8dd,tn3k,0.0,1,0,0.0,0.0,,,0.0,,,
A_otsu_fb__detstats,tn3k_e050c0f8dd,tn3k,,1,0,,,,,,,1.0,0.0
A_select,tn3k_e050c0f8dd,tn3k,0.0,1,0,0.0,0.0,,,0.0,,,
A_select__detstats,tn3k_e050c0f8dd,tn3k,,1,0,,,,,,,1.0,0.0
B_seg,tn3k_e050c0f8dd,tn3k,0.0,1,0,0.0,0.0,,,0.0,,,
B_seg__detstats,tn3k_e050c0f8dd,tn3k,,1,0,,,,,,,1.0,0.0
SAM_edgesam,tn3k_e050c0f8dd,tn3k,0.0,1,0,0.0,0.0,,,0.0,,,
SAM_edgesam__detstats,tn3k_e050c0f8dd,tn3k,,1,0,,,,,,,1.0,0.0
SAM_efficientvit-t,tn3k_e050c0f8dd,tn3k,0.0,1,0,0.0,0.0,,,0.0,,,
SAM_efficientvit-t__detstats,tn3k_e050c0f8dd,tn3k,,1,0,,,,,,,1.0,0.0
A_box,tn3k_8f32288f9c,tn3k,0.7886756062507629,1,1,0.8818542762098938,0.7886756238003839,9.433981132056603,4.017348538538287,0.3169538740606375,0.20512326656394453,,
A_box__detstats,tn3k_8f32288f9c,tn3k,,1,1,,,,,,,0.0,0.0
A_otsu,tn3k_8f32288f9c,tn3k,0.8593155741691589,1,1,0.9243353783231084,0.8593155893536122,7.0710678118654755,2.5903250646736424,0.5439033403492987,0.11633281972265024,,
A_otsu__detstats,tn3k_8f32288f9c,tn3k,,1,1,,,,,,,0.0,0.0
A_otsu_fb,tn3k_8f32288f9c,tn3k,0.8593155741691589,1,1,0.9243353783231084,0.8593155893536122,7.0710678118654755,2.5903250646736424,0.5439033403492987,0.11633281972265024,,
A_otsu_fb__detstats,tn3k_8f32288f9c,tn3k,,1,1,,,,,,,0.0,0.0
A_select,tn3k_8f32288f9c,tn3k,0.8593155741691589,1,1,0.9243353783231084,0.8593155893536122,7.0710678118654755,2.5903250646736424,0.5439033403492987,0.11633281972265024,,
A_select__detstats,tn3k_8f32288f9c,tn3k,,1,1,,,,,,,0.0,0.0
B_seg,tn3k_8f32288f9c,tn3k,0.8297906517982483,1,1,0.9069787754389029,0.829790634489372,8.06225774829855,3.4892602213817936,0.41493919591465794,0.20512326656394453,,
B_seg__detstats,tn3k_8f32288f9c,tn3k,,1,1,,,,,,,0.0,0.0
SAM_edgesam,tn3k_8f32288f9c,tn3k,0.8541069030761719,1,1,0.9213135631765669,0.85410693202901,10.302863959383172,2.9600279903648663,0.5148232611174458,0.11729583975346687,,
SAM_edgesam__detstats,tn3k_8f32288f9c,tn3k,,1,1,,,,,,,0.0,0.0
SAM_efficientvit-t,tn3k_8f32288f9c,tn3k,0.8936432600021362,1,1,0.943834852148038,0.8936432470505371,5.830951894845301,1.9708646625380255,0.6759388038942976,0.07126348228043143,,
SAM_efficientvit-t__detstats,tn3k_8f32288f9c,tn3k,,1,1,,,,,,,0.0,0.0
