method,uid,dataset,modality,match_iou,n_gt,n_pred,dice,iou,hd95,assd,bf1,area_err,pred_pt_err,n_miss,n_fp,rough_pt_err
yolo26n_seg,busi_c4322390d6,busi,breast,0.894178569316864,1,1,0.9441333506967053,0.894178589047854,5.907023542164904,1.6137330885097403,0.8132513595068661,0.046055979643765906,1.3368016481399536,,,
yolo26n_seg__detstats,busi_c4322390d6,busi,breast,,1,1,,,,,,,,0.0,0.0,
seg_refiner,busi_c4322390d6,busi,breast,0.9205115437507629,1,1,0.9586107846977412,0.9205115346038114,3.1622776601683795,1.2025485855200553,0.8079974221663009,0.05114503816793893,1.3106601238250732,,,1.6360739469528198
seg_refiner__detstats,busi_c4322390d6,busi,breast,,1,1,,,,,,,,0.0,0.0,
refiner,busi_c4322390d6,busi,breast,0.8698858022689819,1,1,0.9304159776109909,0.8698858230256898,4.47213595499958,2.07244665716839,0.5745166402535657,0.0002544529262086514,2.269651412963867,,,8.126031875610352
refiner__detstats,busi_c4322390d6,busi,breast,,1,1,,,,,,,,0.0,0.0,
rough_otsu,busi_c4322390d6,busi,breast,0.6602822542190552,1,1,0.7953855494839102,0.6602822580645161,15.652475842498529,7.458493725064031,0.09061488673139158,0.5145038167938931,8.152881622314453,,,8.152881622314453
rough_otsu__detstats,busi_c4322390d6,busi,breast,,1,1,,,,,,,,0.0,0.0,
refiner_box,busi_c4322390d6,busi,breast,0.8683147430419922,1,1,0.9295165394402035,0.868314713572617,5.0,2.109949897637993,0.5831390507910076,0.0,2.331477165222168,,,8.341043472290039
refiner_box__detstats,busi_c4322390d6,busi,breast,,1,1,,,,,,,,0.0,0.0,
refiner_gtbox,busi_c4322390d6,busi,breast,0.913930356502533,1,1,0.9550298934234468,0.9139303482587064,3.1622776601683795,1.32396742337439,0.7827463395330431,0.042239185750636135,1.4287302494049072,,,2.567046880722046
refiner_gtbox__detstats,busi_c4322390d6,busi,breast,,1,1,,,,,,,,0.0,0.0,
rough_otsu_gtbox,busi_c4322390d6,busi,breast,0.8442185521125793,1,1,0.9155298332644344,0.8442185514612452,6.082762530298219,2.552477825352815,0.5212797182271793,0.1534351145038168,2.548402786254883,,,2.548402786254883
rough_otsu_gtbox__detstats,busi_c4322390d6,busi,breast,,1,1,,,,,,,,0.0,0.0,
yolo26n_seg,busi_a3108459ab,busi,breast,0.8855640888214111,1,1,0.9393094574308385,0.8855640921957137,3.18444134093314,1.4677843308397875,0.7000000000000001,0.02999577524292353,1.7322684526443481,,,
yolo26n_seg__detstats,busi_a3108459ab,busi,breast,,1,1,,,,,,,,0.0,0.0,
seg_refiner,busi_a3108459ab,busi,breast,0.8697598576545715,1,1,0.9303439268611232,0.8697598697598697,3.605551275463989,1.6554216446640246,0.6407766990291262,0.059146599070553446,1.638362169265747,,,1.5316040515899658
seg_refiner__detstats,busi_a3108459ab,busi,breast,,1,1,,,,,,,,0.0,0.0,
refiner,busi_a3108459ab,busi,breast,0.8317907452583313,1,1,0.9081722319859402,0.8317907444668008,5.0,2.2245454978528065,0.496536312849162,0.07689057879171948,2.222564220428467,,,2.7758941650390625
refiner__detstats,busi_a3108459ab,busi,breast,,1,1,,,,,,,,0.0,0.0,
rough_otsu,busi_a3108459ab,busi,breast,0.7842589020729065,1,1,0.8790864308105687,0.7842588893328006,7.0,2.8225233959005127,0.4587004405286344,0.11322348964934516,2.7651591300964355,,,2.7651591300964355
rough_otsu__detstats,busi_a3108459ab,busi,breast,,1,1,,,,,,,,0.0,0.0,
refiner_box,busi_a3108459ab,busi,breast,0.8610432147979736,1,1,0.9253339172323188,0.8610431947840261,5.0,1.8096936935583252,0.6476190476190475,0.07055344317701732,1.8455437421798706,,,3.5772929191589355
refiner_box__detstats,busi_a3108459ab,busi,breast,,1,1,,,,,,,,0.0,0.0,
refiner_gtbox,busi_a3108459ab,busi,breast,0.8358209133148193,1,1,0.9105691056910569,0.835820895522388,5.0,2.1439315923018483,0.496536312849162,0.07731305449936629,2.096879243850708,,,2.783365249633789
refiner_gtbox__detstats,busi_a3108459ab,busi,breast,,1,1,,,,,,,,0.0,0.0,
rough_otsu_gtbox,busi_a3108459ab,busi,breast,0.7866613268852234,1,1,0.8805936586462784,0.786661309762957,7.0,2.800732243694032,0.4679291111910759,0.12125052809463456,2.7872042655944824,,,2.7872042655944824
rough_otsu_gtbox__detstats,busi_a3108459ab,busi,breast,,1,1,,,,,,,,0.0,0.0,
yolo26n_seg,busi_6ca345f4b1,busi,breast,0.7945412397384644,1,3,0.885509028541842,0.794541231126597,11.0,4.33015268082056,0.2608160032851319,0.04216230504890299,4.3990092277526855,,,
yolo26n_seg__detstats,busi_6ca345f4b1,busi,breast,,1,3,,,,,,,,0.0,2.0,
seg_refiner,busi_6ca345f4b1,busi,breast,0.8701716661453247,1,3,0.9305794606999426,0.8701716738197425,9.055385138137417,2.7465511933791547,0.5917362239847482,0.07335448057097542,3.184561014175415,,,4.888544082641602
seg_refiner__detstats,busi_6ca345f4b1,busi,breast,,1,3,,,,,,,,0.0,2.0,
refiner,busi_6ca345f4b1,busi,breast,0.8251023888587952,1,2,0.9041710665258712,0.8251023849674777,9.649744150086049,3.6248203691631042,0.4999158443962886,0.0026434047052603755,4.097174644470215,,,5.610438823699951
refiner__detstats,busi_6ca345f4b1,busi,breast,,1,2,,,,,,,,0.0,1.0,
rough_otsu,busi_6ca345f4b1,busi,breast,0.7600194215774536,1,2,0.8636489097433067,0.7600194316249697,13.341664064126334,5.069738238334855,0.34898321474446864,0.08458895056833202,5.5838212966918945,,,5.5838212966918945
rough_otsu__detstats,busi_6ca345f4b1,busi,breast,,1,2,,,,,,,,0.0,1.0,
refiner_box,busi_6ca345f4b1,busi,breast,0.8876475691795349,1,2,0.9404801936915731,0.8876475815665863,6.0,2.244002053627721,0.574331151125936,0.03476077187417394,2.6196951866149902,,,8.953012466430664
refiner_box__detstats,busi_6ca345f4b1,busi,breast,,1,2,,,,,,,,0.0,1.0,
refiner_gtbox,busi_6ca345f4b1,busi,breast,0.8830926418304443,1,1,0.9379173553719008,0.8830926294820717,6.737383539249406,2.3746401299002313,0.5986013017587591,0.0009251916468411313,2.386103630065918,,,5.229848861694336
refiner_gtbox__detstats,busi_6ca345f4b1,busi,breast,,1,1,,,,,,,,0.0,0.0,
rough_otsu_gtbox,busi_6ca345f4b1,busi,breast,0.7640050649642944,1,1,0.8662164104037936,0.7640050697084918,13.96061355245126,5.000565415117525,0.40703415623943184,0.1604546656093048,5.22678804397583,,,5.22678804397583
rough_otsu_gtbox__detstats,busi_6ca345f4b1,busi,breast,,1,1,,,,,,,,0.0,0.0,
yolo26n_seg,busi_9460d57994,busi,breast,0.8912110328674316,1,1,0.9424765663542181,0.8912110468370965,5.0,1.8421252795949372,0.6647908939762117,0.06625891946992865,1.7783671617507935,,,
yolo26n_seg__detstats,busi_9460d57994,busi,breast,,1,1,,,,,,,,0.0,0.0,
seg_refiner,busi_9460d57994,busi,breast,0.9016644358634949,1,1,0.9482897384305835,0.9016644346661565,4.123105625617661,1.6401872481626252,0.7522015849150453,0.026503567787971458,1.9263195991516113,,,2.167302370071411
seg_refiner__detstats,busi_9460d57994,busi,breast,,1,1,,,,,,,,0.0,0.0,
refiner,busi_9460d57994,busi,breast,0.8817309737205505,1,1,0.9371488033298647,0.881730957509301,5.0,1.9632825069855562,0.6879589216944801,0.040774719673802244,2.0809695720672607,,,5.0161824226379395
refiner__detstats,busi_9460d57994,busi,breast,,1,1,,,,,,,,0.0,0.0,
rough_otsu,busi_9460d57994,busi,breast,0.7329738140106201,1,1,0.8459144865737006,0.7329738366287198,9.0,4.607383402890706,0.1680362410450906,0.23098878695208971,4.996407508850098,,,4.996407508850098
rough_otsu__detstats,busi_9460d57994,busi,breast,,1,1,,,,,,,,0.0,0.0,
refiner_box,busi_9460d57994,busi,breast,0.8517837524414062,1,1,0.9199602780536247,0.8517837440235381,6.708203932499369,2.598336470424993,0.5331412103746398,0.053007135575942915,2.947246551513672,,,9.719985008239746
refiner_box__detstats,busi_9460d57994,busi,breast,,1,1,,,,,,,,0.0,0.0,
refiner_gtbox,busi_9460d57994,busi,breast,0.8796278834342957,1,1,0.935959595959596,0.8796278716536928,4.242640687119285,2.0371874355017416,0.6015291207555655,0.01834862385321101,2.2335362434387207,,,4.275197982788086
refiner_gtbox__detstats,busi_9460d57994,busi,breast,,1,1,,,,,,,,0.0,0.0,
rough_otsu_gtbox,busi_9460d57994,busi,breast,0.7732042074203491,1,1,0.8720983158852982,0.7732041969330105,8.94427190999916,4.00319279886774,0.2751336217867142,0.20835881753312946,4.291159629821777,,,4.291159629821777
rough_otsu_gtbox__detstats,busi_9460d57994,busi,breast,,1,1,,,,,,,,0.0,0.0,
yolo26n_seg,busi_bd7080a2a6,busi,breast,0.8568075299263,1,1,0.922882427307206,0.8568075117370892,7.0,2.641076232713116,0.4355579573088355,0.04415400918403391,2.882511615753174,,,
yolo26n_seg__detstats,busi_bd7080a2a6,busi,breast,,1,1,,,,,,,,0.0,0.0,
seg_refiner,busi_bd7080a2a6,busi,breast,0.841906726360321,1,1,0.9141686836715696,0.8419067215363512,7.0,2.952042684715095,0.443637664311902,0.10279053338043094,3.2214956283569336,,,2.8477725982666016
seg_refiner__detstats,busi_bd7080a2a6,busi,breast,,1,1,,,,,,,,0.0,0.0,
refiner,busi_bd7080a2a6,busi,breast,0.80243319272995,1,1,0.8903888202300599,0.8024331734064428,8.94427190999916,3.8026292311777583,0.37117750439367314,0.1421759095725892,3.760969638824463,,,6.532341957092285
refiner__detstats,busi_bd7080a2a6,busi,breast,,1,1,,,,,,,,0.0,0.0,
rough_otsu,busi_bd7080a2a6,busi,breast,0.6730368137359619,1,1,0.8045690550363448,0.673036831132731,17.0,6.095977304302016,0.39783491204330174,0.2991875662310138,6.492680072784424,,,6.492680072784424
rough_otsu__detstats,busi_bd7080a2a6,busi,breast,,1,1,,,,,,,,0.0,0.0,
refiner_box,busi_bd7080a2a6,busi,breast,0.7377426624298096,1,1,0.8490816133308086,0.7377426785126686,13.0,5.170781330487572,0.281949479256574,0.13458141999293535,4.998388290405273,,,9.5403470993042
refiner_box__detstats,busi_bd7080a2a6,busi,breast,,1,1,,,,,,,,0.0,0.0,
refiner_gtbox,busi_bd7080a2a6,busi,breast,0.853150486946106,1,1,0.9207568377669539,0.8531504947057802,7.211102550927978,2.7384507566644984,0.4985113060271989,0.11444719180501589,2.9081931114196777,,,5.542057991027832
refiner_gtbox__detstats,busi_bd7080a2a6,busi,breast,,1,1,,,,,,,,0.0,0.0,
rough_otsu_gtbox,busi_bd7080a2a6,busi,breast,0.7390924692153931,1,1,0.8499749121926744,0.7390924956369983,13.877895315414067,4.991351857555399,0.40578613973716554,0.24002119392440835,5.574129104614258,,,5.574129104614258
rough_otsu_gtbox__detstats,busi_bd7080a2a6,busi,breast,,1,1,,,,,,,,0.0,0.0,
yolo26n_seg,busi_479bc9d958,busi,breast,0.5130279660224915,1,2,0.6781473463229023,0.5130279418333415,111.31936040060597,41.93632169221125,0.00999061487693379,0.19275287143386438,45.74567413330078,,,
yolo26n_seg__detstats,busi_479bc9d958,busi,breast,,1,2,,,,,,,,0.0,1.0,
seg_refiner,busi_479bc9d958,busi,breast,0.5373268127441406,1,2,0.6990404617623601,0.5373268277884519,87.28516400479195,37.37007267686381,0.07214866415800564,0.19753982956650612,40.276432037353516,,,50.878700256347656
seg_refiner__detstats,busi_479bc9d958,busi,breast,,1,2,,,,,,,,0.0,1.0,
refiner,busi_479bc9d958,busi,breast,0.0,1,1,0.0,0.0,,,0.0,,,,,
refiner__detstats,busi_479bc9d958,busi,breast,,1,1,,,,,,,,1.0,1.0,
rough_otsu,busi_479bc9d958,busi,breast,0.0,1,1,0.0,0.0,,,0.0,,,,,
rough_otsu__detstats,busi_479bc9d958,busi,breast,,1,1,,,,,,,,1.0,1.0,
refiner_box,busi_479bc9d958,busi,breast,0.0,1,1,0.0,0.0,,,0.0,,,,,
refiner_box__detstats,busi_479bc9d958,busi,breast,,1,1,,,,,,,,1.0,1.0,
refiner_gtbox,busi_479bc9d958,busi,breast,0.5213315486907959,1,1,0.6853621730382293,0.5213315477329252,87.92837979194562,27.727671101235245,0.05271713947052454,0.4679362726935902,32.882110595703125,,,41.895755767822266
refiner_gtbox__detstats,busi_479bc9d958,busi,breast,,1,1,,,,,,,,0.0,0.0,
rough_otsu_gtbox,busi_479bc9d958,busi,breast,0.5865908265113831,1,1,0.7394355530872924,0.5865908362704262,94.0,26.654040626119045,0.11051440816654748,0.23872545387180438,41.82941818237305,,,41.82941818237305
rough_otsu_gtbox__detstats,busi_479bc9d958,busi,breast,,1,1,,,,,,,,0.0,0.0,
yolo26n_seg,busi_5f2389aed3,busi,breast,0.8817285895347595,1,2,0.9371474617244158,0.8817285822592873,6.60142603922608,2.915617989814759,0.38888888888888895,0.01507770818835537,3.2086708545684814,,,
yolo26n_seg__detstats,busi_5f2389aed3,busi,breast,,1,2,,,,,,,,0.0,1.0,
seg_refiner,busi_5f2389aed3,busi,breast,0.9297418594360352,1,2,0.9635919506804699,0.9297418630751965,4.123105625617661,1.6582461265165052,0.6715037277409422,0.005799118533982834,1.9103541374206543,,,3.145799160003662
seg_refiner__detstats,busi_5f2389aed3,busi,breast,,1,2,,,,,,,,0.0,1.0,
refiner,busi_5f2389aed3,busi,breast,0.8855799436569214,1,1,0.9393183707398172,0.8855799373040752,6.324555320336759,2.8638895585427395,0.47328263002944065,0.04662491301322199,3.0323984622955322,,,6.997322082519531
refiner__detstats,busi_5f2389aed3,busi,breast,,1,1,,,,,,,,0.0,0.0,
rough_otsu,busi_5f2389aed3,busi,breast,0.7268732190132141,1,1,0.8418373838910803,0.7268732146780927,16.278820596099706,6.501713590605441,0.2872152504324146,0.17698909765715612,7.003624439239502,,,7.003624439239502
rough_otsu__detstats,busi_5f2389aed3,busi,breast,,1,1,,,,,,,,0.0,0.0,
refiner_box,busi_5f2389aed3,busi,breast,0.8897566199302673,1,1,0.941662673694298,0.889756649688738,6.0,2.6984014456133405,0.47794117647058826,0.06355833913245186,2.8387668132781982,,,5.391819953918457
refiner_box__detstats,busi_5f2389aed3,busi,breast,,1,1,,,,,,,,0.0,0.0,
refiner_gtbox,busi_5f2389aed3,busi,breast,0.8943135142326355,1,1,0.944208539749941,0.8943134845268685,5.830951894845301,2.6480009174119954,0.4900497512437811,0.033402922755741124,2.7708334922790527,,,6.305836200714111
refiner_gtbox__detstats,busi_5f2389aed3,busi,breast,,1,1,,,,,,,,0.0,0.0,
rough_otsu_gtbox,busi_5f2389aed3,busi,breast,0.7601048946380615,1,1,0.8637040714995035,0.760104872187022,14.866068747318506,5.834480592466476,0.29933822862841086,0.13129204360937138,6.373701095581055,,,6.373701095581055
rough_otsu_gtbox__detstats,busi_5f2389aed3,busi,breast,,1,1,,,,,,,,0.0,0.0,
yolo26n_seg,busi_7432afad2c,busi,breast,0.9091380834579468,1,1,0.9524068238617842,0.9091380562182346,5.0,2.0450016869283654,0.6346516562536838,0.03426171529619806,1.968354344367981,,,
yolo26n_seg__detstats,busi_7432afad2c,busi,breast,,1,1,,,,,,,,0.0,0.0,
seg_refiner,busi_7432afad2c,busi,breast,0.8885819315910339,1,1,0.9410043881033642,0.8885819521178637,6.1190314488039945,2.590615017002115,0.5584324702589223,0.04011936339522546,2.5724072456359863,,,2.219268321990967
seg_refiner__detstats,busi_7432afad2c,busi,breast,,1,1,,,,,,,,0.0,0.0,
refiner,busi_7432afad2c,busi,breast,0.8341315984725952,1,1,0.9095657110417258,0.8341316118284048,14.142135623730951,3.9985767435663218,0.4218846525478766,0.05316091954022988,3.620950222015381,,,4.964037895202637
refiner__detstats,busi_7432afad2c,busi,breast,,1,1,,,,,,,,0.0,0.0,
rough_otsu,busi_7432afad2c,busi,breast,0.850250244140625,1,1,0.9190651374161437,0.8502502502502503,14.7648230602334,3.6355813018086414,0.5194098666363206,0.04288240495137047,4.963623523712158,,,4.963623523712158
rough_otsu__detstats,busi_7432afad2c,busi,breast,,1,1,,,,,,,,0.0,0.0,
refiner_box,busi_7432afad2c,busi,breast,0.8822672963142395,1,1,0.9374516521162559,0.8822672906916277,8.0,2.7670602680058964,0.5222101841820151,0.00022104332449160034,2.801037311553955,,,9.179509162902832
refiner_box__detstats,busi_7432afad2c,busi,breast,,1,1,,,,,,,,0.0,0.0,
refiner_gtbox,busi_7432afad2c,busi,breast,0.8735125064849854,1,1,0.932486448009637,0.8735125153877719,7.790802018902375,2.9430054964001027,0.4703843614758307,0.01845711759504863,3.328400135040283,,,5.71183967590332
refiner_gtbox__detstats,busi_7432afad2c,busi,breast,,1,1,,,,,,,,0.0,0.0,
rough_otsu_gtbox,busi_7432afad2c,busi,breast,0.8354527354240417,1,1,0.9103505756107725,0.8354527201453293,17.46424919657298,3.967961948753934,0.5052758474472328,0.12168435013262599,5.777342796325684,,,5.777342796325684
rough_otsu_gtbox__detstats,busi_7432afad2c,busi,breast,,1,1,,,,,,,,0.0,0.0,
yolo26n_seg,busi_98197bf517,busi,breast,0.0,1,2,0.0,0.0,,,0.0,,,,,
yolo26n_seg__detstats,busi_98197bf517,busi,breast,,1,2,,,,,,,,1.0,2.0,
seg_refiner,busi_98197bf517,busi,breast,0.0,1,2,0.0,0.0,,,0.0,,,,,
seg_refiner__detstats,busi_98197bf517,busi,breast,,1,2,,,,,,,,1.0,2.0,
refiner,busi_98197bf517,busi,breast,0.9175401926040649,1,4,0.956997084548105,0.9175401816911251,3.1622776601683795,1.111967816742037,0.8519818924588716,0.04139900071377588,1.1779377460479736,,,3.021883964538574
refiner__detstats,busi_98197bf517,busi,breast,,1,4,,,,,,,,0.0,3.0,
rough_otsu,busi_98197bf517,busi,breast,0.7869378924369812,1,4,0.8807669263031755,0.7869379014989293,8.636519931338269,3.074784761016795,0.5193621867881548,0.21306209850107066,3.0185372829437256,,,3.0185372829437256
rough_otsu__detstats,busi_98197bf517,busi,breast,,1,4,,,,,,,,0.0,3.0,
refiner_box,busi_98197bf517,busi,breast,0.9016736149787903,1,4,0.9482948294829483,0.9016736401673641,4.036931687685293,1.3378727460066635,0.7559894202880032,0.05353319057815846,1.3837549686431885,,,4.633356094360352
refiner_box__detstats,busi_98197bf517,busi,breast,,1,4,,,,,,,,0.0,3.0,
refiner_gtbox,busi_98197bf517,busi,breast,0.9040616154670715,1,1,0.9496138286134609,0.90406162464986,4.123105625617661,1.3114072355926631,0.746062015098874,0.05924339757316203,1.3745577335357666,,,3.015169143676758
refiner_gtbox__detstats,busi_98197bf517,busi,breast,,1,1,,,,,,,,0.0,0.0,
rough_otsu_gtbox,busi_98197bf517,busi,breast,0.8351714015007019,1,1,0.9101835309403931,0.8351713859910581,8.06225774829855,2.6795614226810374,0.5673450835816373,0.19735902926481086,3.0154218673706055,,,3.0154218673706055
rough_otsu_gtbox__detstats,busi_98197bf517,busi,breast,,1,1,,,,,,,,0.0,0.0,
yolo26n_seg,busi_4e9b7d897c,busi,breast,0.8681267499923706,1,1,0.9294088301322025,0.8681267474370923,3.0,1.4600193182701262,0.7981605766840665,0.053883495145631066,1.656372308731079,,,
yolo26n_seg__detstats,busi_4e9b7d897c,busi,breast,,1,1,,,,,,,,0.0,0.0,
seg_refiner,busi_4e9b7d897c,busi,breast,0.8637226819992065,1,1,0.9268789808917197,0.8637226970560304,3.0,1.5102357900215457,0.7196029776674938,0.09466019417475728,1.6098041534423828,,,1.6480563879013062
seg_refiner__detstats,busi_4e9b7d897c,busi,breast,,1,1,,,,,,,,0.0,0.0,
refiner,busi_4e9b7d897c,busi,breast,0.8950850367546082,1,1,0.944638403990025,0.8950850661625709,3.0,1.1348324312147764,0.8452313883299799,0.05339805825242718,1.2699143886566162,,,2.145186185836792
refiner__detstats,busi_4e9b7d897c,busi,breast,,1,1,,,,,,,,0.0,0.0,
rough_otsu,busi_4e9b7d897c,busi,breast,0.8251417875289917,1,1,0.9041947177628172,0.8251417769376181,5.830951894845301,1.9952404424713186,0.6392363873020465,0.12524271844660195,2.134094476699829,,,2.134094476699829
rough_otsu__detstats,busi_4e9b7d897c,busi,breast,,1,1,,,,,,,,0.0,0.0,
refiner_box,busi_4e9b7d897c,busi,breast,0.8509141802787781,1,1,0.9194528875379939,0.8509142053445851,3.605551275463989,1.691803230968537,0.7204753321316509,0.08349514563106795,1.790159821510315,,,4.659339904785156
refiner_box__detstats,busi_4e9b7d897c,busi,breast,,1,1,,,,,,,,0.0,0.0,
refiner_gtbox,busi_4e9b7d897c,busi,breast,0.8403908610343933,1,1,0.9132743362831859,0.8403908794788274,4.0,1.8414297827139636,0.7132018209408195,0.08009708737864078,1.905598521232605,,,4.383549213409424
refiner_gtbox__detstats,busi_4e9b7d897c,busi,breast,,1,1,,,,,,,,0.0,0.0,
rough_otsu_gtbox,busi_4e9b7d897c,busi,breast,0.743145763874054,1,1,0.8526490066225165,0.7431457431457431,12.002079728939613,3.855316662616219,0.47111749222301985,0.34563106796116505,4.384406566619873,,,4.384406566619873
rough_otsu_gtbox__detstats,busi_4e9b7d897c,busi,breast,,1,1,,,,,,,,0.0,0.0,
yolo26n_seg,busi_881775a5f8,busi,breast,0.0,1,1,0.0,0.0,,,0.0,,,,,
yolo26n_seg__detstats,busi_881775a5f8,busi,breast,,1,1,,,,,,,,1.0,1.0,
seg_refiner,busi_881775a5f8,busi,breast,0.0,1,1,0.0,0.0,,,0.0,,,,,
seg_refiner__detstats,busi_881775a5f8,busi,breast,,1,1,,,,,,,,1.0,1.0,
refiner,busi_881775a5f8,busi,breast,0.0,1,1,0.0,0.0,,,0.0,,,,,
refiner__detstats,busi_881775a5f8,busi,breast,,1,1,,,,,,,,1.0,1.0,
rough_otsu,busi_881775a5f8,busi,breast,0.0,1,1,0.0,0.0,,,0.0,,,,,
rough_otsu__detstats,busi_881775a5f8,busi,breast,,1,1,,,,,,,,1.0,1.0,
refiner_box,busi_881775a5f8,busi,breast,0.0,1,1,0.0,0.0,,,0.0,,,,,
refiner_box__detstats,busi_881775a5f8,busi,breast,,1,1,,,,,,,,1.0,1.0,
refiner_gtbox,busi_881775a5f8,busi,breast,0.7927272915840149,1,1,0.8843813387423936,0.7927272727272727,6.708203932499369,2.550975006221732,0.5337534432662918,0.026027397260273973,2.716186761856079,,,3.9597275257110596
refiner_gtbox__detstats,busi_881775a5f8,busi,breast,,1,1,,,,,,,,0.0,0.0,
rough_otsu_gtbox,busi_881775a5f8,busi,breast,0.728663444519043,1,1,0.8430367955286446,0.7286634460547504,9.939696961966996,3.4758096376346774,0.477326968973747,0.039269406392694065,3.9506173133850098,,,3.9506173133850098
rough_otsu_gtbox__detstats,busi_881775a5f8,busi,breast,,1,1,,,,,,,,0.0,0.0,
yolo26n_seg,busi_11c694f20f,busi,breast,0.6828617453575134,1,1,0.8115482233502538,0.6828617191671116,10.391853012565557,3.650471117392532,0.5182346109175376,0.25787965616045844,3.9731252193450928,,,
yolo26n_seg__detstats,busi_11c694f20f,busi,breast,,1,1,,,,,,,,0.0,0.0,
seg_refiner,busi_11c694f20f,busi,breast,0.8212255239486694,1,1,0.9018383628165105,0.8212255211623499,5.0,1.7196660898523328,0.7148282178438994,0.0651862464183381,1.9613466262817383,,,4.570633888244629
seg_refiner__detstats,busi_11c694f20f,busi,breast,,1,1,,,,,,,,0.0,0.0,
refiner,busi_11c694f20f,busi,breast,0.8343004584312439,1,1,0.9096660808435852,0.8343004513217279,4.218733674818961,1.5808047679061557,0.7564469914040115,0.03796561604584527,1.7009923458099365,,,4.355083465576172
refiner__detstats,busi_11c694f20f,busi,breast,,1,1,,,,,,,,0.0,0.0,
rough_otsu,busi_11c694f20f,busi,breast,0.6691957712173462,1,1,0.8018181818181818,0.669195751138088,8.561359904561204,4.027275720542639,0.31746688741721857,0.3638968481375358,4.355016708374023,,,4.355016708374023
rough_otsu__detstats,busi_11c694f20f,busi,breast,,1,1,,,,,,,,0.0,0.0,
refiner_box,busi_11c694f20f,busi,breast,0.8238672614097595,1,1,0.9034289713086074,0.8238672622846203,4.47213595499958,1.7130774122123593,0.7088459285295841,0.04727793696275072,1.7987478971481323,,,4.1209306716918945
refiner_box__detstats,busi_11c694f20f,busi,breast,,1,1,,,,,,,,0.0,0.0,
refiner_gtbox,busi_11c694f20f,busi,breast,0.8676861524581909,1,1,0.9291562833748666,0.867686170212766,3.7436083290515794,1.1936425522029392,0.80807082724003,0.012177650429799427,1.4410650730133057,,,1.8791230916976929
refiner_gtbox__detstats,busi_11c694f20f,busi,breast,,1,1,,,,,,,,0.0,0.0,
rough_otsu_gtbox,busi_11c694f20f,busi,breast,0.843589723110199,1,1,0.9151599443671766,0.8435897435897436,5.227784895686555,1.5628550791594038,0.7286383317133516,0.06017191977077364,1.8766200542449951,,,1.8766200542449951
rough_otsu_gtbox__detstats,busi_11c694f20f,busi,breast,,1,1,,,,,,,,0.0,0.0,
yolo26n_seg,busi_dcf573aebc,busi,breast,0.9432991743087769,1,1,0.9708223844282239,0.9432991640503839,5.0,2.1976034635590644,0.5347738014854827,0.00198737432779986,2.3080263137817383,,,
yolo26n_seg__detstats,busi_dcf573aebc,busi,breast,,1,1,,,,,,,,0.0,0.0,
seg_refiner,busi_dcf573aebc,busi,breast,0.9284597039222717,1,1,0.9629028747798903,0.928459689419665,7.615773105863909,2.9837394481473742,0.3956621330764657,0.03043410490219001,3.0999772548675537,,,2.5993072986602783
seg_refiner__detstats,busi_dcf573aebc,busi,breast,,1,1,,,,,,,,0.0,0.0,
refiner,busi_dcf573aebc,busi,breast,0.9196059703826904,1,1,0.9581195231704429,0.9196059859821936,7.810249675906654,3.267157808762616,0.38486376149623225,0.025563089392876628,3.610217332839966,,,9.56213665008545
refiner__detstats,busi_dcf573aebc,busi,breast,,1,1,,,,,,,,0.0,0.0,
rough_otsu,busi_dcf573aebc,busi,breast,0.852737545967102,1,1,0.9205162766000898,0.8527375231752998,24.0,6.8207113503380645,0.24361631879647438,0.09188683656768763,9.574738502502441,,,9.574738502502441
rough_otsu__detstats,busi_dcf573aebc,busi,breast,,1,1,,,,,,,,0.0,0.0,
refiner_box,busi_dcf573aebc,busi,breast,0.9082112908363342,1,1,0.9518980402905304,0.9082112970711297,10.0,3.894205725120074,0.34410234514603794,0.009547190398254229,4.175936698913574,,,13.799497604370117
refiner_box__detstats,busi_dcf573aebc,busi,breast,,1,1,,,,,,,,0.0,0.0,
refiner_gtbox,busi_dcf573aebc,busi,breast,0.9095612168312073,1,1,0.95263896468387,0.909561204361904,9.219544457292887,3.914537542388354,0.32834532148211726,0.0006234899851921129,4.4225239753723145,,,8.755125045776367
refiner_gtbox__detstats,busi_dcf573aebc,busi,breast,,1,1,,,,,,,,0.0,0.0,
rough_otsu_gtbox,busi_dcf573aebc,busi,breast,0.8462525010108948,1,1,0.9167245535896702,0.8462524989626947,22.636221573170175,6.6085550666073,0.2665296170578955,0.09266619904917778,8.784688949584961,,,8.784688949584961
rough_otsu_gtbox__detstats,busi_dcf573aebc,busi,breast,,1,1,,,,,,,,0.0,0.0,
yolo26n_seg,busi_25d8683937,busi,breast,0.8575757741928101,1,1,0.9233278955954323,0.8575757575757575,4.242640687119285,2.1455438115171037,0.517385257301808,0.16607773851590105,2.536109685897827,,,
yolo26n_seg__detstats,busi_25d8683937,busi,breast,,1,1,,,,,,,,0.0,0.0,
seg_refiner,busi_25d8683937,busi,breast,0.8913869261741638,1,1,0.942574920475473,0.8913869537682078,3.1622776601683795,1.503409756031815,0.7329826800765863,0.11060070671378092,1.6929703950881958,,,2.2770633697509766
seg_refiner__detstats,busi_25d8683937,busi,breast,,1,1,,,,,,,,0.0,0.0,
refiner,busi_25d8683937,busi,breast,0.8805876970291138,1,1,0.9365026595744681,0.8805876836511409,3.605551275463989,1.6835254933298884,0.649402390438247,0.12579505300353358,1.8625874519348145,,,2.4736719131469727
refiner__detstats,busi_25d8683937,busi,breast,,1,1,,,,,,,,0.0,0.0,
rough_otsu,busi_25d8683937,busi,breast,0.8416098952293396,1,1,0.913993655269651,0.8416098669263227,6.0,2.0588733183130223,0.6762988297154557,0.0049469964664310955,2.487927198410034,,,2.487927198410034
rough_otsu__detstats,busi_25d8683937,busi,breast,,1,1,,,,,,,,0.0,0.0,
refiner_box,busi_25d8683937,busi,breast,0.9008662104606628,1,1,0.9478481012658228,0.9008662175168431,3.1622776601683795,1.3717448569424742,0.7921462423832092,0.09363957597173145,1.6082316637039185,,,6.030826568603516
refiner_box__detstats,busi_25d8683937,busi,breast,,1,1,,,,,,,,0.0,0.0,
refiner_gtbox,busi_25d8683937,busi,breast,0.8940988779067993,1,1,0.9440889188278881,0.8940988835725678,3.1622776601683795,1.4400882269711652,0.7430630943592861,0.09823321554770319,1.6107299327850342,,,1.8939310312271118
refiner_gtbox__detstats,busi_25d8683937,busi,breast,,1,1,,,,,,,,0.0,0.0,
rough_otsu_gtbox,busi_25d8683937,busi,breast,0.8764845728874207,1,1,0.9341772151898734,0.8764845605700713,5.656854249492381,1.6128921923655084,0.7355503660124849,0.045936395759717315,1.9031338691711426,,,1.9031338691711426
rough_otsu_gtbox__detstats,busi_25d8683937,busi,breast,,1,1,,,,,,,,0.0,0.0,
yolo26n_seg,busi_a2e0eb1c41,busi,breast,0.6872727274894714,1,1,0.8146551724137931,0.6872727272727273,9.0,4.584911547638304,0.270661332879394,0.455026455026455,5.8878960609436035,,,
yolo26n_seg__detstats,busi_a2e0eb1c41,busi,breast,,1,1,,,,,,,,0.0,0.0,
seg_refiner,busi_a2e0eb1c41,busi,breast,0.7007786631584167,1,1,0.8240680183126227,0.7007786429365962,8.246211251235321,4.315489371493041,0.20942075111394018,0.42698412698412697,4.725332736968994,,,4.885839462280273
seg_refiner__detstats,busi_a2e0eb1c41,busi,breast,,1,1,,,,,,,,0.0,0.0,
refiner,busi_a2e0eb1c41,busi,breast,0.7514910697937012,1,1,0.8581157775255391,0.7514910536779325,7.221453651680858,3.30346666402782,0.38098111385989264,0.3306878306878307,3.576979637145996,,,2.512674331665039
refiner__detstats,busi_a2e0eb1c41,busi,breast,,1,1,,,,,,,,0.0,0.0,
rough_otsu,busi_a2e0eb1c41,busi,breast,0.8054298758506775,1,1,0.8922305764411027,0.8054298642533937,5.656854249492381,2.37825846716317,0.5020755393840004,0.1111111111111111,2.545912742614746,,,2.545912742614746
rough_otsu__detstats,busi_a2e0eb1c41,busi,breast,,1,1,,,,,,,,0.0,0.0,
refiner_box,busi_a2e0eb1c41,busi,breast,0.7512995004653931,1,1,0.8579908675799087,0.7512994802079168,6.4031242374328485,3.3944637917580938,0.32221480987324885,0.31746031746031744,3.7084503173828125,,,5.918811798095703
refiner_box__detstats,busi_a2e0eb1c41,busi,breast,,1,1,,,,,,,,0.0,0.0,
refiner_gtbox,busi_a2e0eb1c41,busi,breast,0.8058169484138489,1,1,0.8924680246328754,0.8058169375534645,5.761312836704127,2.443339360244032,0.4845138768537545,0.23386243386243386,2.652371883392334,,,2.0977349281311035
refiner_gtbox__detstats,busi_a2e0eb1c41,busi,breast,,1,1,,,,,,,,0.0,0.0,
rough_otsu_gtbox,busi_a2e0eb1c41,busi,breast,0.835418701171875,1,1,0.9103303618248558,0.8354186717998076,4.47213595499958,2.0045904676732174,0.5783645243967309,0.01798941798941799,2.0840535163879395,,,2.0840535163879395
rough_otsu_gtbox__detstats,busi_a2e0eb1c41,busi,breast,,1,1,,,,,,,,0.0,0.0,
yolo26n_seg,busi_0d51c07bd5,busi,breast,0.7460142374038696,1,2,0.8545339608063497,0.7460142261466765,60.09999999999991,8.605520487812289,0.4006522847589531,0.13468719292499182,3.4394140243530273,,,
yolo26n_seg__detstats,busi_0d51c07bd5,busi,breast,,1,2,,,,,,,,0.0,1.0,
seg_refiner,busi_0d51c07bd5,busi,breast,0.7146562337875366,1,2,0.8335854256999765,0.7146562157800703,47.961815832351775,9.058452645774368,0.3429342934293429,0.05103177202751392,5.341780662536621,,,3.574603796005249
seg_refiner__detstats,busi_0d51c07bd5,busi,breast,,1,2,,,,,,,,0.0,1.0,
refiner,busi_0d51c07bd5,busi,breast,0.7069824934005737,1,1,0.828341805193021,0.7069824705399542,60.88274595042156,10.10430515372764,0.2423729980793805,0.092630199803472,4.5419816970825195,,,3.8505215644836426
refiner__detstats,busi_0d51c07bd5,busi,breast,,1,1,,,,,,,,0.0,0.0,
rough_otsu,busi_0d51c07bd5,busi,breast,0.7111772894859314,1,1,0.8312140478353013,0.7111773086387774,63.00634760745554,9.265760038168958,0.3838910056575453,0.2689813298395021,3.859712600708008,,,3.859712600708008
rough_otsu__detstats,busi_0d51c07bd5,busi,breast,,1,1,,,,,,,,0.0,0.0,
refiner_box,busi_0d51c07bd5,busi,breast,0.6917049288749695,1,1,0.8177607199576495,0.6917049143624762,59.093091734040094,10.988957532735837,0.3006309417751797,0.020045856534556174,5.822444438934326,,,13.516145706176758
refiner_box__detstats,busi_0d51c07bd5,busi,breast,,1,1,,,,,,,,0.0,0.0,
refiner_gtbox,busi_0d51c07bd5,busi,breast,0.7176464796066284,1,1,0.8356160562358783,0.7176464951367927,18.973665961010276,7.985930151149902,0.14481094127111827,0.3484441532918441,8.910395622253418,,,5.057635307312012
refiner_gtbox__detstats,busi_0d51c07bd5,busi,breast,,1,1,,,,,,,,0.0,0.0,
rough_otsu_gtbox,busi_0d51c07bd5,busi,breast,0.8436062932014465,1,1,0.9151696943143136,0.8436063129116441,9.219544457292887,3.6740109141081696,0.45255901964317896,0.05627251883393383,4.952139854431152,,,4.952139854431152
rough_otsu_gtbox__detstats,busi_0d51c07bd5,busi,breast,,1,1,,,,,,,,0.0,0.0,
yolo26n_seg,busi_3aa2ecd082,busi,breast,0.9122441411018372,1,1,0.9541084384717109,0.9122441308136555,8.0,3.4811600532416813,0.337490551776266,0.04144321622706213,3.733258008956909,,,
yolo26n_seg__detstats,busi_3aa2ecd082,busi,breast,,1,1,,,,,,,,0.0,0.0,
seg_refiner,busi_3aa2ecd082,busi,breast,0.8727719783782959,1,1,0.9320643140822646,0.8727719528178244,9.899494936611665,5.141070026301741,0.19757119428453807,0.0851847798329138,5.722373962402344,,,3.703385353088379
seg_refiner__detstats,busi_3aa2ecd082,busi,breast,,1,1,,,,,,,,0.0,0.0,
refiner,busi_3aa2ecd082,busi,breast,0.8340991139411926,1,1,0.9095464047516342,0.8340991388491616,13.416407864998739,7.200784976089569,0.06172338854748313,0.19889825252635804,7.791505813598633,,,17.751848220825195
refiner__detstats,busi_3aa2ecd082,busi,breast,,1,1,,,,,,,,0.0,0.0,
rough_otsu,busi_3aa2ecd082,busi,breast,0.6944591999053955,1,1,0.8196824257647798,0.6944592232271795,36.6742416417845,15.915954560876557,0.010403120936280883,0.4399693553682828,17.72572898864746,,,17.72572898864746
rough_otsu__detstats,busi_3aa2ecd082,busi,breast,,1,1,,,,,,,,0.0,0.0,
refiner_box,busi_3aa2ecd082,busi,breast,0.8283270597457886,1,1,0.9061038295621705,0.8283270881179742,13.0,7.517728617816434,0.04289472510812859,0.20725256283973587,7.998816967010498,,,17.801734924316406
refiner_box__detstats,busi_3aa2ecd082,busi,breast,,1,1,,,,,,,,0.0,0.0,
refiner_gtbox,busi_3aa2ecd082,busi,breast,0.8668501377105713,1,1,0.9286767128513708,0.8668501133052768,14.7648230602334,5.447211187539372,0.26462085835001115,0.10379044908978148,6.954083442687988,,,9.418567657470703
refiner_gtbox__detstats,busi_3aa2ecd082,busi,breast,,1,1,,,,,,,,0.0,0.0,
rough_otsu_gtbox,busi_3aa2ecd082,busi,breast,0.8303191661834717,1,1,0.9072943911653589,0.8303191489361702,25.32186470755235,6.062442879238957,0.3924457818823285,0.134070263762723,9.261758804321289,,,9.261758804321289
rough_otsu_gtbox__detstats,busi_3aa2ecd082,busi,breast,,1,1,,,,,,,,0.0,0.0,
yolo26n_seg,busi_f89428ed30,busi,breast,0.9325850605964661,1,1,0.9651167175774031,0.9325850885503972,5.385164807134504,1.8443676576552983,0.662204243182678,0.012814748201438849,2.220416784286499,,,
yolo26n_seg__detstats,busi_f89428ed30,busi,breast,,1,1,,,,,,,,0.0,0.0,
seg_refiner,busi_f89428ed30,busi,breast,0.9100191593170166,1,1,0.9528900768459739,0.9100191448627951,5.385164807134504,2.493091327931124,0.4956522789304606,0.01866007194244604,2.834249258041382,,,2.075829267501831
seg_refiner__detstats,busi_f89428ed30,busi,breast,,1,1,,,,,,,,0.0,0.0,
refiner,busi_f89428ed30,busi,breast,0.8450825214385986,1,1,0.9160376346009372,0.8450825082508251,12.0,4.581986081677368,0.3319852383600425,0.09479916067146282,5.018474578857422,,,8.109928131103516
refiner__detstats,busi_f89428ed30,busi,breast,,1,1,,,,,,,,0.0,0.0,
rough_otsu,busi_f89428ed30,busi,breast,0.7488833665847778,1,1,0.8564131455399061,0.7488833420914346,17.0,7.174551553123574,0.15591502631066068,0.004721223021582734,8.116125106811523,,,8.116125106811523
rough_otsu__detstats,busi_f89428ed30,busi,breast,,1,1,,,,,,,,0.0,0.0,
refiner_box,busi_f89428ed30,busi,breast,0.8572213649749756,1,1,0.9231224565297818,0.8572213824378178,10.295630140987,4.118334100564924,0.29219443864930117,0.025629496402877698,4.371967315673828,,,9.678730010986328
refiner_box__detstats,busi_f89428ed30,busi,breast,,1,1,,,,,,,,0.0,0.0,
refiner_gtbox,busi_f89428ed30,busi,breast,0.8798208236694336,1,1,0.936068808876643,0.8798208161265486,9.486832980505138,3.348328913927416,0.33846113181613935,0.012664868105515587,3.842942714691162,,,7.67016077041626
refiner_gtbox__detstats,busi_f89428ed30,busi,breast,,1,1,,,,,,,,0.0,0.0,
rough_otsu_gtbox,busi_f89428ed30,busi,breast,0.7657116055488586,1,1,0.867312202133293,0.7657116142389635,16.55294535724685,6.675932271757574,0.23792894724589095,0.018735011990407675,7.647146224975586,,,7.647146224975586
rough_otsu_gtbox__detstats,busi_f89428ed30,busi,breast,,1,1,,,,,,,,0.0,0.0,
yolo26n_seg,busi_42f20b000b,busi,breast,0.9100979566574097,1,1,0.9529332932831165,0.9100979786388913,5.0,2.7599239605145938,0.4005603075730933,0.08292424679949947,2.763535499572754,,,
yolo26n_seg__detstats,busi_42f20b000b,busi,breast,,1,1,,,,,,,,0.0,0.0,
seg_refiner,busi_42f20b000b,busi,breast,0.8584930300712585,1,1,0.9238593021613222,0.8584930427933841,11.0,4.56427377897122,0.3489527350899108,0.04418134565405717,5.04981803894043,,,3.0696492195129395
seg_refiner__detstats,busi_42f20b000b,busi,breast,,1,1,,,,,,,,0.0,0.0,
refiner,busi_42f20b000b,busi,breast,0.8488346934318542,1,1,0.9182375228027504,0.8488346953776971,14.291533398345239,4.954815131704329,0.298489152892562,0.057849648666859176,5.831409931182861,,,7.260981559753418
refiner__detstats,busi_42f20b000b,busi,breast,,1,1,,,,,,,,0.0,0.0,
rough_otsu,busi_42f20b000b,busi,breast,0.8062175512313843,1,1,0.8927136851938346,0.8062175728687729,15.598046793815056,5.78353247495394,0.23191694099772092,0.060833573972470883,7.297910690307617,,,7.297910690307617
rough_otsu__detstats,busi_42f20b000b,busi,breast,,1,1,,,,,,,,0.0,0.0,
refiner_box,busi_42f20b000b,busi,breast,0.834325909614563,1,1,0.9096812278630461,0.834325933946941,20.09975124224178,5.429163221456127,0.36249677493972465,0.04331504475887958,5.1504058837890625,,,14.80854320526123
refiner_box__detstats,busi_42f20b000b,busi,breast,,1,1,,,,,,,,0.0,0.0,
refiner_gtbox,busi_42f20b000b,busi,breast,0.8663961887359619,1,1,0.9284161715693378,0.8663962136578769,11.180339887498949,3.936599130192529,0.3853827553359643,0.007219174126479931,4.76414680480957,,,6.797822952270508
refiner_gtbox__detstats,busi_42f20b000b,busi,breast,,1,1,,,,,,,,0.0,0.0,
rough_otsu_gtbox,busi_42f20b000b,busi,breast,0.8234186768531799,1,1,0.9031592087574419,0.8234186911796892,15.652475842498529,5.408103555082961,0.27812711618457964,0.004812782750986621,6.833072662353516,,,6.833072662353516
rough_otsu_gtbox__detstats,busi_42f20b000b,busi,breast,,1,1,,,,,,,,0.0,0.0,
yolo26n_seg,busi_e236c55059,busi,breast,0.8332374095916748,1,1,0.9090338376545922,0.833237426631373,7.810249675906654,3.692365186960873,0.2890769020229748,0.07787633707278893,4.506886959075928,,,
yolo26n_seg__detstats,busi_e236c55059,busi,breast,,1,1,,,,,,,,0.0,0.0,
seg_refiner,busi_e236c55059,busi,breast,0.7964489459991455,1,1,0.8866925520649488,0.7964489537095751,10.74229285396213,4.83732393038287,0.21122112211221122,0.21732324549960866,5.409547805786133,,,3.9380440711975098
seg_refiner__detstats,busi_e236c55059,busi,breast,,1,1,,,,,,,,0.0,0.0,
refiner,busi_e236c55059,busi,breast,0.7489181756973267,1,1,0.8564359351988218,0.7489181949309706,21.213203435596427,5.700732568007634,0.29740853842532794,0.21432298460735716,6.3080949783325195,,,6.317228317260742
refiner__detstats,busi_e236c55059,busi,breast,,1,1,,,,,,,,0.0,0.0,
rough_otsu,busi_e236c55059,busi,breast,0.7619863152503967,1,1,0.8649173955296404,0.761986301369863,15.756733089748954,4.677454484343544,0.4244405512308776,0.14766501434907384,6.312598705291748,,,6.312598705291748
rough_otsu__detstats,busi_e236c55059,busi,breast,,1,1,,,,,,,,0.0,0.0,
refiner_box,busi_e236c55059,busi,breast,0.7545768618583679,1,1,0.8601240162175053,0.7545768385814415,17.69180601295413,6.1835520612138435,0.29882604055496265,0.1878424210800939,6.538938522338867,,,15.300893783569336
refiner_box__detstats,busi_e236c55059,busi,breast,,1,1,,,,,,,,0.0,0.0,
refiner_gtbox,busi_e236c55059,busi,breast,0.7308826446533203,1,1,0.8445201590005679,0.7308826420287006,23.021728866442675,6.584060730060578,0.21110092293453764,0.29715627445864856,7.52126407623291,,,6.525290489196777
refiner_gtbox__detstats,busi_e236c55059,busi,breast,,1,1,,,,,,,,0.0,0.0,
rough_otsu_gtbox,busi_e236c55059,busi,breast,0.7625502943992615,1,1,0.8652806153106598,0.7625503071383182,17.634916808858843,4.8453649957712415,0.42266253517923646,0.17088442473258544,6.484711647033691,,,6.484711647033691
rough_otsu_gtbox__detstats,busi_e236c55059,busi,breast,,1,1,,,,,,,,0.0,0.0,
yolo26n_seg,busi_d07111ff97,busi,breast,0.0,1,1,0.0,0.0,,,0.0,,,,,
yolo26n_seg__detstats,busi_d07111ff97,busi,breast,,1,1,,,,,,,,1.0,1.0,
seg_refiner,busi_d07111ff97,busi,breast,0.0,1,1,0.0,0.0,,,0.0,,,,,
seg_refiner__detstats,busi_d07111ff97,busi,breast,,1,1,,,,,,,,1.0,1.0,
refiner,busi_d07111ff97,busi,breast,0.0,1,0,0.0,0.0,,,0.0,,,,,
refiner__detstats,busi_d07111ff97,busi,breast,,1,0,,,,,,,,1.0,0.0,
rough_otsu,busi_d07111ff97,busi,breast,0.0,1,0,0.0,0.0,,,0.0,,,,,
rough_otsu__detstats,busi_d07111ff97,busi,breast,,1,0,,,,,,,,1.0,0.0,
refiner_gtbox,busi_d07111ff97,busi,breast,0.6312196254730225,1,1,0.7739235412474849,0.6312196402783248,15.620499351813308,7.7482272901465095,0.14747761736430012,0.28407678497445105,7.744533538818359,,,9.95139217376709
refiner_gtbox__detstats,busi_d07111ff97,busi,breast,,1,1,,,,,,,,0.0,0.0,
rough_otsu_gtbox,busi_d07111ff97,busi,breast,0.6048786640167236,1,1,0.7537998862066163,0.6048786851030524,22.235018603939185,8.655614091249237,0.23773974962673713,0.30092528656262946,9.926370620727539,,,9.926370620727539
rough_otsu_gtbox__detstats,busi_d07111ff97,busi,breast,,1,1,,,,,,,,0.0,0.0,
yolo26n_seg,busi_5297c4215c,busi,breast,0.8573172688484192,1,1,0.9231780533765721,0.857317271691356,9.486832980505138,3.5681249609004517,0.4347121587330704,0.08146964856230032,4.4337005615234375,,,
yolo26n_seg__detstats,busi_5297c4215c,busi,breast,,1,1,,,,,,,,0.0,0.0,
seg_refiner,busi_5297c4215c,busi,breast,0.8123326897621155,1,1,0.8964498407275749,0.8123326639892905,9.848857801796104,4.6829563410440285,0.2784207905881774,0.17882966201446107,4.930032730102539,,,4.010641098022461
seg_refiner__detstats,busi_5297c4215c,busi,breast,,1,1,,,,,,,,0.0,0.0,
refiner,busi_5297c4215c,busi,breast,0.7315926551818848,1,1,0.8449939393939394,0.7315926454537822,13.0,6.848638314920732,0.09475150952159778,0.26593240289221454,7.212955951690674,,,6.583069801330566
refiner__detstats,busi_5297c4215c,busi,breast,,1,1,,,,,,,,0.0,0.0,
rough_otsu,busi_5297c4215c,busi,breast,0.8091477155685425,1,1,0.8945070796796113,0.8091477233706477,16.139946006547344,5.77635929910377,0.342144818325751,0.21481419202959476,6.586071968078613,,,6.586071968078613
rough_otsu__detstats,busi_5297c4215c,busi,breast,,1,1,,,,,,,,0.0,0.0,
refiner_box,busi_5297c4215c,busi,breast,0.725955069065094,1,1,0.8412212999368963,0.7259550938337802,12.041594578792296,6.952745198356416,0.06852677453288583,0.2679502270052127,7.332961082458496,,,6.897751808166504
refiner_box__detstats,busi_5297c4215c,busi,breast,,1,1,,,,,,,,0.0,0.0,
refiner_gtbox,busi_5297c4215c,busi,breast,0.7515110969543457,1,1,0.8581288343558282,0.7515110812625924,12.041594578792296,6.316715211474118,0.14358519831597608,0.2458382377669413,6.470670700073242,,,6.643379211425781
refiner_gtbox__detstats,busi_5297c4215c,busi,breast,,1,1,,,,,,,,0.0,0.0,
rough_otsu_gtbox,busi_5297c4215c,busi,breast,0.752159595489502,1,1,0.8585514521333811,0.7521595727972358,19.1049731745428,5.482987042780002,0.4087463130439022,0.12409618294938625,6.667491912841797,,,6.667491912841797
rough_otsu_gtbox__detstats,busi_5297c4215c,busi,breast,,1,1,,,,,,,,0.0,0.0,
yolo26n_seg,busi_b5c3b1d7df,busi,breast,0.9179745316505432,1,1,0.9572332762177851,0.9179745137491616,7.582206784205524,2.271597986896306,0.6076435322907854,0.009812791425986499,2.9206764698028564,,,
yolo26n_seg__detstats,busi_b5c3b1d7df,busi,breast,,1,1,,,,,,,,0.0,0.0,
seg_refiner,busi_b5c3b1d7df,busi,breast,0.9219045042991638,1,1,0.9593655742705121,0.9219045137758093,5.0,2.131805443591576,0.5808850603450236,0.05351799011761431,2.5196194648742676,,,2.567767858505249
seg_refiner__detstats,busi_b5c3b1d7df,busi,breast,,1,1,,,,,,,,0.0,0.0,
refiner,busi_b5c3b1d7df,busi,breast,0.8683577179908752,1,1,0.929541175304727,0.8683577115349009,9.096424967926286,3.854691740953734,0.4046670599468464,0.10682719743893103,4.460262298583984,,,6.918738842010498
refiner__detstats,busi_b5c3b1d7df,busi,breast,,1,1,,,,,,,,0.0,0.0,
rough_otsu,busi_b5c3b1d7df,busi,breast,0.7872449159622192,1,1,0.880959198282033,0.7872449305955351,17.5028032009568,5.742997900443199,0.27528054411256686,0.05553622381515763,6.987974643707275,,,6.987974643707275
rough_otsu__detstats,busi_b5c3b1d7df,busi,breast,,1,1,,,,,,,,0.0,0.0,
refiner_box,busi_b5c3b1d7df,busi,breast,0.8800049424171448,1,1,0.936173014253267,0.880004950801411,8.0,3.468562896201213,0.40282451068669733,0.11420418957477904,4.001107215881348,,,11.749086380004883
refiner_box__detstats,busi_b5c3b1d7df,busi,breast,,1,1,,,,,,,,0.0,0.0,
refiner_gtbox,busi_b5c3b1d7df,busi,breast,0.8897272348403931,1,1,0.9416461916461917,0.889727219965177,9.0,3.1186709974768405,0.5121493550033526,0.039390354234811055,3.317277431488037,,,5.945369243621826
refiner_gtbox__detstats,busi_b5c3b1d7df,busi,breast,,1,1,,,,,,,,0.0,0.0,
rough_otsu_gtbox,busi_b5c3b1d7df,busi,breast,0.8139366507530212,1,1,0.8974256562942522,0.8139366396627807,16.34613997501606,5.049631679210018,0.3637634168157424,0.08330433572273645,5.89143180847168,,,5.89143180847168
rough_otsu_gtbox__detstats,busi_b5c3b1d7df,busi,breast,,1,1,,,,,,,,0.0,0.0,
yolo26n_seg,busi_16e7d3f1d9,busi,breast,0.0,1,2,0.0,0.0,,,0.0,,,,,
yolo26n_seg__detstats,busi_16e7d3f1d9,busi,breast,,1,2,,,,,,,,1.0,2.0,
seg_refiner,busi_16e7d3f1d9,busi,breast,0.0,1,2,0.0,0.0,,,0.0,,,,,
seg_refiner__detstats,busi_16e7d3f1d9,busi,breast,,1,2,,,,,,,,1.0,2.0,
refiner,busi_16e7d3f1d9,busi,breast,0.8478034138679504,1,1,0.917633765683482,0.8478033927794694,14.343917072921254,5.395925541720107,0.2758060655793757,0.0479275801856447,7.532690048217773,,,7.738509178161621
refiner__detstats,busi_16e7d3f1d9,busi,breast,,1,1,,,,,,,,0.0,0.0,
rough_otsu,busi_16e7d3f1d9,busi,breast,0.7884786128997803,1,1,0.8817311103228095,0.7884786194645349,19.6468827043885,6.564113417340115,0.28774268720616725,0.0569341053212021,7.74066686630249,,,7.74066686630249
rough_otsu__detstats,busi_16e7d3f1d9,busi,breast,,1,1,,,,,,,,0.0,0.0,
refiner_box,busi_16e7d3f1d9,busi,breast,0.7743151187896729,1,1,0.8728045266191288,0.7743151451817571,26.0,9.48044597527577,0.15522771007055805,0.18458781362007168,10.841914176940918,,,13.196733474731445
refiner_box__detstats,busi_16e7d3f1d9,busi,breast,,1,1,,,,,,,,0.0,0.0,
refiner_gtbox,busi_16e7d3f1d9,busi,breast,0.81324702501297,1,1,0.897006316945894,0.8132470119521913,20.0,7.448446443741604,0.17418217027456945,0.007719878687620623,9.712396621704102,,,10.161674499511719
refiner_gtbox__detstats,busi_16e7d3f1d9,busi,breast,,1,1,,,,,,,,0.0,0.0,
rough_otsu_gtbox,busi_16e7d3f1d9,busi,breast,0.7919747233390808,1,1,0.8839128153765441,0.7919747019358148,24.041594578792296,7.447805061533947,0.31611222911035064,0.07306313757926661,10.056703567504883,,,10.056703567504883
rough_otsu_gtbox__detstats,busi_16e7d3f1d9,busi,breast,,1,1,,,,,,,,0.0,0.0,
yolo26n_seg,busi_f0ca639c01,busi,breast,0.0,1,2,0.0,0.0,,,0.0,,,,,
yolo26n_seg__detstats,busi_f0ca639c01,busi,breast,,1,2,,,,,,,,1.0,2.0,
seg_refiner,busi_f0ca639c01,busi,breast,0.0,1,2,0.0,0.0,,,0.0,,,,,
seg_refiner__detstats,busi_f0ca639c01,busi,breast,,1,2,,,,,,,,1.0,2.0,
refiner,busi_f0ca639c01,busi,breast,0.0,1,1,0.0,0.0,,,0.0,,,,,
refiner__detstats,busi_f0ca639c01,busi,breast,,1,1,,,,,,,,1.0,1.0,
rough_otsu,busi_f0ca639c01,busi,breast,0.0,1,1,0.0,0.0,,,0.0,,,,,
rough_otsu__detstats,busi_f0ca639c01,busi,breast,,1,1,,,,,,,,1.0,1.0,
refiner_box,busi_f0ca639c01,busi,breast,0.0,1,1,0.0,0.0,,,0.0,,,,,
refiner_box__detstats,busi_f0ca639c01,busi,breast,,1,1,,,,,,,,1.0,1.0,
refiner_gtbox,busi_f0ca639c01,busi,breast,0.7242292761802673,1,1,0.8400614610979187,0.7242292870905588,30.82205722134061,10.764428671564524,0.13392364728230896,0.15299277605779155,9.99139404296875,,,14.380178451538086
refiner_gtbox__detstats,busi_f0ca639c01,busi,breast,,1,1,,,,,,,,0.0,0.0,
rough_otsu_gtbox,busi_f0ca639c01,busi,breast,0.6399127244949341,1,1,0.7804229059925836,0.6399127286231547,42.0,12.906357755437373,0.1694312796208531,0.17714138286893705,14.308225631713867,,,14.308225631713867
rough_otsu_gtbox__detstats,busi_f0ca639c01,busi,breast,,1,1,,,,,,,,0.0,0.0,
yolo26n_seg,busi_22c13c0f43,busi,breast,0.0,1,1,0.0,0.0,,,0.0,,,,,
yolo26n_seg__detstats,busi_22c13c0f43,busi,breast,,1,1,,,,,,,,1.0,1.0,
seg_refiner,busi_22c13c0f43,busi,breast,0.0,1,1,0.0,0.0,,,0.0,,,,,
seg_refiner__detstats,busi_22c13c0f43,busi,breast,,1,1,,,,,,,,1.0,1.0,
refiner,busi_22c13c0f43,busi,breast,0.0,1,0,0.0,0.0,,,0.0,,,,,
refiner__detstats,busi_22c13c0f43,busi,breast,,1,0,,,,,,,,1.0,0.0,
rough_otsu,busi_22c13c0f43,busi,breast,0.0,1,0,0.0,0.0,,,0.0,,,,,
rough_otsu__detstats,busi_22c13c0f43,busi,breast,,1,0,,,,,,,,1.0,0.0,
refiner_gtbox,busi_22c13c0f43,busi,breast,0.7497044801712036,1,1,0.8569498395541294,0.7497044917257684,7.615773105863909,3.437332405159453,0.3063063063063063,0.15309090909090908,3.811460018157959,,,3.5743014812469482
refiner_gtbox__detstats,busi_22c13c0f43,busi,breast,,1,1,,,,,,,,0.0,0.0,
rough_otsu_gtbox,busi_22c13c0f43,busi,breast,0.7625458836555481,1,1,0.8652777777777778,0.762545899632803,8.037354648979127,3.2297254798585193,0.47569059116403223,0.09454545454545454,3.5753157138824463,,,3.5753157138824463
rough_otsu_gtbox__detstats,busi_22c13c0f43,busi,breast,,1,1,,,,,,,,0.0,0.0,
yolo26n_seg,busi_6b1c7c6449,busi,breast,0.8468809127807617,1,1,0.917093142272262,0.8468809073724007,4.123105625617661,2.30950671194658,0.4972982100641675,0.1453667105841019,2.2564988136291504,,,
yolo26n_seg__detstats,busi_6b1c7c6449,busi,breast,,1,1,,,,,,,,0.0,0.0,
seg_refiner,busi_6b1c7c6449,busi,breast,0.7925341129302979,1,1,0.8842611133360032,0.7925340990667624,7.211102550927978,3.3152060107929477,0.305298927471594,0.1932367149758454,3.572496175765991,,,2.596322536468506
seg_refiner__detstats,busi_6b1c7c6449,busi,breast,,1,1,,,,,,,,0.0,0.0,
refiner,busi_6b1c7c6449,busi,breast,0.7859543561935425,1,1,0.8801505546751188,0.7859543605165399,6.324555320336759,3.3539400218352378,0.26658340271995556,0.21695212999560826,3.707169532775879,,,3.3002560138702393
refiner__detstats,busi_6b1c7c6449,busi,breast,,1,1,,,,,,,,0.0,0.0,
rough_otsu,busi_6b1c7c6449,busi,breast,0.7987408638000488,1,1,0.8881110985661059,0.7987408610885459,7.498290980059714,2.7316856564752268,0.5414400414400414,0.05511638120333773,3.228703498840332,,,3.228703498840332
rough_otsu__detstats,busi_6b1c7c6449,busi,breast,,1,1,,,,,,,,0.0,0.0,
refiner_box,busi_6b1c7c6449,busi,breast,0.7790075540542603,1,1,0.8757776856076317,0.779007563180225,8.94427190999916,3.4419315434730535,0.3607922290904504,0.11769872639437857,3.787334680557251,,,9.761852264404297
refiner_box__detstats,busi_6b1c7c6449,busi,breast,,1,1,,,,,,,,0.0,0.0,
refiner_gtbox,busi_6b1c7c6449,busi,breast,0.8343384861946106,1,1,0.909688687968766,0.8343384847342631,5.656854249492381,2.504186848941504,0.5423894453945761,0.13724198506807203,2.7153797149658203,,,2.9666476249694824
refiner_gtbox__detstats,busi_6b1c7c6449,busi,breast,,1,1,,,,,,,,0.0,0.0,
rough_otsu_gtbox,busi_6b1c7c6449,busi,breast,0.8130234479904175,1,1,0.896870308349694,0.8130234505862647,7.0710678118654755,2.5697461692894996,0.5628294469757884,0.09859464207290294,2.943605899810791,,,2.943605899810791
rough_otsu_gtbox__detstats,busi_6b1c7c6449,busi,breast,,1,1,,,,,,,,0.0,0.0,
yolo26n_seg,busi_b83f3d49c5,busi,breast,0.888672411441803,1,1,0.9410551134689066,0.8886724185917061,5.830951894845301,2.4287798802384315,0.5407003415056832,0.04767652383826192,2.683054208755493,,,
yolo26n_seg__detstats,busi_b83f3d49c5,busi,breast,,1,1,,,,,,,,0.0,0.0,
seg_refiner,busi_b83f3d49c5,busi,breast,0.8790490627288818,1,1,0.9356318437407517,0.8790490754900597,6.4031242374328485,2.5950888630730624,0.46585182504106687,0.03922751961375981,2.828054904937744,,,2.7055487632751465
seg_refiner__detstats,busi_b83f3d49c5,busi,breast,,1,1,,,,,,,,0.0,0.0,
refiner,busi_b83f3d49c5,busi,breast,0.8398138284683228,1,1,0.9129334722428933,0.8398138006571741,7.810249675906654,3.5151324470954872,0.32199054336873106,0.027459263729631866,3.883382558822632,,,5.677379131317139
refiner__detstats,busi_b83f3d49c5,busi,breast,,1,1,,,,,,,,0.0,0.0,
rough_otsu,busi_b83f3d49c5,busi,breast,0.7754195928573608,1,1,0.8735057426361434,0.7754196143709252,9.848857801796104,4.654984201800187,0.29039463886820555,0.06894990947495473,5.647118091583252,,,5.647118091583252
rough_otsu__detstats,busi_b83f3d49c5,busi,breast,,1,1,,,,,,,,0.0,0.0,
refiner_box,busi_b83f3d49c5,busi,breast,0.8541578054428101,1,1,0.921343146274149,0.8541577825159915,6.751973342624457,3.1440259681576057,0.39837852949398933,0.03198551599275799,3.366492748260498,,,8.791362762451172
refiner_box__detstats,busi_b83f3d49c5,busi,breast,,1,1,,,,,,,,0.0,0.0,
refiner_gtbox,busi_b83f3d49c5,busi,breast,0.810737133026123,1,1,0.8954774625630221,0.8107371576509061,9.337484628412922,3.621713341276377,0.4757613984501712,0.004978877489438744,3.9897806644439697,,,5.488435745239258
refiner_gtbox__detstats,busi_b83f3d49c5,busi,breast,,1,1,,,,,,,,0.0,0.0,
rough_otsu_gtbox,busi_b83f3d49c5,busi,breast,0.7499657273292542,1,1,0.857120488530494,0.7499657487327032,10.63014581273465,4.374771031143199,0.3469937182171702,0.07287266143633071,5.481582164764404,,,5.481582164764404
rough_otsu_gtbox__detstats,busi_b83f3d49c5,busi,breast,,1,1,,,,,,,,0.0,0.0,
yolo26n_seg,busi_929cf0f851,busi,breast,0.8312757015228271,1,2,0.9078651685393259,0.831275720164609,3.0,1.392304846295889,0.7969547258443347,0.1964461994076999,1.4200019836425781,,,
yolo26n_seg__detstats,busi_929cf0f851,busi,breast,,1,2,,,,,,,,0.0,1.0,
seg_refiner,busi_929cf0f851,busi,breast,0.8681120276451111,1,2,0.9294003868471954,0.8681120144534779,2.982842712474615,0.9776015708031531,0.8910910470038415,0.04146100691016782,1.1092437505722046,,,1.4776476621627808
seg_refiner__detstats,busi_929cf0f851,busi,breast,,1,2,,,,,,,,0.0,1.0,
refiner,busi_929cf0f851,busi,breast,0.8512544631958008,1,3,0.9196515004840271,0.8512544802867383,3.0,1.143318062445672,0.8757426888551659,0.039486673247778874,1.306530475616455,,,4.432172775268555
refiner__detstats,busi_929cf0f851,busi,breast,,1,3,,,,,,,,0.0,2.0,
rough_otsu,busi_929cf0f851,busi,breast,0.8383937478065491,1,3,0.9120937666489078,0.8383937316356513,3.1622776601683795,1.2566682612229454,0.8107007143942848,0.14708785784797632,1.3245024681091309,,,1.3245024681091309
rough_otsu__detstats,busi_929cf0f851,busi,breast,,1,3,,,,,,,,0.0,2.0,
refiner_box,busi_929cf0f851,busi,breast,0.8563685417175293,1,3,0.9226277372262773,0.8563685636856369,3.0,1.084919835832207,0.8734157886700259,0.028627838104639685,1.1269376277923584,,,4.502006530761719
refiner_box__detstats,busi_929cf0f851,busi,breast,,1,3,,,,,,,,0.0,2.0,
refiner_gtbox,busi_929cf0f851,busi,breast,0.8605504631996155,1,1,0.9250493096646942,0.8605504587155963,2.8284271247461903,1.053733505649398,0.8734260429835651,0.0019743336623889436,1.1040542125701904,,,1.6083015203475952
refiner_gtbox__detstats,busi_929cf0f851,busi,breast,,1,1,,,,,,,,0.0,0.0,
rough_otsu_gtbox,busi_929cf0f851,busi,breast,0.805283784866333,1,1,0.8921409214092141,0.8052837573385518,4.242640687119285,1.5582155200097336,0.7035938470028281,0.17867719644619942,1.6022109985351562,,,1.6022109985351562
rough_otsu_gtbox__detstats,busi_929cf0f851,busi,breast,,1,1,,,,,,,,0.0,0.0,
yolo26n_seg,busi_b0824ba0e4,busi,breast,0.0,1,1,0.0,0.0,,,0.0,,,,,
yolo26n_seg__detstats,busi_b0824ba0e4,busi,breast,,1,1,,,,,,,,1.0,1.0,
seg_refiner,busi_b0824ba0e4,busi,breast,0.0,1,1,0.0,0.0,,,0.0,,,,,
seg_refiner__detstats,busi_b0824ba0e4,busi,breast,,1,1,,,,,,,,1.0,1.0,
refiner,busi_b0824ba0e4,busi,breast,0.0,1,0,0.0,0.0,,,0.0,,,,,
refiner__detstats,busi_b0824ba0e4,busi,breast,,1,0,,,,,,,,1.0,0.0,
rough_otsu,busi_b0824ba0e4,busi,breast,0.0,1,0,0.0,0.0,,,0.0,,,,,
rough_otsu__detstats,busi_b0824ba0e4,busi,breast,,1,0,,,,,,,,1.0,0.0,
refiner_gtbox,busi_b0824ba0e4,busi,breast,0.7227208614349365,1,1,0.839045809030736,0.7227208580299181,19.115413128318366,8.76004497068232,0.12470534560109497,0.2736734924765245,9.071056365966797,,,9.47138500213623
refiner_gtbox__detstats,busi_b0824ba0e4,busi,breast,,1,1,,,,,,,,0.0,0.0,
rough_otsu_gtbox,busi_b0824ba0e4,busi,breast,0.7856539487838745,1,1,0.8799621692924164,0.7856539709346251,26.0,8.28646892894349,0.33192834562697576,0.27282498020138024,9.4711275100708,,,9.4711275100708
rough_otsu_gtbox__detstats,busi_b0824ba0e4,busi,breast,,1,1,,,,,,,,0.0,0.0,
yolo26n_seg,busi_cb24e22b98,busi,breast,0.9332131743431091,1,1,0.9654529502083791,0.93321318774515,4.123105625617661,1.478255059447763,0.7723046099574097,0.006776696906765767,1.4910331964492798,,,
yolo26n_seg__detstats,busi_cb24e22b98,busi,breast,,1,1,,,,,,,,0.0,0.0,
seg_refiner,busi_cb24e22b98,busi,breast,0.9081441164016724,1,1,0.9518611505294182,0.9081441366382004,6.0,2.0054317611977877,0.6566541905528971,0.002623237512296426,2.4584732055664062,,,1.7230597734451294
seg_refiner__detstats,busi_cb24e22b98,busi,breast,,1,1,,,,,,,,0.0,0.0,
refiner,busi_cb24e22b98,busi,breast,0.8554612398147583,1,1,0.9221008840353614,0.8554612118873022,10.592177951969822,3.5066885224334507,0.40341866336202703,0.1018690567275112,4.231219291687012,,,7.440154075622559
refiner__detstats,busi_cb24e22b98,busi,breast,,1,1,,,,,,,,0.0,0.0,
rough_otsu,busi_cb24e22b98,busi,breast,0.7305188775062561,1,1,0.8442772702847932,0.730518876697043,15.66836708833285,6.413345580582762,0.13966465601998246,0.034102087659853536,7.468172550201416,,,7.468172550201416
rough_otsu__detstats,busi_cb24e22b98,busi,breast,,1,1,,,,,,,,0.0,0.0,
refiner_box,busi_cb24e22b98,busi,breast,0.8568885326385498,1,1,0.9229294274300932,0.8568885372366729,7.211102550927978,3.4071968194948425,0.28239827926151634,0.052136845556891465,3.7938761711120605,,,9.229087829589844
refiner_box__detstats,busi_cb24e22b98,busi,breast,,1,1,,,,,,,,0.0,0.0,
refiner_gtbox,busi_cb24e22b98,busi,breast,0.8842527866363525,1,1,0.938571276482487,0.8842527582748245,11.698280492565269,2.8058853894636258,0.5943091948726859,0.05333916275002733,3.4052271842956543,,,5.921955108642578
refiner_gtbox__detstats,busi_cb24e22b98,busi,breast,,1,1,,,,,,,,0.0,0.0,
rough_otsu_gtbox,busi_cb24e22b98,busi,breast,0.7887478470802307,1,1,0.8818994413407821,0.7887478764864595,13.433155146932473,5.162163764065246,0.26545412303556315,0.04350202207891573,5.888288497924805,,,5.888288497924805
rough_otsu_gtbox__detstats,busi_cb24e22b98,busi,breast,,1,1,,,,,,,,0.0,0.0,
yolo26n_seg,busi_034a4514ed,busi,breast,0.9171661138534546,1,1,0.956793569275427,0.917166095890411,8.06225774829855,3.179324945697009,0.405237147808228,0.02326632030720578,3.7803537845611572,,,
yolo26n_seg__detstats,busi_034a4514ed,busi,breast,,1,1,,,,,,,,0.0,0.0,
seg_refiner,busi_034a4514ed,busi,breast,0.9280736446380615,1,1,0.9626952253458277,0.9280736470790674,8.48528137423857,2.7643533697257405,0.5513214416773999,0.024847526541676077,3.113647937774658,,,3.5432729721069336
seg_refiner__detstats,busi_034a4514ed,busi,breast,,1,1,,,,,,,,0.0,0.0,
refiner,busi_034a4514ed,busi,breast,0.9066800475120544,1,1,0.9510563218917556,0.9066800646598803,9.219544457292887,3.431324749616865,0.4228596046461533,0.028371357578495595,4.214033126831055,,,13.522603988647461
refiner__detstats,busi_034a4514ed,busi,breast,,1,1,,,,,,,,0.0,0.0,
rough_otsu,busi_034a4514ed,busi,breast,0.7436660528182983,1,1,0.8529913741408737,0.7436660500281509,31.29775881467383,9.546372303682867,0.1898979791076833,0.041201716738197426,13.470885276794434,,,13.470885276794434
rough_otsu__detstats,busi_034a4514ed,busi,breast,,1,1,,,,,,,,0.0,0.0,
refiner_box,busi_034a4514ed,busi,breast,0.8937451839447021,1,1,0.9438917089678511,0.8937451935401179,11.313708498984761,4.178970773651889,0.33971394773631575,0.002484752654167608,4.287846565246582,,,14.684198379516602
refiner_box__detstats,busi_034a4514ed,busi,breast,,1,1,,,,,,,,0.0,0.0,
refiner_gtbox,busi_034a4514ed,busi,breast,0.6417073607444763,1,1,0.7817560925130647,0.6417073688681249,44.14748010928823,12.082984487731952,0.17197535354993848,0.2537158346510052,13.299051284790039,,,23.927474975585938
refiner_gtbox__detstats,busi_034a4514ed,busi,breast,,1,1,,,,,,,,0.0,0.0,
rough_otsu_gtbox,busi_034a4514ed,busi,breast,0.6622337102890015,1,1,0.7967997629454033,0.6622337150597217,54.78138369920935,14.520669636603229,0.16838754087076233,0.1704540320758979,23.56405258178711,,,23.56405258178711
rough_otsu_gtbox__detstats,busi_034a4514ed,busi,breast,,1,1,,,,,,,,0.0,0.0,
yolo26n_seg,busi_1541b9855b,busi,breast,0.7428956031799316,1,1,0.8524843310019076,0.742895590912689,22.070320087725733,7.139606570999176,0.27650358003418707,0.17822273705113353,7.133004188537598,,,
yolo26n_seg__detstats,busi_1541b9855b,busi,breast,,1,1,,,,,,,,0.0,0.0,
seg_refiner,busi_1541b9855b,busi,breast,0.7504182457923889,1,1,0.8574159195376143,0.7504182267187126,20.0,6.773853790267355,0.28037828816657395,0.18194605328479233,7.31846809387207,,,7.612170219421387
seg_refiner__detstats,busi_1541b9855b,busi,breast,,1,1,,,,,,,,0.0,0.0,
refiner,busi_1541b9855b,busi,breast,0.788545548915863,1,1,0.8817729534147445,0.7885455427924284,18.027756377319946,5.698577253636209,0.30140089418777943,0.17061062386232004,5.9595441818237305,,,8.339850425720215
refiner__detstats,busi_1541b9855b,busi,breast,,1,1,,,,,,,,0.0,0.0,
rough_otsu,busi_1541b9855b,busi,breast,0.7386638522148132,1,1,0.8496913848561245,0.7386638452237001,19.041989269817105,6.934105018421159,0.27021877367369895,0.09647526063213635,8.338225364685059,,,8.338225364685059
rough_otsu__detstats,busi_1541b9855b,busi,breast,,1,1,,,,,,,,0.0,0.0,
refiner_box,busi_1541b9855b,busi,breast,0.8069947957992554,1,1,0.8931899641577061,0.8069948186528497,16.0312195418814,5.1414068795948396,0.32037914691943126,0.15323514810524574,5.482926845550537,,,10.422704696655273
refiner_box__detstats,busi_1541b9855b,busi,breast,,1,1,,,,,,,,0.0,0.0,
refiner_gtbox,busi_1541b9855b,busi,breast,0.8003835678100586,1,1,0.8891256102973812,0.8003835704011507,17.0,5.447896390847692,0.29776233561408294,0.13585967234817145,5.66441011428833,,,9.777753829956055
refiner_gtbox__detstats,busi_1541b9855b,busi,breast,,1,1,,,,,,,,0.0,0.0,
rough_otsu_gtbox,busi_1541b9855b,busi,breast,0.7547146081924438,1,1,0.8602135231316727,0.7547146247033846,22.826519165854908,8.501986607960374,0.2897819161970105,0.3250041370180374,9.764724731445312,,,9.764724731445312
rough_otsu_gtbox__detstats,busi_1541b9855b,busi,breast,,1,1,,,,,,,,0.0,0.0,
yolo26n_seg,busi_7142c7617d,busi,breast,0.9203863143920898,1,1,0.9585428676560775,0.9203862913673301,4.0,1.5623457131847773,0.7362827181262126,0.06509625126646404,1.7170095443725586,,,
yolo26n_seg__detstats,busi_7142c7617d,busi,breast,,1,1,,,,,,,,0.0,0.0,
seg_refiner,busi_7142c7617d,busi,breast,0.880497932434082,1,1,0.9364518976169461,0.8804979253112033,6.0,2.3922918354851865,0.5054179145112987,0.008865248226950355,2.7300736904144287,,,1.79829740524292
seg_refiner__detstats,busi_7142c7617d,busi,breast,,1,1,,,,,,,,0.0,0.0,
refiner,busi_7142c7617d,busi,breast,0.7789732813835144,1,1,0.875756004838431,0.7789732554565016,14.142135623730951,4.94015538430856,0.3739636348711213,0.1987082066869301,5.31453800201416,,,8.470885276794434
refiner__detstats,busi_7142c7617d,busi,breast,,1,1,,,,,,,,0.0,0.0,
rough_otsu,busi_7142c7617d,busi,breast,0.6753482818603516,1,1,0.8062183658712943,0.6753482737734706,20.299877263915153,6.531939478617868,0.19365526513757061,0.10182370820668693,8.536519050598145,,,8.536519050598145
rough_otsu__detstats,busi_7142c7617d,busi,breast,,1,1,,,,,,,,0.0,0.0,
refiner_box,busi_7142c7617d,busi,breast,0.7794680595397949,1,1,0.8760686180150598,0.7794680636711666,13.892443989449804,5.245524731435313,0.28689370485036125,0.23695542046605877,5.523955821990967,,,11.884613037109375
refiner_box__detstats,busi_7142c7617d,busi,breast,,1,1,,,,,,,,0.0,0.0,
refiner_gtbox,busi_7142c7617d,busi,breast,0.8446547985076904,1,1,0.9157862964080894,0.8446547884187082,9.914570696119913,3.244743953933823,0.5268256004246097,0.09789766970618034,3.7965073585510254,,,6.252293109893799
refiner_gtbox__detstats,busi_7142c7617d,busi,breast,,1,1,,,,,,,,0.0,0.0,
rough_otsu_gtbox,busi_7142c7617d,busi,breast,0.7630282640457153,1,1,0.8655882544013512,0.7630282900011454,17.0,4.803470469250125,0.31682385497260973,0.05053191489361702,6.1901068687438965,,,6.1901068687438965
rough_otsu_gtbox__detstats,busi_7142c7617d,busi,breast,,1,1,,,,,,,,0.0,0.0,
yolo26n_seg,busi_5ea67a72a7,busi,breast,0.0,1,1,0.0,0.0,,,0.0,,,,,
yolo26n_seg__detstats,busi_5ea67a72a7,busi,breast,,1,1,,,,,,,,1.0,1.0,
seg_refiner,busi_5ea67a72a7,busi,breast,0.0,1,1,0.0,0.0,,,0.0,,,,,
seg_refiner__detstats,busi_5ea67a72a7,busi,breast,,1,1,,,,,,,,1.0,1.0,
refiner,busi_5ea67a72a7,busi,breast,0.0,1,2,0.0,0.0,,,0.0,,,,,
refiner__detstats,busi_5ea67a72a7,busi,breast,,1,2,,,,,,,,1.0,2.0,
rough_otsu,busi_5ea67a72a7,busi,breast,0.0,1,2,0.0,0.0,,,0.0,,,,,
rough_otsu__detstats,busi_5ea67a72a7,busi,breast,,1,2,,,,,,,,1.0,2.0,
refiner_box,busi_5ea67a72a7,busi,breast,0.0,1,2,0.0,0.0,,,0.0,,,,,
refiner_box__detstats,busi_5ea67a72a7,busi,breast,,1,2,,,,,,,,1.0,2.0,
refiner_gtbox,busi_5ea67a72a7,busi,breast,0.5584602952003479,1,1,0.716682103529896,0.5584603047313552,22.80350850198276,8.70768727018033,0.19395534046726887,0.15634190304525186,8.662773132324219,,,12.86905574798584
refiner_gtbox__detstats,busi_5ea67a72a7,busi,breast,,1,1,,,,,,,,0.0,0.0,
rough_otsu_gtbox,busi_5ea67a72a7,busi,breast,0.6051785349845886,1,1,0.7540326907257054,0.6051785509243311,35.42663631817867,11.347927159467208,0.24678101656006146,0.6524048951712361,12.873779296875,,,12.873779296875
rough_otsu_gtbox__detstats,busi_5ea67a72a7,busi,breast,,1,1,,,,,,,,0.0,0.0,
yolo26n_seg,busi_328c7cf02a,busi,breast,0.9159894585609436,1,1,0.956152908117279,0.9159894351889476,8.0,3.1703221997682656,0.43409175098945235,0.05300968760204637,2.9010586738586426,,,
yolo26n_seg__detstats,busi_328c7cf02a,busi,breast,,1,1,,,,,,,,0.0,0.0,
seg_refiner,busi_328c7cf02a,busi,breast,0.8549516201019287,1,1,0.9218047498986195,0.8549515960230246,11.366535950188723,5.942140574913983,0.12355212355212356,0.057871630202097166,6.469465732574463,,,3.5840506553649902
seg_refiner__detstats,busi_328c7cf02a,busi,breast,,1,1,,,,,,,,0.0,0.0,
refiner,busi_328c7cf02a,busi,breast,0.8565253019332886,1,1,0.92271868869291,0.8565252910341071,20.95220452972487,5.681003491845538,0.38618449716798037,0.02108051231813069,6.194671154022217,,,9.783628463745117
refiner__detstats,busi_328c7cf02a,busi,breast,,1,1,,,,,,,,0.0,0.0,
rough_otsu,busi_328c7cf02a,busi,breast,0.7995932698249817,1,1,0.8886377611220979,0.7995932649460179,28.28271953290274,7.191932751674374,0.36569440100093836,0.18326620949892966,9.914440155029297,,,9.914440155029297
rough_otsu__detstats,busi_328c7cf02a,busi,breast,,1,1,,,,,,,,0.0,0.0,
refiner_box,busi_328c7cf02a,busi,breast,0.8377555012702942,1,1,0.9117159527914069,0.8377555061382399,13.45362404707371,7.044493233798085,0.09100867710225144,0.1888900983273466,7.5400004386901855,,,16.615093231201172
refiner_box__detstats,busi_328c7cf02a,busi,breast,,1,1,,,,,,,,0.0,0.0,
refiner_gtbox,busi_328c7cf02a,busi,breast,0.862325131893158,1,1,0.9260736673056001,0.8623251326579836,14.27576079938656,5.662425783830658,0.23122331462126147,0.10112114945031023,6.636500358581543,,,8.357691764831543
refiner_gtbox__detstats,busi_328c7cf02a,busi,breast,,1,1,,,,,,,,0.0,0.0,
rough_otsu_gtbox,busi_328c7cf02a,busi,breast,0.8377084732055664,1,1,0.9116880876390926,0.8377084522224336,23.820123989455638,5.8374520479239145,0.39677861822072724,0.10315300605928668,8.416156768798828,,,8.416156768798828
rough_otsu_gtbox__detstats,busi_328c7cf02a,busi,breast,,1,1,,,,,,,,0.0,0.0,
yolo26n_seg,busi_884f21854c,busi,breast,0.9274891018867493,1,1,0.962380638788278,0.9274890916303055,12.083045973594572,3.394240033276281,0.5010570824524312,0.03985478015328762,4.552590370178223,,,
yolo26n_seg__detstats,busi_884f21854c,busi,breast,,1,1,,,,,,,,0.0,0.0,
seg_refiner,busi_884f21854c,busi,breast,0.8706040382385254,1,1,0.9308266320914771,0.8706040199189824,20.76132481744133,6.285640195068497,0.27255531692707824,0.05031598762942047,6.469478607177734,,,3.852184772491455
seg_refiner__detstats,busi_884f21854c,busi,breast,,1,1,,,,,,,,0.0,0.0,
refiner,busi_884f21854c,busi,breast,0.8723431825637817,1,1,0.9318197416644933,0.8723431596802796,15.0,6.2397593997145275,0.20427915313095105,0.04084980502890951,6.554122447967529,,,14.970623016357422
refiner__detstats,busi_884f21854c,busi,breast,,1,1,,,,,,,,0.0,0.0,
rough_otsu,busi_884f21854c,busi,breast,0.7735214233398438,1,1,0.8723000495570087,0.7735214045317156,39.38142036838594,12.976347085724043,0.11591984276698501,0.22490251445475326,14.956619262695312,,,14.956619262695312
rough_otsu__detstats,busi_884f21854c,busi,breast,,1,1,,,,,,,,0.0,0.0,
refiner_box,busi_884f21854c,busi,breast,0.8788087964057922,1,1,0.935495721030218,0.8788087934560327,14.317821063276353,5.935800919189363,0.1785757760194766,0.023423423423423424,6.23617696762085,,,15.117273330688477
refiner_box__detstats,busi_884f21854c,busi,breast,,1,1,,,,,,,,0.0,0.0,
refiner_gtbox,busi_884f21854c,busi,breast,0.7377567291259766,1,1,0.8490909090909091,0.7377567140600316,30.4138126514911,12.604090332266832,0.07875106998736396,0.16592712115100175,12.041410446166992,,,11.299030303955078
refiner_gtbox__detstats,busi_884f21854c,busi,breast,,1,1,,,,,,,,0.0,0.0,
rough_otsu_gtbox,busi_884f21854c,busi,breast,0.784596860408783,1,1,0.8792987188132164,0.7845968712394705,31.0,9.290642616254956,0.2305469090598676,0.1255613822778002,11.23896312713623,,,11.23896312713623
rough_otsu_gtbox__detstats,busi_884f21854c,busi,breast,,1,1,,,,,,,,0.0,0.0,
yolo26n_seg,busi_702d535cb8,busi,breast,0.9324148297309875,1,1,0.9650255475898126,0.9324148488327593,5.0,1.796432043680511,0.6547067081794304,0.02619029004768978,1.8982279300689697,,,
yolo26n_seg__detstats,busi_702d535cb8,busi,breast,,1,1,,,,,,,,0.0,0.0,
seg_refiner,busi_702d535cb8,busi,breast,0.919769287109375,1,1,0.9582081398524993,0.9197692711064499,5.656854249492381,2.1764011136992485,0.5933788937298318,0.003518098663122508,2.3987178802490234,,,2.0092625617980957
seg_refiner__detstats,busi_702d535cb8,busi,breast,,1,1,,,,,,,,0.0,0.0,
refiner,busi_702d535cb8,busi,breast,0.8683471083641052,1,1,0.9295351167990131,0.8683471371984156,8.602325267042627,3.719504877851708,0.39196645332156255,0.028144789304980065,4.051743030548096,,,9.842146873474121
refiner__detstats,busi_702d535cb8,busi,breast,,1,1,,,,,,,,0.0,0.0,
rough_otsu,busi_702d535cb8,busi,breast,0.7493631839752197,1,1,0.8567268294334767,0.7493631893845152,21.470910553583888,8.70658622814621,0.24655504519188026,0.308732702681573,9.869620323181152,,,9.869620323181152
rough_otsu__detstats,busi_702d535cb8,busi,breast,,1,1,,,,,,,,0.0,0.0,
refiner_box,busi_702d535cb8,busi,breast,0.862535834312439,1,1,0.9261951463405254,0.8625358166189112,9.219544457292887,3.8461560361359366,0.3487895878524946,0.03275740755218513,4.24703311920166,,,10.040985107421875
refiner_box__detstats,busi_702d535cb8,busi,breast,,1,1,,,,,,,,0.0,0.0,
refiner_gtbox,busi_702d535cb8,busi,breast,0.8599764108657837,1,1,0.9247175509899698,0.8599764200013871,14.317821063276353,4.099079802847622,0.39933091510515534,0.09670862325072316,4.703937530517578,,,7.272012233734131
refiner_gtbox__detstats,busi_702d535cb8,busi,breast,,1,1,,,,,,,,0.0,0.0,
rough_otsu_gtbox,busi_702d535cb8,busi,breast,0.7868349552154541,1,1,0.8807024390243903,0.7868349487483439,17.0,6.172633623608722,0.24589713247510786,0.0033617387225392853,7.2140960693359375,,,7.2140960693359375
rough_otsu_gtbox__detstats,busi_702d535cb8,busi,breast,,1,1,,,,,,,,0.0,0.0,
yolo26n_seg,busi_7ad36ab93e,busi,breast,0.6854267716407776,1,1,0.8133569217160549,0.685426761088334,19.057767824081385,5.885106780417589,0.3358971125961417,0.4536082474226804,7.35895299911499,,,
yolo26n_seg__detstats,busi_7ad36ab93e,busi,breast,,1,1,,,,,,,,0.0,0.0,
seg_refiner,busi_7ad36ab93e,busi,breast,0.7522382140159607,1,1,0.8586026615969582,0.7522381844680408,14.477410972537985,4.552671479350511,0.4268315533071014,0.2832338578404775,5.256544589996338,,,7.553427219390869
seg_refiner__detstats,busi_7ad36ab93e,busi,breast,,1,1,,,,,,,,0.0,0.0,
refiner,busi_7ad36ab93e,busi,breast,0.8349056839942932,1,1,0.910025706940874,0.8349056603773585,4.47213595499958,2.597658875123762,0.3174938523880442,0.11068909386869234,2.9438328742980957,,,5.506802558898926
refiner__detstats,busi_7ad36ab93e,busi,breast,,1,1,,,,,,,,0.0,0.0,
rough_otsu,busi_7ad36ab93e,busi,breast,0.6914393305778503,1,1,0.8175750834260289,0.691439322671684,9.016615541441222,4.903542282654969,0.08299711815561958,0.048833423765599564,5.533244609832764,,,5.533244609832764
rough_otsu__detstats,busi_7ad36ab93e,busi,breast,,1,1,,,,,,,,0.0,0.0,
refiner_box,busi_7ad36ab93e,busi,breast,0.8462786674499512,1,1,0.9167399221398971,0.8462786923255274,7.810249675906654,2.62311586448141,0.5452221973738858,0.16033640803038524,2.815375328063965,,,9.17424488067627
refiner_box__detstats,busi_7ad36ab93e,busi,breast,,1,1,,,,,,,,0.0,0.0,
refiner_gtbox,busi_7ad36ab93e,busi,breast,0.847046971321106,1,1,0.9171904892047007,0.8470469459868754,4.47213595499958,2.373415050838387,0.41191489361702127,0.01465002712967987,2.581660270690918,,,3.9679741859436035
refiner_gtbox__detstats,busi_7ad36ab93e,busi,breast,,1,1,,,,,,,,0.0,0.0,
rough_otsu_gtbox,busi_7ad36ab93e,busi,breast,0.7676767706871033,1,1,0.8685714285714285,0.7676767676767676,7.800525847404503,3.54256904279415,0.24930183075490933,0.14839934888768314,3.962622880935669,,,3.962622880935669
rough_otsu_gtbox__detstats,busi_7ad36ab93e,busi,breast,,1,1,,,,,,,,0.0,0.0,
yolo26n_seg,busi_fb599a827f,busi,breast,0.9215509295463562,1,1,0.9591740745966794,0.9215509060508834,8.0,2.994867478568696,0.4593648233408537,0.004525526799604016,3.327148675918579,,,
yolo26n_seg__detstats,busi_fb599a827f,busi,breast,,1,1,,,,,,,,0.0,0.0,
seg_refiner,busi_fb599a827f,busi,breast,0.8458089232444763,1,1,0.916464212296767,0.8458088996205588,11.661903789690601,6.363978990972997,0.12354681288037232,0.018007825390090982,6.662096977233887,,,3.404627799987793
seg_refiner__detstats,busi_fb599a827f,busi,breast,,1,1,,,,,,,,0.0,0.0,
refiner,busi_fb599a827f,busi,breast,0.7225404381752014,1,1,0.8389241948891213,0.722540415704388,51.811818998280614,10.936162715573232,0.21827056144997845,0.24197426106632725,11.451114654541016,,,25.44841766357422
refiner__detstats,busi_fb599a827f,busi,breast,,1,1,,,,,,,,0.0,0.0,
rough_otsu,busi_fb599a827f,busi,breast,0.5992058515548706,1,1,0.7493792551061274,0.599205840912002,58.0,17.14556530453623,0.17610330889098003,0.23433743459199546,25.31779670715332,,,25.31779670715332
rough_otsu__detstats,busi_fb599a827f,busi,breast,,1,1,,,,,,,,0.0,0.0,
refiner_box,busi_fb599a827f,busi,breast,0.8743321299552917,1,1,0.9329532661029535,0.8743321510348853,11.0,4.9966971624220236,0.27916164863061765,0.03200867392636591,5.139283180236816,,,12.011992454528809
refiner_box__detstats,busi_fb599a827f,busi,breast,,1,1,,,,,,,,0.0,0.0,
refiner_gtbox,busi_fb599a827f,busi,breast,0.860314667224884,1,1,0.9249130720796918,0.8603146853146854,14.13502884254441,5.668309497515848,0.2556988282370595,0.006505444774430774,6.587039947509766,,,18.305126190185547
refiner_gtbox__detstats,busi_fb599a827f,busi,breast,,1,1,,,,,,,,0.0,0.0,
rough_otsu_gtbox,busi_fb599a827f,busi,breast,0.6654302477836609,1,1,0.799109131403118,0.6654302670623146,42.23265651772005,13.489158611315613,0.22655781750542525,0.20086739263659076,18.35652732849121,,,18.35652732849121
rough_otsu_gtbox__detstats,busi_fb599a827f,busi,breast,,1,1,,,,,,,,0.0,0.0,
yolo26n_seg,busi_26b35ce6c2,busi,breast,0.8558014631271362,1,1,0.9222985182508131,0.8558014755197854,3.0,1.4031493620608733,0.8118313404657016,0.04452296819787986,1.2049797773361206,,,
yolo26n_seg__detstats,busi_26b35ce6c2,busi,breast,,1,1,,,,,,,,0.0,0.0,
seg_refiner,busi_26b35ce6c2,busi,breast,0.8429144620895386,1,1,0.9147624229234675,0.8429144385026738,3.9211102550928025,1.5533337412001984,0.7437260037122734,0.051590106007067135,1.4838907718658447,,,1.6803359985351562
seg_refiner__detstats,busi_26b35ce6c2,busi,breast,,1,1,,,,,,,,0.0,0.0,
refiner,busi_26b35ce6c2,busi,breast,0.8257066011428833,1,1,0.9045337265020272,0.8257065948855989,4.080018656651476,1.6890238998075349,0.6667223661124573,0.08268551236749117,1.851283073425293,,,2.554076671600342
refiner__detstats,busi_26b35ce6c2,busi,breast,,1,1,,,,,,,,0.0,0.0,
rough_otsu,busi_26b35ce6c2,busi,breast,0.7602605819702148,1,1,0.8638045891931903,0.7602605863192182,5.385164807134504,2.258357974402699,0.5851746662879864,0.09045936395759717,2.5455052852630615,,,2.5455052852630615
rough_otsu__detstats,busi_26b35ce6c2,busi,breast,,1,1,,,,,,,,0.0,0.0,
refiner_box,busi_26b35ce6c2,busi,breast,0.8539325594902039,1,1,0.9212121212121213,0.8539325842696629,3.1622776601683795,1.4327736691406563,0.7338491007238988,0.0176678445229682,1.5148369073867798,,,3.554579973220825
refiner_box__detstats,busi_26b35ce6c2,busi,breast,,1,1,,,,,,,,0.0,0.0,
refiner_gtbox,busi_26b35ce6c2,busi,breast,0.8338983058929443,1,1,0.9094269870609981,0.8338983050847457,4.0,1.610121493393893,0.655873901044186,0.08833922261484099,1.6315789222717285,,,2.091210126876831
refiner_gtbox__detstats,busi_26b35ce6c2,busi,breast,,1,1,,,,,,,,0.0,0.0,
rough_otsu_gtbox,busi_26b35ce6c2,busi,breast,0.7935967445373535,1,1,0.8849221420432967,0.7935967302452316,5.385164807134504,1.960012785199465,0.666591852766244,0.1392226148409894,2.0821945667266846,,,2.0821945667266846
rough_otsu_gtbox__detstats,busi_26b35ce6c2,busi,breast,,1,1,,,,,,,,0.0,0.0,
yolo26n_seg,busi_4058304b16,busi,breast,0.8983516693115234,1,1,0.9464544138929089,0.8983516483516484,3.1541637771599587,1.183706097193996,0.8205128205128206,0.002898550724637681,1.2209025621414185,,,
yolo26n_seg__detstats,busi_4058304b16,busi,breast,,1,1,,,,,,,,0.0,0.0,
seg_refiner,busi_4058304b16,busi,breast,0.8406997919082642,1,1,0.9134567283641821,0.8406998158379374,5.0,1.8717871021564498,0.6218905472636815,0.06859903381642513,1.998429536819458,,,1.36173677444458
seg_refiner__detstats,busi_4058304b16,busi,breast,,1,1,,,,,,,,0.0,0.0,
refiner,busi_4058304b16,busi,breast,0.8704472184181213,1,1,0.930736997781612,0.8704472106961734,3.1622776601683795,1.4907465887984803,0.7341501361338002,0.04009661835748792,1.5875129699707031,,,4.259922027587891
refiner__detstats,busi_4058304b16,busi,breast,,1,1,,,,,,,,0.0,0.0,
rough_otsu,busi_4058304b16,busi,breast,0.740221381187439,1,1,0.8507209499575912,0.7402214022140221,10.0,3.809740728513546,0.3723404255319149,0.2782608695652174,4.266639709472656,,,4.266639709472656
rough_otsu__detstats,busi_4058304b16,busi,breast,,1,1,,,,,,,,0.0,0.0,
refiner_box,busi_4058304b16,busi,breast,0.8702325820922852,1,1,0.9306142750559562,0.8702325581395349,3.605551275463989,1.481053773641443,0.752442996742671,0.05748792270531401,1.6297214031219482,,,4.599172592163086
refiner_box__detstats,busi_4058304b16,busi,breast,,1,1,,,,,,,,0.0,0.0,
refiner_gtbox,busi_4058304b16,busi,breast,0.8707838654518127,1,1,0.930929405789741,0.8707838479809976,5.0,1.4382883494706546,0.7890389909725334,0.09758454106280193,1.6087727546691895,,,2.4507083892822266
refiner_gtbox__detstats,busi_4058304b16,busi,breast,,1,1,,,,,,,,0.0,0.0,
rough_otsu_gtbox,busi_4058304b16,busi,breast,0.8048204183578491,1,1,0.8918565069389892,0.804820415879017,7.017766952966369,2.342248822941317,0.5630434782608695,0.15507246376811595,2.444209575653076,,,2.444209575653076
rough_otsu_gtbox__detstats,busi_4058304b16,busi,breast,,1,1,,,,,,,,0.0,0.0,
yolo26n_seg,busi_dc9eed528c,busi,breast,0.8973478078842163,1,1,0.9458970148625321,0.8973478191404378,5.735198189901203,2.3910004135253473,0.5486840289205747,0.02732558139534884,2.519007444381714,,,
yolo26n_seg__detstats,busi_dc9eed528c,busi,breast,,1,1,,,,,,,,0.0,0.0,
seg_refiner,busi_dc9eed528c,busi,breast,0.8772932291030884,1,1,0.9346363207749346,0.8772932088831671,7.644944591370294,2.856965102578357,0.42362694582655513,0.062209302325581396,3.281076192855835,,,2.7041804790496826
seg_refiner__detstats,busi_dc9eed528c,busi,breast,,1,1,,,,,,,,0.0,0.0,
refiner,busi_dc9eed528c,busi,breast,0.8551179766654968,1,1,0.9219014543086608,0.8551179834098414,7.615773105863909,3.4434661130474478,0.3311042142799975,0.08679401993355482,3.777132749557495,,,3.948927879333496
refiner__detstats,busi_dc9eed528c,busi,breast,,1,1,,,,,,,,0.0,0.0,
rough_otsu,busi_dc9eed528c,busi,breast,0.843371570110321,1,1,0.915031534688157,0.8433715485225254,8.0,3.635795329458595,0.29966329966329974,0.10365448504983389,3.9009528160095215,,,3.9009528160095215
rough_otsu__detstats,busi_dc9eed528c,busi,breast,,1,1,,,,,,,,0.0,0.0,
refiner_box,busi_dc9eed528c,busi,breast,0.8490724563598633,1,1,0.9183766153338012,0.8490724482784946,8.600029008178717,3.7956730575505113,0.35618503281725966,0.011710963455149501,4.029503345489502,,,12.582010269165039
refiner_box__detstats,busi_dc9eed528c,busi,breast,,1,1,,,,,,,,0.0,0.0,
refiner_gtbox,busi_dc9eed528c,busi,breast,0.845988392829895,1,1,0.9165695541456256,0.8459883674607601,7.0,3.6960775338595155,0.2719970870459219,0.07566445182724252,4.096424102783203,,,3.963331460952759
refiner_gtbox__detstats,busi_dc9eed528c,busi,breast,,1,1,,,,,,,,0.0,0.0,
rough_otsu_gtbox,busi_dc9eed528c,busi,breast,0.8427774906158447,1,1,0.9146817563714524,0.8427774634225204,8.0,3.6347552384023896,0.2845059477553948,0.10656146179401993,3.9721920490264893,,,3.9721920490264893
rough_otsu_gtbox__detstats,busi_dc9eed528c,busi,breast,,1,1,,,,,,,,0.0,0.0,
yolo26n_seg,busi_15283493c7,busi,breast,0.7188847661018372,1,1,0.8364548661135675,0.71888476153879,46.84175435784699,13.404932303142107,0.12107447679176897,0.06483048674154998,13.945035934448242,,,
yolo26n_seg__detstats,busi_15283493c7,busi,breast,,1,1,,,,,,,,0.0,0.0,
seg_refiner,busi_15283493c7,busi,breast,0.7641807794570923,1,1,0.8663293377873845,0.7641807860640465,26.70757771899463,10.871203606479156,0.15477945345277241,0.08811612042878392,13.153705596923828,,,14.999364852905273
seg_refiner__detstats,busi_15283493c7,busi,breast,,1,1,,,,,,,,0.0,0.0,
refiner,busi_15283493c7,busi,breast,0.0,1,1,0.0,0.0,,,0.0,,,,,
refiner__detstats,busi_15283493c7,busi,breast,,1,1,,,,,,,,1.0,1.0,
rough_otsu,busi_15283493c7,busi,breast,0.0,1,1,0.0,0.0,,,0.0,,,,,
rough_otsu__detstats,busi_15283493c7,busi,breast,,1,1,,,,,,,,1.0,1.0,
refiner_box,busi_15283493c7,busi,breast,0.0,1,1,0.0,0.0,,,0.0,,,,,
refiner_box__detstats,busi_15283493c7,busi,breast,,1,1,,,,,,,,1.0,1.0,
refiner_gtbox,busi_15283493c7,busi,breast,0.6855860948562622,1,1,0.8134690945963075,0.6855860988463182,31.622776601683793,12.401212407673004,0.11474751350411568,0.17902754269887675,12.313796997070312,,,18.868270874023438
refiner_gtbox__detstats,busi_15283493c7,busi,breast,,1,1,,,,,,,,0.0,0.0,
rough_otsu_gtbox,busi_15283493c7,busi,breast,0.5846731066703796,1,1,0.7379100637389626,0.5846731223648242,38.0,15.893045020874474,0.09024771203401809,0.24578140226701545,18.726600646972656,,,18.726600646972656
rough_otsu_gtbox__detstats,busi_15283493c7,busi,breast,,1,1,,,,,,,,0.0,0.0,
yolo26n_seg,busi_de9fa69171,busi,breast,0.818745493888855,1,2,0.9003409221497248,0.8187455005689603,30.4138126514911,9.154234177705597,0.31092664321959523,0.02847145302587856,11.558867454528809,,,
yolo26n_seg__detstats,busi_de9fa69171,busi,breast,,1,2,,,,,,,,0.0,1.0,
seg_refiner,busi_de9fa69171,busi,breast,0.7965756058692932,1,2,0.8867710276583665,0.796575591985428,20.0,10.25237778780934,0.09269084213021206,0.13780082569731145,10.58346939086914,,,10.480318069458008
seg_refiner__detstats,busi_de9fa69171,busi,breast,,1,2,,,,,,,,0.0,1.0,
refiner,busi_de9fa69171,busi,breast,0.8008165955543518,1,1,0.8893927390936159,0.8008166076347895,25.495097567963924,10.368512083021574,0.16306135196114674,0.15693283657234922,10.587146759033203,,,20.90190887451172
refiner__detstats,busi_de9fa69171,busi,breast,,1,1,,,,,,,,0.0,0.0,
rough_otsu,busi_de9fa69171,busi,breast,0.7009475827217102,1,1,0.8241848271341963,0.7009476031215162,54.0,16.707258532736482,0.14875812128661622,0.1563790152049139,20.880502700805664,,,20.880502700805664
rough_otsu__detstats,busi_de9fa69171,busi,breast,,1,1,,,,,,,,0.0,0.0,
refiner_box,busi_de9fa69171,busi,breast,0.7988228797912598,1,1,0.8881618002346932,0.7988228866593822,19.803793292058096,10.198585711835843,0.12950227901103592,0.1765431477192629,10.361960411071777,,,13.797321319580078
refiner_box__detstats,busi_de9fa69171,busi,breast,,1,1,,,,,,,,0.0,0.0,
refiner_gtbox,busi_de9fa69171,busi,breast,0.7609360814094543,1,1,0.8642404387151912,0.7609360890940102,36.17247395186585,12.703429365547088,0.1488997959521315,0.23268049541838687,13.594594955444336,,,19.935291290283203
refiner_gtbox__detstats,busi_de9fa69171,busi,breast,,1,1,,,,,,,,0.0,0.0,
rough_otsu_gtbox,busi_de9fa69171,busi,breast,0.7242398858070374,1,1,0.8400685838549145,0.7242398750150222,55.0,16.05979446073373,0.30772480935181085,0.1941143892860739,20.01882553100586,,,20.01882553100586
rough_otsu_gtbox__detstats,busi_de9fa69171,busi,breast,,1,1,,,,,,,,0.0,0.0,
yolo26n_seg,busi_1af81235cf,busi,breast,0.9041018486022949,1,1,0.9496360124795721,0.9041018387553041,5.0,2.301047276979914,0.5542718585080588,0.041965820608757205,2.446215867996216,,,
yolo26n_seg__detstats,busi_1af81235cf,busi,breast,,1,1,,,,,,,,0.0,0.0,
seg_refiner,busi_1af81235cf,busi,breast,0.8899685740470886,1,1,0.9417813397852715,0.8899685624464133,6.4031242374328485,2.715717262413856,0.4372859974770229,0.006168470017190818,3.036705493927002,,,2.646622657775879
seg_refiner__detstats,busi_1af81235cf,busi,breast,,1,1,,,,,,,,0.0,0.0,
refiner,busi_1af81235cf,busi,breast,0.885195791721344,1,1,0.9391022393352924,0.8851957975167144,7.120079970537339,2.833662670937083,0.5052601352233274,0.0040448983719284055,3.113168954849243,,,3.3909265995025635
refiner__detstats,busi_1af81235cf,busi,breast,,1,1,,,,,,,,0.0,0.0,
rough_otsu,busi_1af81235cf,busi,breast,0.8720031976699829,1,1,0.931625763583753,0.8720032099508477,6.647187993486051,2.969513122184704,0.4253277902142628,0.11285266457680251,3.3487558364868164,,,3.3487558364868164
rough_otsu__detstats,busi_1af81235cf,busi,breast,,1,1,,,,,,,,0.0,0.0,
refiner_box,busi_1af81235cf,busi,breast,0.8971185088157654,1,1,0.9457696121927032,0.8971185265867908,5.0,2.4562541557894755,0.42903650044197233,0.06259480230559207,2.7443878650665283,,,7.754052639007568
refiner_box__detstats,busi_1af81235cf,busi,breast,,1,1,,,,,,,,0.0,0.0,
refiner_gtbox,busi_1af81235cf,busi,breast,0.8871213793754578,1,1,0.9401847458482662,0.8871213564488474,7.280109889280518,2.815503437172752,0.453799906607518,0.0033370411568409346,3.0197713375091553,,,3.8860745429992676
refiner_gtbox__detstats,busi_1af81235cf,busi,breast,,1,1,,,,,,,,0.0,0.0,
rough_otsu_gtbox,busi_1af81235cf,busi,breast,0.8547378778457642,1,1,0.9216805261155497,0.8547379032258065,7.0710678118654755,3.4265388060786197,0.38417799752781207,0.13944787137223177,3.831462860107422,,,3.831462860107422
rough_otsu_gtbox__detstats,busi_1af81235cf,busi,breast,,1,1,,,,,,,,0.0,0.0,
yolo26n_seg,busi_0e203e8363,busi,breast,0.8357639908790588,1,1,0.9105353190749099,0.8357639628131431,34.68637806438337,10.369984337423874,0.17748304188925915,0.11225656309966113,13.0966157913208,,,
yolo26n_seg__detstats,busi_0e203e8363,busi,breast,,1,1,,,,,,,,0.0,0.0,
seg_refiner,busi_0e203e8363,busi,breast,0.8630217909812927,1,1,0.9264752664227771,0.8630218172389524,27.202941017470888,8.524575978287205,0.2808960357565335,0.0534846690891275,9.632956504821777,,,12.64474868774414
seg_refiner__detstats,busi_0e203e8363,busi,breast,,1,1,,,,,,,,0.0,0.0,
refiner,busi_0e203e8363,busi,breast,0.8752021789550781,1,1,0.933448343139973,0.87520218747593,26.451728448773526,7.506861445056721,0.25610365581336,0.012023843547135916,9.371805191040039,,,25.13264274597168
refiner__detstats,busi_0e203e8363,busi,breast,,1,1,,,,,,,,0.0,0.0,
rough_otsu,busi_0e203e8363,busi,breast,0.700218915939331,1,1,0.8236809072414838,0.7002189391569923,59.0,18.241968713127477,0.12982441076718326,0.11350181684562936,25.32990264892578,,,25.32990264892578
rough_otsu__detstats,busi_0e203e8363,busi,breast,,1,1,,,,,,,,0.0,0.0,
refiner_box,busi_0e203e8363,busi,breast,0.9153149724006653,1,1,0.9557853171922898,0.9153149567121106,10.324565414571685,4.825159917405482,0.16372097395882299,0.0354591107663414,5.622716426849365,,,30.504840850830078
refiner_box__detstats,busi_0e203e8363,busi,breast,,1,1,,,,,,,,0.0,0.0,
refiner_gtbox,busi_0e203e8363,busi,breast,0.8244270086288452,1,1,0.9037654107872727,0.8244270156046815,35.38078472925018,10.743233046718686,0.22448077772867875,0.16700689993059242,12.663650512695312,,,25.859333038330078
refiner_gtbox__detstats,busi_0e203e8363,busi,breast,,1,1,,,,,,,,0.0,0.0,
rough_otsu_gtbox,busi_0e203e8363,busi,breast,0.716963529586792,1,1,0.8351528878822198,0.716963521816909,67.0,18.100498368168463,0.2170515340903534,0.19744416772138978,25.857341766357422,,,25.857341766357422
rough_otsu_gtbox__detstats,busi_0e203e8363,busi,breast,,1,1,,,,,,,,0.0,0.0,
yolo26n_seg,busi_8c1f838d6c,busi,breast,0.9112067818641663,1,1,0.9535407456835433,0.9112067591264148,8.200222875501128,1.8651477015998772,0.7535306592067862,0.016051629985106734,1.5804946422576904,,,
yolo26n_seg__detstats,busi_8c1f838d6c,busi,breast,,1,1,,,,,,,,0.0,0.0,
seg_refiner,busi_8c1f838d6c,busi,breast,0.9048007726669312,1,1,0.9500214316330905,0.9048007838014369,6.3520544413203925,1.9701258609447594,0.7253774088636474,0.06966738374979314,1.8263791799545288,,,1.9103522300720215
seg_refiner__detstats,busi_8c1f838d6c,busi,breast,,1,1,,,,,,,,0.0,0.0,
refiner,busi_8c1f838d6c,busi,breast,0.8609046936035156,1,1,0.9252539282923865,0.8609046849757673,10.44030650891055,2.896652592378741,0.640016070711129,0.09382756908820122,3.2976691722869873,,,7.762434959411621
refiner__detstats,busi_8c1f838d6c,busi,breast,,1,1,,,,,,,,0.0,0.0,
rough_otsu,busi_8c1f838d6c,busi,breast,0.7171934247016907,1,1,0.8353088561241206,0.7171934469634288,17.899655142812133,6.326084791417501,0.19064058304564632,0.28280655303657126,7.765047073364258,,,7.765047073364258
rough_otsu__detstats,busi_8c1f838d6c,busi,breast,,1,1,,,,,,,,0.0,0.0,
refiner_box,busi_8c1f838d6c,busi,breast,0.8791030049324036,1,1,0.9356624005534417,0.8791030224244394,6.324555320336759,2.4672342521904183,0.546447067606028,0.08638093662088367,2.6985769271850586,,,10.677654266357422
refiner_box__detstats,busi_8c1f838d6c,busi,breast,,1,1,,,,,,,,0.0,0.0,
refiner_gtbox,busi_8c1f838d6c,busi,breast,0.8472632169723511,1,1,0.9173172462739532,0.8472631923959357,11.180339887498949,3.200178961809298,0.5861850264967866,0.13470130729769983,3.759859561920166,,,8.645210266113281
refiner_gtbox__detstats,busi_8c1f838d6c,busi,breast,,1,1,,,,,,,,0.0,0.0,
rough_otsu_gtbox,busi_8c1f838d6c,busi,breast,0.6763148903846741,1,1,0.8069067587567834,0.6763149189546808,19.297108858078907,7.1221605610793945,0.10843045048728958,0.3228528876385901,8.64847469329834,,,8.64847469329834
rough_otsu_gtbox__detstats,busi_8c1f838d6c,busi,breast,,1,1,,,,,,,,0.0,0.0,
yolo26n_seg,busi_cfd961e96d,busi,breast,0.8739347457885742,1,1,0.9327269876117297,0.87393476344402,6.324555320336759,1.8773112760993915,0.7603960396039603,0.09219160104986876,2.2344534397125244,,,
yolo26n_seg__detstats,busi_cfd961e96d,busi,breast,,1,1,,,,,,,,0.0,0.0,
seg_refiner,busi_cfd961e96d,busi,breast,0.8854638934135437,1,1,0.9392530854303575,0.8854638863705047,5.385164807134504,1.6389414217993288,0.7850289429862818,0.04691601049868766,1.7308515310287476,,,2.013209342956543
seg_refiner__detstats,busi_cfd961e96d,busi,breast,,1,1,,,,,,,,0.0,0.0,
refiner,busi_cfd961e96d,busi,breast,0.8836010694503784,1,1,0.9382040553588671,0.8836010912397696,5.059411708155667,1.6491178363075585,0.7426326129666012,0.03871391076115486,1.859933853149414,,,2.378164291381836
refiner__detstats,busi_cfd961e96d,busi,breast,,1,1,,,,,,,,0.0,0.0,
rough_otsu,busi_cfd961e96d,busi,breast,0.8373983502388,1,1,0.911504424778761,0.8373983739837398,5.0,2.166237448056445,0.5994759825327511,0.07217847769028872,2.3877787590026855,,,2.3877787590026855
rough_otsu__detstats,busi_cfd961e96d,busi,breast,,1,1,,,,,,,,0.0,0.0,
refiner_box,busi_cfd961e96d,busi,breast,0.8735877871513367,1,1,0.932529335071708,0.873587786259542,6.057933771208752,1.8069904763310962,0.7061040521031926,0.013123359580052493,2.0333034992218018,,,4.5195417404174805
refiner_box__detstats,busi_cfd961e96d,busi,breast,,1,1,,,,,,,,0.0,0.0,
refiner_gtbox,busi_cfd961e96d,busi,breast,0.8897396922111511,1,1,0.9416531604538088,0.889739663093415,5.0,1.547639224800111,0.7676743199854607,0.024278215223097113,1.6728720664978027,,,2.181293487548828
refiner_gtbox__detstats,busi_cfd961e96d,busi,breast,,1,1,,,,,,,,0.0,0.0,
rough_otsu_gtbox,busi_cfd961e96d,busi,breast,0.8521932363510132,1,1,0.9201990732795606,0.8521932612841704,5.0,1.984647095267559,0.605535709696487,0.08825459317585302,2.1580309867858887,,,2.1580309867858887
rough_otsu_gtbox__detstats,busi_cfd961e96d,busi,breast,,1,1,,,,,,,,0.0,0.0,
yolo26n_seg,busi_6d2d131466,busi,breast,0.8917393684387207,1,1,0.9427719012747491,0.8917393535146229,4.242640687119285,2.1227063262292933,0.5476743805440084,0.06979790419161677,2.333616018295288,,,
yolo26n_seg__detstats,busi_6d2d131466,busi,breast,,1,1,,,,,,,,0.0,0.0,
seg_refiner,busi_6d2d131466,busi,breast,0.9226840734481812,1,1,0.9597874874049648,0.9226840436773511,4.123105625617661,1.4320799243785154,0.8125227520931926,0.04285179640718563,1.6543052196502686,,,2.245023250579834
seg_refiner__detstats,busi_6d2d131466,busi,breast,,1,1,,,,,,,,0.0,0.0,
refiner,busi_6d2d131466,busi,breast,0.9119474291801453,1,1,0.9539461467038068,0.911947452511983,3.7041634565979917,1.6012621188261285,0.7025101214574898,0.015344311377245509,1.7851569652557373,,,6.060417652130127
refiner__detstats,busi_6d2d131466,busi,breast,,1,1,,,,,,,,0.0,0.0,
rough_otsu,busi_6d2d131466,busi,breast,0.76877760887146,1,1,0.8692756036636137,0.7687776141384389,14.0,5.315204420253023,0.32571506774325987,0.24738023952095808,6.052464485168457,,,6.052464485168457
rough_otsu__detstats,busi_6d2d131466,busi,breast,,1,1,,,,,,,,0.0,0.0,
refiner_box,busi_6d2d131466,busi,breast,0.9145586490631104,1,1,0.9553728171486648,0.9145586414293295,3.605551275463989,1.5508371568575,0.7466869763899467,0.025261976047904193,1.8305948972702026,,,6.123337268829346
refiner_box__detstats,busi_6d2d131466,busi,breast,,1,1,,,,,,,,0.0,0.0,
refiner_gtbox,busi_6d2d131466,busi,breast,0.9049488306045532,1,1,0.9501030189017289,0.9049488054607508,5.656854249492381,1.8751164370238842,0.6797364615137393,0.08888473053892215,2.197970390319824,,,2.706240177154541
refiner_gtbox__detstats,busi_6d2d131466,busi,breast,,1,1,,,,,,,,0.0,0.0,
rough_otsu_gtbox,busi_6d2d131466,busi,breast,0.8655203580856323,1,1,0.9279130687882022,0.8655203619909502,6.708203932499369,2.525364067363827,0.5658332541116076,0.07129491017964072,2.7403526306152344,,,2.7403526306152344
rough_otsu_gtbox__detstats,busi_6d2d131466,busi,breast,,1,1,,,,,,,,0.0,0.0,
yolo26n_seg,busi_873f42e663,busi,breast,0.9269793033599854,1,1,0.9621061232827741,0.9269792845544457,6.082762530298219,2.5812944517533936,0.5240715984652512,0.03650546021840874,2.8479175567626953,,,
yolo26n_seg__detstats,busi_873f42e663,busi,breast,,1,1,,,,,,,,0.0,0.0,
seg_refiner,busi_873f42e663,busi,breast,0.9131159782409668,1,1,0.9545850875663286,0.9131160041940711,7.615773105863909,3.0971953308733626,0.4614945590137737,0.0874154966198648,3.5801031589508057,,,2.7898669242858887
seg_refiner__detstats,busi_873f42e663,busi,breast,,1,1,,,,,,,,0.0,0.0,
refiner,busi_873f42e663,busi,breast,0.9177893996238708,1,1,0.9571326384631106,0.9177894272696095,9.433981132056603,2.9119975441781136,0.5007648912714728,0.035569422776911074,3.525951385498047,,,5.62316370010376
refiner__detstats,busi_873f42e663,busi,breast,,1,1,,,,,,,,0.0,0.0,
rough_otsu,busi_873f42e663,busi,breast,0.8845895528793335,1,1,0.9387609718865284,0.8845895665515918,16.0,4.2669189755979495,0.4829457129371825,0.043941757670306815,5.603797912597656,,,5.603797912597656
rough_otsu__detstats,busi_873f42e663,busi,breast,,1,1,,,,,,,,0.0,0.0,
refiner_box,busi_873f42e663,busi,breast,0.901735782623291,1,1,0.9483292000102268,0.9017357903437545,8.06225774829855,3.548078356606063,0.32277685442534115,0.033957358294331774,3.7620577812194824,,,11.122861862182617
refiner_box__detstats,busi_873f42e663,busi,breast,,1,1,,,,,,,,0.0,0.0,
refiner_gtbox,busi_873f42e663,busi,breast,0.9034193158149719,1,1,0.9492593921377684,0.9034193453977855,9.219544457292887,3.49262010461325,0.43093447024822185,0.02922516900676027,4.132450103759766,,,5.875457763671875
refiner_gtbox__detstats,busi_873f42e663,busi,breast,,1,1,,,,,,,,0.0,0.0,
rough_otsu_gtbox,busi_873f42e663,busi,breast,0.8796217441558838,1,1,0.9359561302007345,0.8796217494089834,17.804493814764857,4.430405498075604,0.4967794415485242,0.0672906916276651,5.875737190246582,,,5.875737190246582
rough_otsu_gtbox__detstats,busi_873f42e663,busi,breast,,1,1,,,,,,,,0.0,0.0,
yolo26n_seg,busi_22d1a239ff,busi,breast,0.9166440963745117,1,1,0.9565094406336185,0.916644076985633,11.0,4.340752365123484,0.3003710682251182,0.021009003858796626,4.476573467254639,,,
yolo26n_seg__detstats,busi_22d1a239ff,busi,breast,,1,1,,,,,,,,0.0,0.0,
seg_refiner,busi_22d1a239ff,busi,breast,0.9016677737236023,1,1,0.9482915689870881,0.9016677446179433,12.36931687685298,5.18632876221115,0.2764218321888363,0.03899290171978467,5.569670677185059,,,5.057770729064941
seg_refiner__detstats,busi_22d1a239ff,busi,breast,,1,1,,,,,,,,0.0,0.0,
refiner,busi_22d1a239ff,busi,breast,0.7563988566398621,1,1,0.8613064791133845,0.7563988582658743,35.6931365951495,13.655636033621503,0.1442125237191651,0.21180505931113333,15.249129295349121,,,23.64834976196289
refiner__detstats,busi_22d1a239ff,busi,breast,,1,1,,,,,,,,0.0,0.0,
rough_otsu,busi_22d1a239ff,busi,breast,0.5788369178771973,1,1,0.7332447058507567,0.5788368986791613,64.8459713474939,18.574266035945545,0.06927555457292357,0.22616835786765757,23.601999282836914,,,23.601999282836914
rough_otsu__detstats,busi_22d1a239ff,busi,breast,,1,1,,,,,,,,0.0,0.0,
refiner_box,busi_22d1a239ff,busi,breast,0.8875809907913208,1,1,0.9404428035547351,0.8875809693991512,14.866068747318506,6.061044934114943,0.34099197665937275,0.012934114620551666,6.8828325271606445,,,21.4802303314209
refiner_box__detstats,busi_22d1a239ff,busi,breast,,1,1,,,,,,,,0.0,0.0,
refiner_gtbox,busi_22d1a239ff,busi,breast,0.7295628786087036,1,1,0.8436384523858368,0.7295628725518024,34.36568055487916,14.415604134722791,0.07872902871201612,0.25832499642704015,16.04534149169922,,,23.769832611083984
refiner_gtbox__detstats,busi_22d1a239ff,busi,breast,,1,1,,,,,,,,0.0,0.0,
rough_otsu_gtbox,busi_22d1a239ff,busi,breast,0.5793955326080322,1,1,0.7336927736205234,0.5793955513609746,64.58326982982388,18.889759607782434,0.07183449709944588,0.24608165404220855,23.515087127685547,,,23.515087127685547
rough_otsu_gtbox__detstats,busi_22d1a239ff,busi,breast,,1,1,,,,,,,,0.0,0.0,
yolo26n_seg,busi_888dc0e64a,busi,breast,0.7247901558876038,1,2,0.840438634828559,0.7247901319170806,45.62181189799593,11.930055049146842,0.26389116538272417,0.23795855502660318,12.053175926208496,,,
yolo26n_seg__detstats,busi_888dc0e64a,busi,breast,,1,2,,,,,,,,0.0,1.0,
seg_refiner,busi_888dc0e64a,busi,breast,0.8145735859870911,1,2,0.8978126627483074,0.8145735596881434,24.041630560342615,7.810253726126307,0.2924293039294134,0.11803416409969196,9.274991035461426,,,17.593944549560547
seg_refiner__detstats,busi_888dc0e64a,busi,breast,,1,2,,,,,,,,0.0,1.0,
refiner,busi_888dc0e64a,busi,breast,0.631557047367096,1,1,0.7741770751324553,0.63155702135046,49.101877806572276,17.17076902385077,0.21518241710497182,0.35490758891066926,16.24671173095703,,,19.38603401184082
refiner__detstats,busi_888dc0e64a,busi,breast,,1,1,,,,,,,,0.0,0.0,
rough_otsu,busi_888dc0e64a,busi,breast,0.554158627986908,1,1,0.7131300560049783,0.5541586073500967,48.85884481656783,18.97643072006084,0.06694768162658071,0.3686992439092691,19.395368576049805,,,19.395368576049805
rough_otsu__detstats,busi_888dc0e64a,busi,breast,,1,1,,,,,,,,0.0,0.0,
refiner_box,busi_888dc0e64a,busi,breast,0.6466180682182312,1,1,0.7853892560792307,0.6466180708594677,40.8827171453048,17.02911086896402,0.1417430150677671,0.2999509941192943,16.276004791259766,,,18.353612899780273
refiner_box__detstats,busi_888dc0e64a,busi,breast,,1,1,,,,,,,,0.0,0.0,
refiner_gtbox,busi_888dc0e64a,busi,breast,0.6983537077903748,1,1,0.8223890059101413,0.6983537093637121,44.08602614393341,13.590583345001573,0.1602040772132546,0.28832959955194626,13.050086975097656,,,19.461185455322266
refiner_gtbox__detstats,busi_888dc0e64a,busi,breast,,1,1,,,,,,,,0.0,0.0,
rough_otsu_gtbox,busi_888dc0e64a,busi,breast,0.553332507610321,1,1,0.7124456705102507,0.553332511252235,48.66462307959612,17.218728139232226,0.08009649337482082,0.23624334920190423,19.487098693847656,,,19.487098693847656
rough_otsu_gtbox__detstats,busi_888dc0e64a,busi,breast,,1,1,,,,,,,,0.0,0.0,
yolo26n_seg,busi_62445ce52f,busi,breast,0.7213796973228455,1,1,0.8381412928686566,0.721379706262259,28.485477697880388,10.715968933221784,0.1553529571127366,0.3860742705570292,14.765874862670898,,,
yolo26n_seg__detstats,busi_62445ce52f,busi,breast,,1,1,,,,,,,,0.0,0.0,
seg_refiner,busi_62445ce52f,busi,breast,0.7817453742027283,1,1,0.8775051507772991,0.7817453695978642,12.529964086141668,6.865689964382424,0.11575676426748857,0.12427055702917772,7.805084228515625,,,12.754652976989746
seg_refiner__detstats,busi_62445ce52f,busi,breast,,1,1,,,,,,,,0.0,0.0,
refiner,busi_62445ce52f,busi,breast,0.6986435055732727,1,1,0.8225899083823328,0.6986435008826536,31.91550104037886,10.420932295113154,0.16435286061134283,0.42473474801061006,12.088664054870605,,,13.689501762390137
refiner__detstats,busi_62445ce52f,busi,breast,,1,1,,,,,,,,0.0,0.0,
rough_otsu,busi_62445ce52f,busi,breast,0.633419394493103,1,1,0.7755747206122958,0.6334193957512343,43.213031586517076,12.170973394702868,0.20842480415820194,0.3913129973474801,13.62781810760498,,,13.62781810760498
rough_otsu__detstats,busi_62445ce52f,busi,breast,,1,1,,,,,,,,0.0,0.0,
refiner_box,busi_62445ce52f,busi,breast,0.6181017160415649,1,1,0.763983777457198,0.6181017397049108,38.50452280046007,14.495274311863552,0.1371486911885653,0.4362732095490716,15.720870971679688,,,23.965717315673828
refiner_box__detstats,busi_62445ce52f,busi,breast,,1,1,,,,,,,,0.0,0.0,
refiner_gtbox,busi_62445ce52f,busi,breast,0.7041103839874268,1,1,0.8263670906988271,0.7041103603603603,23.600847442411894,9.041231748746217,0.13586869678361904,0.006962864721485411,9.376176834106445,,,10.848112106323242
refiner_gtbox__detstats,busi_62445ce52f,busi,breast,,1,1,,,,,,,,0.0,0.0,
rough_otsu_gtbox,busi_62445ce52f,busi,breast,0.6987866163253784,1,1,0.8226891007441499,0.698786617251358,33.0128758326726,9.361207977902367,0.3401993285051422,0.21889920424403184,10.884542465209961,,,10.884542465209961
rough_otsu_gtbox__detstats,busi_62445ce52f,busi,breast,,1,1,,,,,,,,0.0,0.0,
yolo26n_seg,busi_31157c7321,busi,breast,0.0,1,1,0.0,0.0,,,0.0,,,,,
yolo26n_seg__detstats,busi_31157c7321,busi,breast,,1,1,,,,,,,,1.0,1.0,
seg_refiner,busi_31157c7321,busi,breast,0.0,1,1,0.0,0.0,,,0.0,,,,,
seg_refiner__detstats,busi_31157c7321,busi,breast,,1,1,,,,,,,,1.0,1.0,
refiner,busi_31157c7321,busi,breast,0.6021984815597534,1,1,0.751715213516615,0.6021984900050855,49.05608478903013,15.171190737203457,0.10643305902132555,0.4754910849199154,17.900915145874023,,,26.599308013916016
refiner__detstats,busi_31157c7321,busi,breast,,1,1,,,,,,,,0.0,0.0,
rough_otsu,busi_31157c7321,busi,breast,0.0,1,1,0.0,0.0,,,0.0,,,,,
rough_otsu__detstats,busi_31157c7321,busi,breast,,1,1,,,,,,,,1.0,1.0,
refiner_box,busi_31157c7321,busi,breast,0.5589881539344788,1,1,0.7171166318813259,0.5589881743754811,54.635077063592384,21.045103233596556,0.0413747080413747,0.6932003626473254,24.027507781982422,,,42.66083526611328
refiner_box__detstats,busi_31157c7321,busi,breast,,1,1,,,,,,,,0.0,0.0,
refiner_gtbox,busi_31157c7321,busi,breast,0.7231502532958984,1,1,0.8393350899450246,0.7231502242152467,20.408298701802334,8.82707402982828,0.11329237224636596,0.14197642792384407,10.439386367797852,,,11.282235145568848
refiner_gtbox__detstats,busi_31157c7321,busi,breast,,1,1,,,,,,,,0.0,0.0,
rough_otsu_gtbox,busi_31157c7321,busi,breast,0.736602246761322,1,1,0.8483257918552036,0.7366022316517365,35.414675072995,7.221162796332784,0.3519184616752096,0.003626473254759746,11.412850379943848,,,11.412850379943848
rough_otsu_gtbox__detstats,busi_31157c7321,busi,breast,,1,1,,,,,,,,0.0,0.0,
yolo26n_seg,busi_31341a9960,busi,breast,0.9026715755462646,1,1,0.9488464529508338,0.9026715988491574,10.44030650891055,4.956071105117694,0.13716390500656625,0.09801492582409282,4.900202751159668,,,
yolo26n_seg__detstats,busi_31341a9960,busi,breast,,1,1,,,,,,,,0.0,0.0,
seg_refiner,busi_31341a9960,busi,breast,0.8572651743888855,1,1,0.9231478635106056,0.8572652012560662,18.788294228055936,7.844141982208715,0.23173126922105514,0.16231078345469377,8.67928695678711,,,5.422455310821533
seg_refiner__detstats,busi_31341a9960,busi,breast,,1,1,,,,,,,,0.0,0.0,
refiner,busi_31341a9960,busi,breast,0.9094420075416565,1,1,0.9525735725172939,0.9094419880226116,10.63014581273465,4.552377998650554,0.31998117304750595,0.061576577937577426,5.2404656410217285,,,10.18114948272705
refiner__detstats,busi_31341a9960,busi,breast,,1,1,,,,,,,,0.0,0.0,
rough_otsu,busi_31341a9960,busi,breast,0.8623066544532776,1,1,0.926063008189316,0.8623066485753053,26.65693092381705,7.753821271847693,0.24015671107147687,0.07348098014925825,10.137483596801758,,,10.137483596801758
rough_otsu__detstats,busi_31341a9960,busi,breast,,1,1,,,,,,,,0.0,0.0,
refiner_box,busi_31341a9960,busi,breast,0.9014187455177307,1,1,0.9481538507091464,0.9014187591487445,13.408933484911488,5.005765681718657,0.3252644073673962,0.0408496238329758,5.496228218078613,,,15.901275634765625
refiner_box__detstats,busi_31341a9960,busi,breast,,1,1,,,,,,,,0.0,0.0,
refiner_gtbox,busi_31341a9960,busi,breast,0.8812697529792786,1,1,0.9368882500898311,0.8812697725982208,16.1245154965971,6.263473923478172,0.2348816827344435,0.10215427380125087,6.740484714508057,,,5.573556900024414
refiner_gtbox__detstats,busi_31341a9960,busi,breast,,1,1,,,,,,,,0.0,0.0,
rough_otsu_gtbox,busi_31341a9960,busi,breast,0.899927020072937,1,1,0.9473279962187232,0.8999270359768761,14.0,5.003041394448875,0.3218094251572461,0.04556304196754993,5.701751232147217,,,5.701751232147217
rough_otsu_gtbox__detstats,busi_31341a9960,busi,breast,,1,1,,,,,,,,0.0,0.0,
yolo26n_seg,busi_6e82f75987,busi,breast,0.8327440619468689,1,2,0.9087401497564006,0.8327440522562474,11.687581462308012,5.647553515434926,0.21873539427121585,0.09357886089813801,5.662066459655762,,,
yolo26n_seg__detstats,busi_6e82f75987,busi,breast,,1,2,,,,,,,,0.0,1.0,
seg_refiner,busi_6e82f75987,busi,breast,0.8531776070594788,1,2,0.9207726194510335,0.8531775935694549,9.486832980505138,4.704396997385743,0.2255207326416486,0.020125958378970427,5.316309928894043,,,6.139285087585449
seg_refiner__detstats,busi_6e82f75987,busi,breast,,1,2,,,,,,,,0.0,1.0,
refiner,busi_6e82f75987,busi,breast,0.8557648658752441,1,1,0.9222772622619131,0.8557648734382081,8.0,4.590969857688446,0.1692875621312095,0.03765060240963856,4.9634552001953125,,,5.282235145568848
refiner__detstats,busi_6e82f75987,busi,breast,,1,1,,,,,,,,0.0,0.0,
rough_otsu,busi_6e82f75987,busi,breast,0.8361291885375977,1,1,0.91075203324854,0.8361292020261825,13.416407864998739,5.159369628255461,0.2549050944138473,0.08933461117196057,5.312841415405273,,,5.312841415405273
rough_otsu__detstats,busi_6e82f75987,busi,breast,,1,1,,,,,,,,0.0,0.0,
refiner_box,busi_6e82f75987,busi,breast,0.8181074857711792,1,1,0.8999550126310689,0.8181074619353215,11.180339887498949,6.083492568700597,0.08553639660957774,0.021837349397590362,6.2497944831848145,,,8.06407356262207
refiner_box__detstats,busi_6e82f75987,busi,breast,,1,1,,,,,,,,0.0,0.0,
refiner_gtbox,busi_6e82f75987,busi,breast,0.8697890043258667,1,1,0.9303605835397742,0.8697889861039629,8.0,4.091286581939142,0.18266006706051413,0.0104052573932092,4.502371311187744,,,5.044373989105225
refiner_gtbox__detstats,busi_6e82f75987,busi,breast,,1,1,,,,,,,,0.0,0.0,
rough_otsu_gtbox,busi_6e82f75987,busi,breast,0.8519187569618225,1,1,0.9200390053632375,0.8519187358916479,12.041594578792296,4.782707577741334,0.28748890860692106,0.03436473165388828,5.0784759521484375,,,5.0784759521484375
rough_otsu_gtbox__detstats,busi_6e82f75987,busi,breast,,1,1,,,,,,,,0.0,0.0,
yolo26n_seg,busi_f5cba98f1d,busi,breast,0.9119725823402405,1,1,0.9539598830825382,0.9119725598036607,18.00138781886599,8.17348527994252,0.11230182971172585,0.0057230153621862226,8.622503280639648,,,
yolo26n_seg__detstats,busi_f5cba98f1d,busi,breast,,1,1,,,,,,,,0.0,0.0,
seg_refiner,busi_f5cba98f1d,busi,breast,0.8772453665733337,1,1,0.9346091853181809,0.877245394308476,42.71591835079104,11.599079949073566,0.22283706405281445,0.0995789163493676,12.512210845947266,,,8.951681137084961
seg_refiner__detstats,busi_f5cba98f1d,busi,breast,,1,1,,,,,,,,0.0,0.0,
refiner,busi_f5cba98f1d,busi,breast,0.6851459741592407,1,1,0.8131592121389978,0.6851459946911022,106.13340154463774,27.13023998509015,0.07592617244700595,0.20309725248734034,29.314016342163086,,,63.7569465637207
refiner__detstats,busi_f5cba98f1d,busi,breast,,1,1,,,,,,,,0.0,0.0,
rough_otsu,busi_f5cba98f1d,busi,breast,0.5157846212387085,1,1,0.6805513232226155,0.5157846115582085,134.0,46.070310395493685,0.030828703867520613,0.015044240924988173,63.81715774536133,,,63.81715774536133
rough_otsu__detstats,busi_f5cba98f1d,busi,breast,,1,1,,,,,,,,0.0,0.0,
refiner_box,busi_f5cba98f1d,busi,breast,0.8717673420906067,1,1,0.9314911411995365,0.8717673545966229,33.83784863137726,12.276328039771679,0.1308609334305931,0.06586120524532194,13.373664855957031,,,47.00517654418945
refiner_box__detstats,busi_f5cba98f1d,busi,breast,,1,1,,,,,,,,0.0,0.0,
refiner_gtbox,busi_f5cba98f1d,busi,breast,0.7529827952384949,1,1,0.8590874759681406,0.7529827728879862,109.77021451565568,27.845782411367352,0.08565496890219751,0.19295402200801842,31.296916961669922,,,61.47679138183594
refiner_gtbox__detstats,busi_f5cba98f1d,busi,breast,,1,1,,,,,,,,0.0,0.0,
rough_otsu_gtbox,busi_f5cba98f1d,busi,breast,0.5559260845184326,1,1,0.7145918834496757,0.5559260706766349,134.66439456187237,43.662454752895414,0.059137966032884494,0.08589951377633712,61.444664001464844,,,61.444664001464844
rough_otsu_gtbox__detstats,busi_f5cba98f1d,busi,breast,,1,1,,,,,,,,0.0,0.0,
yolo26n_seg,busi_70e63630b2,busi,breast,0.8626630306243896,1,1,0.9262684708490896,0.8626630081185822,45.896952834837045,10.845846328541972,0.1609631464849799,0.13809786667532553,13.451939582824707,,,
yolo26n_seg__detstats,busi_70e63630b2,busi,breast,,1,1,,,,,,,,0.0,0.0,
seg_refiner,busi_70e63630b2,busi,breast,0.8426743149757385,1,1,0.9146210071853224,0.8426743222784014,37.48332962798263,11.843726216462844,0.1718889958913845,0.09457089976296393,13.623812675476074,,,14.947260856628418
seg_refiner__detstats,busi_70e63630b2,busi,breast,,1,1,,,,,,,,0.0,0.0,
refiner,busi_70e63630b2,busi,breast,0.8368370532989502,1,1,0.9111717837763582,0.8368370420602753,49.73479642046239,12.395930929852359,0.20873608861487017,0.10903659447348768,13.301349639892578,,,18.535907745361328
refiner__detstats,busi_70e63630b2,busi,breast,,1,1,,,,,,,,0.0,0.0,
rough_otsu,busi_70e63630b2,busi,breast,0.7684555053710938,1,1,0.8690696603235101,0.7684555182878134,63.967159707805344,15.690143005334253,0.20982619470806213,0.2023736078189434,18.422367095947266,,,18.422367095947266
rough_otsu__detstats,busi_70e63630b2,busi,breast,,1,1,,,,,,,,0.0,0.0,
refiner_box,busi_70e63630b2,busi,breast,0.9154455661773682,1,1,0.9558565337346375,0.9154455921210666,13.038404810405298,5.596309143466518,0.3327757725151862,0.0580900737084781,6.156126022338867,,,25.35358238220215
refiner_box__detstats,busi_70e63630b2,busi,breast,,1,1,,,,,,,,0.0,0.0,
refiner_gtbox,busi_70e63630b2,busi,breast,0.7752195000648499,1,1,0.8733787625795388,0.7752195090687688,57.30226795341278,17.21629373761539,0.14782346709688707,0.20120466279183039,17.15995216369629,,,18.649078369140625
refiner_gtbox__detstats,busi_70e63630b2,busi,breast,,1,1,,,,,,,,0.0,0.0,
rough_otsu_gtbox,busi_70e63630b2,busi,breast,0.7608850002288818,1,1,0.8642074875131742,0.7608850014524093,64.89606151103,16.063218659591087,0.21849395239953182,0.2284800467578011,18.69585418701172,,,18.69585418701172
rough_otsu_gtbox__detstats,busi_70e63630b2,busi,breast,,1,1,,,,,,,,0.0,0.0,
yolo26n_seg,busi_d6ece3a2e2,busi,breast,0.936942458152771,1,1,0.9674448149912657,0.9369424792371578,5.830951894845301,2.2532051965319564,0.5353640523983632,0.013214685351947567,2.8278043270111084,,,
yolo26n_seg__detstats,busi_d6ece3a2e2,busi,breast,,1,1,,,,,,,,0.0,0.0,
seg_refiner,busi_d6ece3a2e2,busi,breast,0.9262847304344177,1,1,0.9617318811348662,0.9262847078325736,6.0,2.593618907357399,0.44395456476915923,0.018596472531571377,3.073744297027588,,,2.5256009101867676
seg_refiner__detstats,busi_d6ece3a2e2,busi,breast,,1,1,,,,,,,,0.0,0.0,
refiner,busi_d6ece3a2e2,busi,breast,0.9397639632225037,1,1,0.9689467168857165,0.9397639605579114,5.0990195135927845,2.0559573589708777,0.5810581235255755,0.02307241434432781,2.7543981075286865,,,8.071435928344727
refiner__detstats,busi_d6ece3a2e2,busi,breast,,1,1,,,,,,,,0.0,0.0,
rough_otsu,busi_d6ece3a2e2,busi,breast,0.827459454536438,1,1,0.9055844643527707,0.8274594382628303,20.37101647241994,5.649219574371417,0.30550784381083246,0.013427825438269302,8.002988815307617,,,8.002988815307617
rough_otsu__detstats,busi_d6ece3a2e2,busi,breast,,1,1,,,,,,,,0.0,0.0,
refiner_box,busi_d6ece3a2e2,busi,breast,0.9349038600921631,1,1,0.9663569023569023,0.9349038411424402,5.0,2.215588811108106,0.5199242838185935,0.0217935738263974,2.6674633026123047,,,13.380873680114746
refiner_box__detstats,busi_d6ece3a2e2,busi,breast,,1,1,,,,,,,,0.0,0.0,
refiner_gtbox,busi_d6ece3a2e2,busi,breast,0.9309383630752563,1,1,0.9642341532510692,0.9309383547233326,5.385164807134504,2.370555526790243,0.4918985670790129,0.04385357276069697,2.820280075073242,,,9.692546844482422
refiner_gtbox__detstats,busi_d6ece3a2e2,busi,breast,,1,1,,,,,,,,0.0,0.0,
rough_otsu_gtbox,busi_d6ece3a2e2,busi,breast,0.8076691627502441,1,1,0.8936028378925315,0.8076691341022552,23.021728866442675,8.35118847046942,0.29651018380526584,0.2381307614429584,9.64536190032959,,,9.64536190032959
rough_otsu_gtbox__detstats,busi_d6ece3a2e2,busi,breast,,1,1,,,,,,,,0.0,0.0,
yolo26n_seg,busi_21ebb876bc,busi,breast,0.0,1,1,0.0,0.0,,,0.0,,,,,
yolo26n_seg__detstats,busi_21ebb876bc,busi,breast,,1,1,,,,,,,,1.0,1.0,
seg_refiner,busi_21ebb876bc,busi,breast,0.0,1,1,0.0,0.0,,,0.0,,,,,
seg_refiner__detstats,busi_21ebb876bc,busi,breast,,1,1,,,,,,,,1.0,1.0,
refiner,busi_21ebb876bc,busi,breast,0.7980813980102539,1,1,0.8877033181522447,0.7980814225549836,10.0,3.3247067971527553,0.48956635148353445,0.08401894789329345,3.571479320526123,,,6.76724100112915
refiner__detstats,busi_21ebb876bc,busi,breast,,1,1,,,,,,,,0.0,0.0,
rough_otsu,busi_21ebb876bc,busi,breast,0.6353330016136169,1,1,0.7770075101097631,0.6353330184222957,17.0,6.167958310038042,0.35955056179775274,0.2737471952131638,6.757181167602539,,,6.757181167602539
rough_otsu__detstats,busi_21ebb876bc,busi,breast,,1,1,,,,,,,,0.0,0.0,
refiner_box,busi_21ebb876bc,busi,breast,0.8189129829406738,1,1,0.9004421814283801,0.81891299049476,10.198039027185569,2.8802968445259207,0.625659050966608,0.1393667414609823,3.0694847106933594,,,6.031436920166016
refiner_box__detstats,busi_21ebb876bc,busi,breast,,1,1,,,,,,,,0.0,0.0,
refiner_gtbox,busi_21ebb876bc,busi,breast,0.8186826109886169,1,1,0.9003029105755301,0.8186826347305389,10.246834584086285,2.8342717869239964,0.5973956235736341,0.10695587135377711,3.1279397010803223,,,5.929895401000977
refiner_gtbox__detstats,busi_21ebb876bc,busi,breast,,1,1,,,,,,,,0.0,0.0,
rough_otsu_gtbox,busi_21ebb876bc,busi,breast,0.6951795816421509,1,1,0.820183997769724,0.695179584120983,15.246302301563484,5.300873481425313,0.354395781079169,0.21141859885315384,5.925619125366211,,,5.925619125366211
rough_otsu_gtbox__detstats,busi_21ebb876bc,busi,breast,,1,1,,,,,,,,0.0,0.0,
yolo26n_seg,busi_7a078fba05,busi,breast,0.7599760293960571,1,1,0.8636208825962146,0.7599760232916596,11.0,5.817237430078132,0.12810520078399198,0.31583098591549297,6.085694789886475,,,
yolo26n_seg__detstats,busi_7a078fba05,busi,breast,,1,1,,,,,,,,0.0,0.0,
seg_refiner,busi_7a078fba05,busi,breast,0.7500424981117249,1,1,0.8571706085182846,0.7500424953255141,14.0,6.197861862280754,0.17821169677838936,0.32011267605633803,6.1976776123046875,,,5.698768138885498
seg_refiner__detstats,busi_7a078fba05,busi,breast,,1,1,,,,,,,,0.0,0.0,
refiner,busi_7a078fba05,busi,breast,0.7897376418113708,1,1,0.8825177624337036,0.7897376197725441,11.40175425099138,4.996056755533465,0.25042301184433163,0.251943661971831,4.91814661026001,,,2.794045925140381
refiner__detstats,busi_7a078fba05,busi,breast,,1,1,,,,,,,,0.0,0.0,
rough_otsu,busi_7a078fba05,busi,breast,0.8728363513946533,1,1,0.9321010345008665,0.8728363493312352,7.211102550927978,2.6725828845143917,0.5219613590939373,0.14569014084507043,2.7723515033721924,,,2.7723515033721924
rough_otsu__detstats,busi_7a078fba05,busi,breast,,1,1,,,,,,,,0.0,0.0,
refiner_box,busi_7a078fba05,busi,breast,0.7486955523490906,1,1,0.8562903541381335,0.7486955777948849,15.524174696260024,6.326166280298342,0.2673848020692518,0.3035492957746479,6.176624774932861,,,14.695805549621582
refiner_box__detstats,busi_7a078fba05,busi,breast,,1,1,,,,,,,,0.0,0.0,
refiner_gtbox,busi_7a078fba05,busi,breast,0.816452145576477,1,1,0.8989525569932224,0.8164521544487968,10.198039027185569,4.264451817129205,0.3744133220416788,0.1944788732394366,3.9738576412200928,,,2.2657594680786133
refiner_gtbox__detstats,busi_7a078fba05,busi,breast,,1,1,,,,,,,,0.0,0.0,
rough_otsu_gtbox,busi_7a078fba05,busi,breast,0.8902598023414612,1,1,0.9419443854807896,0.8902598053967299,6.062071897723665,2.2795974950374633,0.574991416814844,0.12326760563380282,2.3200759887695312,,,2.3200759887695312
rough_otsu_gtbox__detstats,busi_7a078fba05,busi,breast,,1,1,,,,,,,,0.0,0.0,
yolo26n_seg,busi_a262591d26,busi,breast,0.8944488763809204,1,1,0.9442839951865223,0.8944488772369771,6.4031242374328485,2.5735155973207027,0.5904639739699028,0.06690710110682752,2.895291566848755,,,
yolo26n_seg__detstats,busi_a262591d26,busi,breast,,1,1,,,,,,,,0.0,0.0,
seg_refiner,busi_a262591d26,busi,breast,0.9286224246025085,1,1,0.9629903774981495,0.9286224125624554,4.123105625617661,1.6599139714581908,0.6836124935338294,0.016167143390125607,1.8308899402618408,,,2.980666399002075
seg_refiner__detstats,busi_a262591d26,busi,breast,,1,1,,,,,,,,0.0,0.0,
refiner,busi_a262591d26,busi,breast,0.9165595173835754,1,2,0.9564634146341463,0.9165595418955241,5.0,1.9633124187933992,0.6205563035320405,0.03954731998507648,2.369401454925537,,,3.013979911804199
refiner__detstats,busi_a262591d26,busi,breast,,1,2,,,,,,,,0.0,1.0,
rough_otsu,busi_a262591d26,busi,breast,0.8879247307777405,1,2,0.9406357221466951,0.8879247127841603,7.654668419872444,2.5436804008689977,0.6011891465425873,0.07897027732869046,3.0020699501037598,,,3.0020699501037598
rough_otsu__detstats,busi_a262591d26,busi,breast,,1,2,,,,,,,,0.0,1.0,
refiner_box,busi_a262591d26,busi,breast,0.9129926562309265,1,2,0.9545176671964788,0.9129926324406502,7.810249675906654,2.0978515267194506,0.6568939643497675,0.034324089043651286,2.3479409217834473,,,7.86063814163208
refiner_box__detstats,busi_a262591d26,busi,breast,,1,2,,,,,,,,0.0,1.0,
refiner_gtbox,busi_a262591d26,busi,breast,0.9138778448104858,1,1,0.9550012227928589,0.913877837584835,5.385164807134504,2.1009887876993476,0.5963854183790893,0.03407536376072628,2.3826498985290527,,,2.1195497512817383
refiner_gtbox__detstats,busi_a262591d26,busi,breast,,1,1,,,,,,,,0.0,0.0,
rough_otsu_gtbox,busi_a262591d26,busi,breast,0.9148276448249817,1,1,0.9555195856264164,0.9148276717084056,6.324555320336759,1.9405448513469916,0.6716761275963004,0.07921900261161548,2.1073012351989746,,,2.1073012351989746
rough_otsu_gtbox__detstats,busi_a262591d26,busi,breast,,1,1,,,,,,,,0.0,0.0,
yolo26n_seg,busi_b7e3e20601,busi,breast,0.9583975076675415,1,1,0.978756884343037,0.9583975346687211,6.4031242374328485,2.3420928000264425,0.5611070032745326,0.00608793686583991,2.697500467300415,,,
yolo26n_seg__detstats,busi_b7e3e20601,busi,breast,,1,1,,,,,,,,0.0,0.0,
seg_refiner,busi_b7e3e20601,busi,breast,0.9596114158630371,1,1,0.9793895068312256,0.959611441766029,7.0,2.267518594212235,0.5788471145105683,0.01793584093471354,2.9466099739074707,,,2.675178050994873
seg_refiner__detstats,busi_b7e3e20601,busi,breast,,1,1,,,,,,,,0.0,0.0,
refiner,busi_b7e3e20601,busi,breast,0.9482447504997253,1,1,0.9734349494172324,0.9482447789008852,9.848857801796104,3.0025940742123596,0.4956011730205278,0.02851286256021318,3.2501187324523926,,,6.2363057136535645
refiner__detstats,busi_b7e3e20601,busi,breast,,1,1,,,,,,,,0.0,0.0,
rough_otsu,busi_b7e3e20601,busi,breast,0.9231447577476501,1,1,0.9600366822906052,0.9231447551488311,18.002775637731993,4.395803125778595,0.4538144867709266,0.011683919237470534,6.2278008460998535,,,6.2278008460998535
rough_otsu__detstats,busi_b7e3e20601,busi,breast,,1,1,,,,,,,,0.0,0.0,
refiner_box,busi_b7e3e20601,busi,breast,0.9153059124946594,1,1,0.9557803796748892,0.9153059002830394,13.897835632609945,5.073715211621202,0.29582886350728843,0.016459977452085682,5.255563735961914,,,20.781208038330078
refiner_box__detstats,busi_b7e3e20601,busi,breast,,1,1,,,,,,,,0.0,0.0,
refiner_gtbox,busi_b7e3e20601,busi,breast,0.9456495642662048,1,1,0.9720656472859768,0.9456495395055744,10.0,3.168276893742538,0.5112234105065226,0.025356154555703597,3.3430418968200684,,,6.540746688842773
refiner_gtbox__detstats,busi_b7e3e20601,busi,breast,,1,1,,,,,,,,0.0,0.0,
rough_otsu_gtbox,busi_b7e3e20601,busi,breast,0.9192888736724854,1,1,0.9579473860419816,0.919288885427214,20.12461179749811,4.5821149002537975,0.4274319495386548,0.02043660961361074,6.531184196472168,,,6.531184196472168
rough_otsu_gtbox__detstats,busi_b7e3e20601,busi,breast,,1,1,,,,,,,,0.0,0.0,
yolo26n_seg,busi_1e01f78c06,busi,breast,0.7789230942726135,1,1,0.8757243021563699,0.778923091405441,21.0,6.627106499646981,0.3295695213684476,0.11665337851305561,4.992487907409668,,,
yolo26n_seg__detstats,busi_1e01f78c06,busi,breast,,1,1,,,,,,,,0.0,0.0,
seg_refiner,busi_1e01f78c06,busi,breast,0.7469677925109863,1,1,0.8551592051711755,0.7469677959012966,28.41123385113958,8.533646858971998,0.30021773254341994,0.12671915487343033,6.830328941345215,,,5.684817314147949
seg_refiner__detstats,busi_1e01f78c06,busi,breast,,1,1,,,,,,,,0.0,0.0,
refiner,busi_1e01f78c06,busi,breast,0.7109459638595581,1,1,0.8310559947465461,0.7109459401063049,26.154209565011815,9.939711646978811,0.18508460817379707,0.027058002790512257,8.603904724121094,,,10.002706527709961
refiner__detstats,busi_1e01f78c06,busi,breast,,1,1,,,,,,,,0.0,0.0,
rough_otsu,busi_1e01f78c06,busi,breast,0.7051237225532532,1,1,0.8270645847755301,0.705123721255574,27.730849247724095,8.004964728260704,0.3220818453282332,0.05645804265497309,9.848848342895508,,,9.848848342895508
rough_otsu__detstats,busi_1e01f78c06,busi,breast,,1,1,,,,,,,,0.0,0.0,
refiner_box,busi_1e01f78c06,busi,breast,0.7490333318710327,1,1,0.8565112117064955,0.7490333271957282,37.84147051431423,8.970617079215035,0.2471504730323438,0.10663743272872235,6.179697036743164,,,17.40001678466797
refiner_box__detstats,busi_1e01f78c06,busi,breast,,1,1,,,,,,,,0.0,0.0,
refiner_gtbox,busi_1e01f78c06,busi,breast,0.6894202828407288,1,1,0.8161619741709678,0.6894203061262677,28.54547839722712,10.440801880966568,0.16237948397673602,0.2495016942395854,11.067078590393066,,,12.90007495880127
refiner_gtbox__detstats,busi_1e01f78c06,busi,breast,,1,1,,,,,,,,0.0,0.0,
rough_otsu_gtbox,busi_1e01f78c06,busi,breast,0.6797056198120117,1,1,0.8093151645270122,0.679705611775529,37.82835094334715,9.46907575552297,0.2996736739835315,0.2745664739884393,12.754544258117676,,,12.754544258117676
rough_otsu_gtbox__detstats,busi_1e01f78c06,busi,breast,,1,1,,,,,,,,0.0,0.0,
yolo26n_seg,busi_a0d580339e,busi,breast,0.7615253925323486,1,1,0.8646204095305892,0.7615254112266726,24.203304148035457,6.764755015981711,0.20349605234862214,0.0694107452339688,6.6223578453063965,,,
yolo26n_seg__detstats,busi_a0d580339e,busi,breast,,1,1,,,,,,,,0.0,0.0,
seg_refiner,busi_a0d580339e,busi,breast,0.5872347950935364,1,1,0.7399469897765998,0.5872348097842418,30.02664818303498,11.646362660133416,0.21291696238466998,0.2885615251299827,12.424241065979004,,,8.603986740112305
seg_refiner__detstats,busi_a0d580339e,busi,breast,,1,1,,,,,,,,0.0,0.0,
refiner,busi_a0d580339e,busi,breast,0.0,1,0,0.0,0.0,,,0.0,,,,,
refiner__detstats,busi_a0d580339e,busi,breast,,1,0,,,,,,,,1.0,0.0,
rough_otsu,busi_a0d580339e,busi,breast,0.0,1,0,0.0,0.0,,,0.0,,,,,
rough_otsu__detstats,busi_a0d580339e,busi,breast,,1,0,,,,,,,,1.0,0.0,
refiner_gtbox,busi_a0d580339e,busi,breast,0.5964251756668091,1,1,0.7472008987081071,0.5964251554280249,26.183950382636077,12.050522290986152,0.1111902693310165,0.3141247833622184,12.294412612915039,,,8.757530212402344
refiner_gtbox__detstats,busi_a0d580339e,busi,breast,,1,1,,,,,,,,0.0,0.0,
rough_otsu_gtbox,busi_a0d580339e,busi,breast,0.6382464170455933,1,1,0.7791824526420738,0.6382464393048478,29.732137494637012,7.523889451917817,0.27668505511299996,0.17287694974003467,8.63620376586914,,,8.63620376586914
rough_otsu_gtbox__detstats,busi_a0d580339e,busi,breast,,1,1,,,,,,,,0.0,0.0,
yolo26n_seg,busi_c9ddf3ff26,busi,breast,0.8800995349884033,1,1,0.9362265312403817,0.8800995312771251,23.380525678727462,7.2234206807481085,0.28401859004209234,0.07062689285219423,7.288023471832275,,,
yolo26n_seg__detstats,busi_c9ddf3ff26,busi,breast,,1,1,,,,,,,,0.0,0.0,
seg_refiner,busi_c9ddf3ff26,busi,breast,0.8739186525344849,1,1,0.9327178015533859,0.8739186345569324,17.642068430849573,7.209026954581984,0.12996996918406467,0.09622122369801461,7.002172470092773,,,6.704763889312744
seg_refiner__detstats,busi_c9ddf3ff26,busi,breast,,1,1,,,,,,,,0.0,0.0,
refiner,busi_c9ddf3ff26,busi,breast,0.8128728270530701,1,1,0.8967786412634745,0.8128728057717435,38.245900986993604,10.696112060816924,0.19828326180257508,0.10495061264078862,10.269632339477539,,,23.17715072631836
refiner__detstats,busi_c9ddf3ff26,busi,breast,,1,1,,,,,,,,0.0,0.0,
rough_otsu,busi_c9ddf3ff26,busi,breast,0.6891271471977234,1,1,0.8159565012809118,0.6891271327139779,49.64876634922564,18.371421544754046,0.0987537948303418,0.10694986044854411,23.199066162109375,,,23.199066162109375
rough_otsu__detstats,busi_c9ddf3ff26,busi,breast,,1,1,,,,,,,,0.0,0.0,
refiner_box,busi_c9ddf3ff26,busi,breast,0.8861767053604126,1,1,0.9396539540893581,0.8861766945925362,14.317821063276353,6.432601246404732,0.2419134798102843,0.03911399671410756,6.621809482574463,,,20.027109146118164
refiner_box__detstats,busi_c9ddf3ff26,busi,breast,,1,1,,,,,,,,0.0,0.0,
refiner_gtbox,busi_c9ddf3ff26,busi,breast,0.811090350151062,1,1,0.895692858125774,0.8110903426791277,27.825321002177443,10.358529938734755,0.2005797580566167,0.013856172925038105,11.796987533569336,,,22.25844383239746
refiner_gtbox__detstats,busi_c9ddf3ff26,busi,breast,,1,1,,,,,,,,0.0,0.0,
rough_otsu_gtbox,busi_c9ddf3ff26,busi,breast,0.7011798620223999,1,1,0.8243453757082048,0.7011798862312847,51.62363799656123,16.45055775793142,0.16818201871362853,0.005047605851263881,22.299348831176758,,,22.299348831176758
rough_otsu_gtbox__detstats,busi_c9ddf3ff26,busi,breast,,1,1,,,,,,,,0.0,0.0,
yolo26n_seg,busi_086f5ac9a7,busi,breast,0.7766866683959961,1,2,0.8743091003413669,0.7766866558186639,67.87188299741311,19.118212278550672,0.13264646286238552,0.0651928772351578,24.000181198120117,,,
yolo26n_seg__detstats,busi_086f5ac9a7,busi,breast,,1,2,,,,,,,,0.0,1.0,
seg_refiner,busi_086f5ac9a7,busi,breast,0.7166324853897095,1,2,0.8349282628925402,0.7166324924896286,45.349751607083974,18.815718273010994,0.13050592832386354,0.21561605472186768,20.123878479003906,,,27.94510269165039
seg_refiner__detstats,busi_086f5ac9a7,busi,breast,,1,2,,,,,,,,0.0,1.0,
refiner,busi_086f5ac9a7,busi,breast,0.0,1,1,0.0,0.0,,,0.0,,,,,
refiner__detstats,busi_086f5ac9a7,busi,breast,,1,1,,,,,,,,1.0,1.0,
rough_otsu,busi_086f5ac9a7,busi,breast,0.0,1,1,0.0,0.0,,,0.0,,,,,
rough_otsu__detstats,busi_086f5ac9a7,busi,breast,,1,1,,,,,,,,1.0,1.0,
refiner_box,busi_086f5ac9a7,busi,breast,0.5035629868507385,1,1,0.6698262734251174,0.5035630008644658,111.58221767809029,41.16738188380076,0.03706397306397306,0.4050855648768882,33.48862838745117,,,43.7047119140625
refiner_box__detstats,busi_086f5ac9a7,busi,breast,,1,1,,,,,,,,0.0,0.0,
refiner_gtbox,busi_086f5ac9a7,busi,breast,0.8296540975570679,1,1,0.9068972216825335,0.8296541182325549,41.0,12.720258715796852,0.15940749426635167,0.08659339025266732,11.86037826538086,,,21.972972869873047
refiner_gtbox__detstats,busi_086f5ac9a7,busi,breast,,1,1,,,,,,,,0.0,0.0,
rough_otsu_gtbox,busi_086f5ac9a7,busi,breast,0.702968418598175,1,1,0.8255800941315867,0.7029684101966236,77.0,23.2185274935259,0.11222933821286978,0.11751074982341789,22.078826904296875,,,22.078826904296875
rough_otsu_gtbox__detstats,busi_086f5ac9a7,busi,breast,,1,1,,,,,,,,0.0,0.0,
yolo26n_seg,busi_55fa62f005,busi,breast,0.732663631439209,1,1,0.8457078735739667,0.7326636422553467,18.21162697096761,7.194134373170748,0.2021823180685626,0.2641019397776155,6.030670642852783,,,
yolo26n_seg__detstats,busi_55fa62f005,busi,breast,,1,1,,,,,,,,0.0,0.0,
seg_refiner,busi_55fa62f005,busi,breast,0.7223256826400757,1,1,0.8387794442616013,0.7223256943882096,23.668266021971565,7.6925261377295335,0.20347952407304923,0.2737602467332197,6.0201921463012695,,,6.103243350982666
seg_refiner__detstats,busi_55fa62f005,busi,breast,,1,1,,,,,,,,0.0,0.0,
refiner,busi_55fa62f005,busi,breast,0.6851851940155029,1,1,0.8131868131868132,0.6851851851851852,23.79789213517281,8.575210649673469,0.16872916666666668,0.3086600113627141,7.309779167175293,,,9.881447792053223
refiner__detstats,busi_55fa62f005,busi,breast,,1,1,,,,,,,,0.0,0.0,
rough_otsu,busi_55fa62f005,busi,breast,0.6030973792076111,1,1,0.7524151535076627,0.6030973810102975,21.0427367810254,10.685751244492781,0.04597701149425287,0.39534128723317913,9.82435417175293,,,9.82435417175293
rough_otsu__detstats,busi_55fa62f005,busi,breast,,1,1,,,,,,,,0.0,0.0,
refiner_box,busi_55fa62f005,busi,breast,0.7335202097892761,1,1,0.846278242387839,0.733520224269123,19.161020201586712,7.252970512111148,0.2135451991086135,0.24340556772989205,5.779674530029297,,,7.435839653015137
refiner_box__detstats,busi_55fa62f005,busi,breast,,1,1,,,,,,,,0.0,0.0,
refiner_gtbox,busi_55fa62f005,busi,breast,0.6974868774414062,1,1,0.8217876579651324,0.6974868864010021,18.800244433464517,7.711631625655339,0.2097270675148779,0.24024024024024024,8.072765350341797,,,11.87022590637207
refiner_gtbox__detstats,busi_55fa62f005,busi,breast,,1,1,,,,,,,,0.0,0.0,
rough_otsu_gtbox,busi_55fa62f005,busi,breast,0.5718388557434082,1,1,0.7276049518066785,0.5718388741293889,33.24154027718932,10.31978112592216,0.14262065452693237,0.22327733138543948,11.847508430480957,,,11.847508430480957
rough_otsu_gtbox__detstats,busi_55fa62f005,busi,breast,,1,1,,,,,,,,0.0,0.0,
yolo26n_seg,busi_f8c677f4cb,busi,breast,0.8108237385749817,1,1,0.8955302829939169,0.810823754789272,8.764151235892408,3.250075956764502,0.41855826764175136,0.1609922178988327,3.5907585620880127,,,
yolo26n_seg__detstats,busi_f8c677f4cb,busi,breast,,1,1,,,,,,,,0.0,0.0,
seg_refiner,busi_f8c677f4cb,busi,breast,0.7847609519958496,1,1,0.8794017675050986,0.7847609803445765,9.433981132056603,3.6525212409175403,0.32,0.21133268482490272,3.48905873298645,,,3.1229665279388428
seg_refiner__detstats,busi_f8c677f4cb,busi,breast,,1,1,,,,,,,,0.0,0.0,
refiner,busi_f8c677f4cb,busi,breast,0.7149805426597595,1,1,0.8338060124787294,0.7149805447470817,10.770329614269007,4.898355307246557,0.15467625899280577,0.2850194552529183,5.124979019165039,,,5.167910099029541
refiner__detstats,busi_f8c677f4cb,busi,breast,,1,1,,,,,,,,0.0,0.0,
rough_otsu,busi_f8c677f4cb,busi,breast,0.7063100934028625,1,1,0.8278801209788287,0.706310110250997,12.041594578792296,4.917336085528853,0.24582694316641107,0.23103112840466927,5.19966983795166,,,5.19966983795166
rough_otsu__detstats,busi_f8c677f4cb,busi,breast,,1,1,,,,,,,,0.0,0.0,
refiner_box,busi_f8c677f4cb,busi,breast,0.7294603586196899,1,1,0.8435699226985243,0.7294603791929996,10.816653826391969,4.685828185547955,0.15384615384615383,0.2696984435797665,4.537395477294922,,,3.2022714614868164
refiner_box__detstats,busi_f8c677f4cb,busi,breast,,1,1,,,,,,,,0.0,0.0,
refiner_gtbox,busi_f8c677f4cb,busi,breast,0.7987390756607056,1,1,0.8881100026961445,0.7987390882638216,9.894431223130107,3.2665468303811482,0.4646475591916346,0.19601167315175097,3.3208553791046143,,,5.834578514099121
refiner_gtbox__detstats,busi_f8c677f4cb,busi,breast,,1,1,,,,,,,,0.0,0.0,
rough_otsu_gtbox,busi_f8c677f4cb,busi,breast,0.7095896005630493,1,1,0.8301285976729945,0.7095896147403685,11.193676748647533,5.1661749543137345,0.1975011132357178,0.014348249027237353,5.8386616706848145,,,5.8386616706848145
rough_otsu_gtbox__detstats,busi_f8c677f4cb,busi,breast,,1,1,,,,,,,,0.0,0.0,
yolo26n_seg,busi_60618b0cf0,busi,breast,0.7192129492759705,1,2,0.836676962156857,0.7192129227562591,62.433783874223494,15.234908628967766,0.17890198218099795,0.019646709030490293,16.022281646728516,,,
yolo26n_seg__detstats,busi_60618b0cf0,busi,breast,,1,2,,,,,,,,0.0,1.0,
seg_refiner,busi_60618b0cf0,busi,breast,0.7038766145706177,1,2,0.8262060784092193,0.7038766032196742,77.0,19.541484744735172,0.1979878770113378,0.06401212615868944,21.29869842529297,,,20.378963470458984
seg_refiner__detstats,busi_60618b0cf0,busi,breast,,1,2,,,,,,,,0.0,1.0,
refiner,busi_60618b0cf0,busi,breast,0.0,1,0,0.0,0.0,,,0.0,,,,,
refiner__detstats,busi_60618b0cf0,busi,breast,,1,0,,,,,,,,1.0,0.0,
rough_otsu,busi_60618b0cf0,busi,breast,0.0,1,0,0.0,0.0,,,0.0,,,,,
rough_otsu__detstats,busi_60618b0cf0,busi,breast,,1,0,,,,,,,,1.0,0.0,
refiner_gtbox,busi_60618b0cf0,busi,breast,0.8097758889198303,1,1,0.8948907834961728,0.8097758756616736,25.0,9.54924108916699,0.29715612304120714,0.12639188480149244,11.15860366821289,,,13.465333938598633
refiner_gtbox__detstats,busi_60618b0cf0,busi,breast,,1,1,,,,,,,,0.0,0.0,
rough_otsu_gtbox,busi_60618b0cf0,busi,breast,0.7643783688545227,1,1,0.8664562732309419,0.7643783409225896,36.0,12.440880989896558,0.18868591215858097,0.07820789366291611,13.490274429321289,,,13.490274429321289
rough_otsu_gtbox__detstats,busi_60618b0cf0,busi,breast,,1,1,,,,,,,,0.0,0.0,
yolo26n_seg,busi_93193f654b,busi,breast,0.8944287896156311,1,1,0.9442728041668521,0.8944287955200971,19.005259518088085,6.161608350026623,0.31706299541093036,0.06533572191407999,6.072667598724365,,,
yolo26n_seg__detstats,busi_93193f654b,busi,breast,,1,1,,,,,,,,0.0,0.0,
seg_refiner,busi_93193f654b,busi,breast,0.8737940192222595,1,1,0.9326468331161993,0.8737940374872507,21.92257394629934,7.645101242119708,0.219205847028621,0.06962483205291625,7.730486869812012,,,6.277754783630371
seg_refiner__detstats,busi_93193f654b,busi,breast,,1,1,,,,,,,,0.0,0.0,
refiner,busi_93193f654b,busi,breast,0.8196848630905151,1,1,0.9009085773031648,0.8196848403134743,31.0620329192443,10.534937492312014,0.18750670185645746,0.14016260722775348,9.57778263092041,,,17.61762237548828
refiner__detstats,busi_93193f654b,busi,breast,,1,1,,,,,,,,0.0,0.0,
rough_otsu,busi_93193f654b,busi,breast,0.7760754227638245,1,1,0.8739217050642926,0.776075437200562,44.00965784393116,14.99160746027267,0.25580438733058064,0.1928721535122472,17.614416122436523,,,17.614416122436523
rough_otsu__detstats,busi_93193f654b,busi,breast,,1,1,,,,,,,,0.0,0.0,
refiner_box,busi_93193f654b,busi,breast,0.8054655194282532,1,1,0.8922524558493867,0.8054655237656505,38.3275357934736,12.328135276731429,0.15802800573537937,0.10972542804974679,10.68719482421875,,,21.620561599731445
refiner_box__detstats,busi_93193f654b,busi,breast,,1,1,,,,,,,,0.0,0.0,
refiner_gtbox,busi_93193f654b,busi,breast,0.8415495753288269,1,1,0.9139581084390903,0.8415495898832295,25.0,9.273412066941436,0.17788319003854136,0.10112998243015124,9.655370712280273,,,19.292449951171875
refiner_gtbox__detstats,busi_93193f654b,busi,breast,,1,1,,,,,,,,0.0,0.0,
rough_otsu_gtbox,busi_93193f654b,busi,breast,0.770216166973114,1,1,0.870194465563199,0.770216146973456,49.70101349037904,13.770703844319915,0.25509106678230703,0.11949219692010886,19.0150146484375,,,19.0150146484375
rough_otsu_gtbox__detstats,busi_93193f654b,busi,breast,,1,1,,,,,,,,0.0,0.0,
yolo26n_seg,busi_7dcb196d66,busi,breast,0.8927891254425049,1,1,0.9433582424315364,0.892789098740888,40.0,9.838530554333452,0.17483379050629969,0.006651836343016662,10.238192558288574,,,
yolo26n_seg__detstats,busi_7dcb196d66,busi,breast,,1,1,,,,,,,,0.0,0.0,
seg_refiner,busi_7dcb196d66,busi,breast,0.8206980228424072,1,1,0.9015201936166994,0.8206980122692629,56.85068161420758,17.7481917865139,0.09116022099447513,0.07758294803570909,15.808344841003418,,,10.095518112182617
seg_refiner__detstats,busi_7dcb196d66,busi,breast,,1,1,,,,,,,,0.0,0.0,
refiner,busi_7dcb196d66,busi,breast,0.8318994045257568,1,1,0.9082369839441387,0.8318993871263979,53.68425727919021,16.731974621028243,0.10616771008028661,0.04475268254383669,15.681168556213379,,,28.324752807617188
refiner__detstats,busi_7dcb196d66,busi,breast,,1,1,,,,,,,,0.0,0.0,
rough_otsu,busi_7dcb196d66,busi,breast,0.7667762041091919,1,1,0.8679947069132006,0.7667761910779729,72.45958977831408,22.51943627269604,0.12530759989635434,0.032699409694960595,28.487442016601562,,,28.487442016601562
rough_otsu__detstats,busi_7dcb196d66,busi,breast,,1,1,,,,,,,,0.0,0.0,
refiner_box,busi_7dcb196d66,busi,breast,0.8325680494308472,1,1,0.908635336266361,0.8325680374860702,35.70573664772802,16.28989613486202,0.07944585053949647,0.015477332868068277,16.37396240234375,,,35.805519104003906
refiner_box__detstats,busi_7dcb196d66,busi,breast,,1,1,,,,,,,,0.0,0.0,
refiner_gtbox,busi_7dcb196d66,busi,breast,0.883916437625885,1,1,0.9383817983075263,0.883916455851568,31.0,10.924429814626553,0.1768506296954239,0.008505626799267207,11.635127067565918,,,27.050384521484375
refiner_gtbox__detstats,busi_7dcb196d66,busi,breast,,1,1,,,,,,,,0.0,0.0,
rough_otsu_gtbox,busi_7dcb196d66,busi,breast,0.7842762470245361,1,1,0.8790973357784627,0.7842762479193433,70.139073172009,20.772613900138666,0.16956312333024665,0.04949984006513711,26.938507080078125,,,26.938507080078125
rough_otsu_gtbox__detstats,busi_7dcb196d66,busi,breast,,1,1,,,,,,,,0.0,0.0,
yolo26n_seg,busi_9289e3083c,busi,breast,0.6763052940368652,1,1,0.8068999146653664,0.6763053029528967,16.83949263969194,8.140360787813538,0.06529370465714954,0.29353026835864365,6.519624710083008,,,
yolo26n_seg__detstats,busi_9289e3083c,busi,breast,,1,1,,,,,,,,0.0,0.0,
seg_refiner,busi_9289e3083c,busi,breast,0.6214329600334167,1,1,0.7665231704228919,0.6214329706425785,20.0,9.700542763484764,0.07863383637807785,0.35697940503432496,8.85759162902832,,,7.563553810119629
seg_refiner__detstats,busi_9289e3083c,busi,breast,,1,1,,,,,,,,0.0,0.0,
refiner,busi_9289e3083c,busi,breast,0.6368789672851562,1,1,0.7781625842201373,0.6368789940218512,19.0,9.181827069628062,0.08757403093159681,0.3481381318909923,8.234416961669922,,,11.931803703308105
refiner__detstats,busi_9289e3083c,busi,breast,,1,1,,,,,,,,0.0,0.0,
rough_otsu,busi_9289e3083c,busi,breast,0.532982349395752,1,1,0.6953535353535354,0.5329823474759987,23.323807579381203,12.116169844018113,0.097837646224743,0.45537757437070936,11.934730529785156,,,11.934730529785156
rough_otsu__detstats,busi_9289e3083c,busi,breast,,1,1,,,,,,,,0.0,0.0,
refiner_box,busi_9289e3083c,busi,breast,0.6752609014511108,1,1,0.8061561011359473,0.6752608962553714,20.23980882101062,8.061761269731992,0.15009547190398254,0.29685874765966297,7.234015464782715,,,8.935266494750977
refiner_box__detstats,busi_9289e3083c,busi,breast,,1,1,,,,,,,,0.0,0.0,
refiner_gtbox,busi_9289e3083c,busi,breast,0.7221938371658325,1,1,0.8386905467916024,0.7221938514962721,16.0,6.598446672583519,0.20429860951864745,0.24609943831911796,6.263850212097168,,,10.34005069732666
refiner_gtbox__detstats,busi_9289e3083c,busi,breast,,1,1,,,,,,,,0.0,0.0,
rough_otsu_gtbox,busi_9289e3083c,busi,breast,0.5707527995109558,1,1,0.7267251538562263,0.5707527766351296,23.0,10.30941210329151,0.17860441488870415,0.41127522363220304,10.341608047485352,,,10.341608047485352
rough_otsu_gtbox__detstats,busi_9289e3083c,busi,breast,,1,1,,,,,,,,0.0,0.0,
yolo26n_seg,busi_6ecd547c0d,busi,breast,0.8457425236701965,1,1,0.9164252424738633,0.8457425167102587,25.0,6.735649058442398,0.29334677419354843,0.10026322086623594,6.018585681915283,,,
yolo26n_seg__detstats,busi_6ecd547c0d,busi,breast,,1,1,,,,,,,,0.0,0.0,
seg_refiner,busi_6ecd547c0d,busi,breast,0.8213949203491211,1,1,0.901940499702185,0.8213949239158364,24.351591323771842,8.064620453328315,0.2022896042931425,0.09170854271356783,6.981574058532715,,,5.87050724029541
seg_refiner__detstats,busi_6ecd547c0d,busi,breast,,1,1,,,,,,,,0.0,0.0,
refiner,busi_6ecd547c0d,busi,breast,0.7804176211357117,1,1,0.8766680648117942,0.7804176462453326,25.079872407968907,9.845600025150326,0.15485887604137694,0.07456927494615936,8.861479759216309,,,16.561939239501953
refiner__detstats,busi_6ecd547c0d,busi,breast,,1,1,,,,,,,,0.0,0.0,
rough_otsu,busi_6ecd547c0d,busi,breast,0.6419301629066467,1,1,0.7819213802863553,0.6419301411514597,39.0,15.182208987376507,0.06660739601605113,0.01325077769801388,16.660350799560547,,,16.660350799560547
rough_otsu__detstats,busi_6ecd547c0d,busi,breast,,1,1,,,,,,,,0.0,0.0,
refiner_box,busi_6ecd547c0d,busi,breast,0.779627799987793,1,1,0.876169510181618,0.7796278158667973,29.0,10.7314113367956,0.15634837701616225,0.06526681024168461,9.61971664428711,,,25.176172256469727
refiner_box__detstats,busi_6ecd547c0d,busi,breast,,1,1,,,,,,,,0.0,0.0,
refiner_gtbox,busi_6ecd547c0d,busi,breast,0.7726904153823853,1,1,0.87177142136302,0.7726904262753319,25.65577600164454,9.92563843775303,0.17759736141063048,0.10307489830102895,9.159049987792969,,,16.160791397094727
refiner_gtbox__detstats,busi_6ecd547c0d,busi,breast,,1,1,,,,,,,,0.0,0.0,
rough_otsu_gtbox,busi_6ecd547c0d,busi,breast,0.6490375995635986,1,1,0.7871713889016035,0.6490376147943138,36.85020920410528,14.753645078127665,0.06962161184991017,0.03957286432160804,16.14453887939453,,,16.14453887939453
rough_otsu_gtbox__detstats,busi_6ecd547c0d,busi,breast,,1,1,,,,,,,,0.0,0.0,
yolo26n_seg,busi_074ac11fc4,busi,breast,0.0,1,0,0.0,0.0,,,0.0,,,,,
yolo26n_seg__detstats,busi_074ac11fc4,busi,breast,,1,0,,,,,,,,1.0,0.0,
seg_refiner,busi_074ac11fc4,busi,breast,0.0,1,0,0.0,0.0,,,0.0,,,,,
seg_refiner__detstats,busi_074ac11fc4,busi,breast,,1,0,,,,,,,,1.0,0.0,
refiner,busi_074ac11fc4,busi,breast,0.0,1,2,0.0,0.0,,,0.0,,,,,
refiner__detstats,busi_074ac11fc4,busi,breast,,1,2,,,,,,,,1.0,2.0,
rough_otsu,busi_074ac11fc4,busi,breast,0.0,1,2,0.0,0.0,,,0.0,,,,,
rough_otsu__detstats,busi_074ac11fc4,busi,breast,,1,2,,,,,,,,1.0,2.0,
refiner_box,busi_074ac11fc4,busi,breast,0.0,1,2,0.0,0.0,,,0.0,,,,,
refiner_box__detstats,busi_074ac11fc4,busi,breast,,1,2,,,,,,,,1.0,2.0,
refiner_gtbox,busi_074ac11fc4,busi,breast,0.8449344635009766,1,1,0.9159506673853081,0.8449344875994385,14.866068747318506,4.565340218583124,0.37088354256763373,0.10469771787001202,5.177477836608887,,,6.431550025939941
refiner_gtbox__detstats,busi_074ac11fc4,busi,breast,,1,1,,,,,,,,0.0,0.0,
rough_otsu_gtbox,busi_074ac11fc4,busi,breast,0.8280386924743652,1,1,0.9059312674592347,0.8280387150406745,14.679168570639039,4.790423451155703,0.3453703987784357,0.05431736287201388,6.430611610412598,,,6.430611610412598
rough_otsu_gtbox__detstats,busi_074ac11fc4,busi,breast,,1,1,,,,,,,,0.0,0.0,
yolo26n_seg,busi_a3204ccbe7,busi,breast,0.7715036273002625,1,1,0.87101555918141,0.7715035988891618,35.34402308718114,11.604039484258163,0.122179371219643,0.023281405083502352,11.409886360168457,,,
yolo26n_seg__detstats,busi_a3204ccbe7,busi,breast,,1,1,,,,,,,,0.0,0.0,
seg_refiner,busi_a3204ccbe7,busi,breast,0.748744010925293,1,1,0.8563220340900094,0.7487440167728154,64.38281773540609,14.060172446880248,0.17910804158554058,0.09232727743494584,10.243976593017578,,,11.253525733947754
seg_refiner__detstats,busi_a3204ccbe7,busi,breast,,1,1,,,,,,,,0.0,0.0,
refiner,busi_a3204ccbe7,busi,breast,0.7514007687568665,1,1,0.8580569119380367,0.7514007667354763,37.94733192202055,14.776905538568517,0.10754094631483167,0.05031717947611444,12.788060188293457,,,24.93198013305664
refiner__detstats,busi_a3204ccbe7,busi,breast,,1,1,,,,,,,,0.0,0.0,
rough_otsu,busi_a3204ccbe7,busi,breast,0.6335915923118591,1,1,0.7757037911445104,0.6335915977961433,53.122469875497416,20.865614178410723,0.06482761096254286,0.04718853838518966,24.951114654541016,,,24.951114654541016
rough_otsu__detstats,busi_a3204ccbe7,busi,breast,,1,1,,,,,,,,0.0,0.0,
refiner_box,busi_a3204ccbe7,busi,breast,0.7408096790313721,1,1,0.8511093117408907,0.7408096526838069,54.56189146281496,15.5153232737124,0.13761872271566325,0.001445647952358348,12.403892517089844,,,39.576255798339844
refiner_box__detstats,busi_a3204ccbe7,busi,breast,,1,1,,,,,,,,0.0,0.0,
refiner_gtbox,busi_a3204ccbe7,busi,breast,0.7478550672531128,1,1,0.8557403592912555,0.7478550574074406,30.157825414322296,15.091530300715098,0.060243786607566886,0.10548914685193976,14.601363182067871,,,24.48238754272461
refiner_gtbox__detstats,busi_a3204ccbe7,busi,breast,,1,1,,,,,,,,0.0,0.0,
rough_otsu_gtbox,busi_a3204ccbe7,busi,breast,0.6260078549385071,1,1,0.7699936504096998,0.626007866273353,61.36158975024781,20.518355543272975,0.13997231299196755,0.14083200276183488,24.419113159179688,,,24.419113159179688
rough_otsu_gtbox__detstats,busi_a3204ccbe7,busi,breast,,1,1,,,,,,,,0.0,0.0,
yolo26n_seg,busi_e760baac79,busi,breast,0.7704252004623413,1,3,0.870327868852459,0.7704251922797852,11.0,4.294057416995174,0.3689482470784641,0.10127454357561144,4.186699390411377,,,
yolo26n_seg__detstats,busi_e760baac79,busi,breast,,1,3,,,,,,,,0.0,2.0,
seg_refiner,busi_e760baac79,busi,breast,0.7868973612785339,1,3,0.8807415376975917,0.7868973676427092,12.858989225842468,4.373641123174801,0.3022432113341204,0.08112297623148466,3.648822546005249,,,4.193332195281982
seg_refiner__detstats,busi_e760baac79,busi,breast,,1,3,,,,,,,,0.0,2.0,
refiner,busi_e760baac79,busi,breast,0.7660430073738098,1,2,0.8675247351370283,0.7660429874748724,20.007827120545297,5.207501292859245,0.3328228148930552,0.03289700310024113,4.085378646850586,,,3.8817694187164307
refiner__detstats,busi_e760baac79,busi,breast,,1,2,,,,,,,,0.0,1.0,
rough_otsu,busi_e760baac79,busi,breast,0.7914532423019409,1,2,0.8835879567586885,0.7914532650448144,12.529964086141668,3.6458188731267205,0.43125446873646783,0.07216672407853944,3.8421192169189453,,,3.8421192169189453
rough_otsu__detstats,busi_e760baac79,busi,breast,,1,2,,,,,,,,0.0,1.0,
refiner_box,busi_e760baac79,busi,breast,0.7991099953651428,1,2,0.888339222614841,0.7991099809281628,20.124228365658293,4.40445539635673,0.41852690087846617,0.050292800551153975,3.0370779037475586,,,7.925005912780762
refiner_box__detstats,busi_e760baac79,busi,breast,,1,2,,,,,,,,0.0,1.0,
refiner_gtbox,busi_e760baac79,busi,breast,0.7658352255821228,1,1,0.8673914904545844,0.7658352229780802,11.40175425099138,4.5462845193618495,0.36020674866219543,0.011884257664485016,4.665377616882324,,,3.572347640991211
refiner_gtbox__detstats,busi_e760baac79,busi,breast,,1,1,,,,,,,,0.0,0.0,
rough_otsu_gtbox,busi_e760baac79,busi,breast,0.7981874346733093,1,1,0.8877688776887769,0.798187408965852,9.041538853603063,3.0443990900968987,0.4551478731322961,0.08629004478126076,3.6211681365966797,,,3.6211681365966797
rough_otsu_gtbox__detstats,busi_e760baac79,busi,breast,,1,1,,,,,,,,0.0,0.0,
yolo26n_seg,busi_d7a8d6043b,busi,breast,0.815435528755188,1,1,0.8983359955727168,0.8154355520036534,39.99123077517395,8.469580996991425,0.270864728918547,0.1685304385773511,11.114507675170898,,,
yolo26n_seg__detstats,busi_d7a8d6043b,busi,breast,,1,1,,,,,,,,0.0,0.0,
seg_refiner,busi_d7a8d6043b,busi,breast,0.7468869090080261,1,1,0.8551062076870724,0.7468869282272699,38.47271732630944,12.721483228213982,0.14313109306131463,0.2842843115862972,12.84831714630127,,,10.517967224121094
seg_refiner__detstats,busi_d7a8d6043b,busi,breast,,1,1,,,,,,,,0.0,0.0,
refiner,busi_d7a8d6043b,busi,breast,0.6809232234954834,1,1,0.8101776594150267,0.6809232200302314,52.72468858187032,17.828593458697064,0.1478998001771625,0.36578114771983417,17.194196701049805,,,45.68222427368164
refiner__detstats,busi_d7a8d6043b,busi,breast,,1,1,,,,,,,,0.0,0.0,
rough_otsu,busi_d7a8d6043b,busi,breast,0.0,1,1,0.0,0.0,,,0.0,,,,,
rough_otsu__detstats,busi_d7a8d6043b,busi,breast,,1,1,,,,,,,,1.0,1.0,
refiner_box,busi_d7a8d6043b,busi,breast,0.6810557842254639,1,1,0.8102714667461838,0.681055756921416,53.881318457076006,17.827190978007742,0.12698787235265466,0.3781638664630155,17.20160675048828,,,45.76969909667969
refiner_box__detstats,busi_d7a8d6043b,busi,breast,,1,1,,,,,,,,0.0,0.0,
refiner_gtbox,busi_d7a8d6043b,busi,breast,0.7256226539611816,1,1,0.8409980672976857,0.725622661678247,46.51881339845203,12.504049101703972,0.1941181193793853,0.20150556404102116,16.094057083129883,,,24.11284637451172
refiner_gtbox__detstats,busi_d7a8d6043b,busi,breast,,1,1,,,,,,,,0.0,0.0,
rough_otsu_gtbox,busi_d7a8d6043b,busi,breast,0.6519479155540466,1,1,0.7893080975804639,0.6519479448099491,83.37013551961567,16.738304255123268,0.16486005707777168,0.18464979271219725,23.850162506103516,,,23.850162506103516
rough_otsu_gtbox__detstats,busi_d7a8d6043b,busi,breast,,1,1,,,,,,,,0.0,0.0,
yolo26n_seg,busi_bd0084d2eb,busi,breast,0.6977204084396362,1,2,0.8219497412466782,0.6977204369162577,22.80350850198276,7.524407023163938,0.20670028458734835,0.24073162729658792,7.483593463897705,,,
yolo26n_seg__detstats,busi_bd0084d2eb,busi,breast,,1,2,,,,,,,,0.0,1.0,
seg_refiner,busi_bd0084d2eb,busi,breast,0.5791124105453491,1,2,0.7334657094852605,0.5791123974915581,34.132096331752024,12.00153245266896,0.06189213085764809,0.3890255905511811,9.706192016601562,,,7.242432117462158
seg_refiner__detstats,busi_bd0084d2eb,busi,breast,,1,2,,,,,,,,0.0,1.0,
refiner,busi_bd0084d2eb,busi,breast,0.0,1,0,0.0,0.0,,,0.0,,,,,
refiner__detstats,busi_bd0084d2eb,busi,breast,,1,0,,,,,,,,1.0,0.0,
rough_otsu,busi_bd0084d2eb,busi,breast,0.0,1,0,0.0,0.0,,,0.0,,,,,
rough_otsu__detstats,busi_bd0084d2eb,busi,breast,,1,0,,,,,,,,1.0,0.0,
refiner_gtbox,busi_bd0084d2eb,busi,breast,0.6895215511322021,1,1,0.8162329151844224,0.6895215500197707,25.97279220613581,8.595859106364735,0.19097149989598503,0.2477034120734908,6.898032188415527,,,11.295549392700195
refiner_gtbox__detstats,busi_bd0084d2eb,busi,breast,,1,1,,,,,,,,0.0,0.0,
rough_otsu_gtbox,busi_bd0084d2eb,busi,breast,0.5986693501472473,1,1,0.7489595471949393,0.5986693280106454,32.664933784537446,11.142733837127544,0.16521137337475889,0.0291994750656168,11.317142486572266,,,11.317142486572266
rough_otsu_gtbox__detstats,busi_bd0084d2eb,busi,breast,,1,1,,,,,,,,0.0,0.0,
yolo26n_seg,busi_1b904e1d39,busi,breast,0.770549476146698,1,1,0.870407181789035,0.7705495004541326,21.213203435596427,7.160468522379659,0.2379851478212134,0.2521481695429273,6.665374279022217,,,
yolo26n_seg__detstats,busi_1b904e1d39,busi,breast,,1,1,,,,,,,,0.0,0.0,
seg_refiner,busi_1b904e1d39,busi,breast,0.782099723815918,1,1,0.8777283612726651,0.7820997439336667,15.77321051103617,6.50108828385579,0.21822752985543684,0.11062170553830601,6.720125198364258,,,7.458014488220215
seg_refiner__detstats,busi_1b904e1d39,busi,breast,,1,1,,,,,,,,0.0,0.0,
refiner,busi_1b904e1d39,busi,breast,0.7221682667732239,1,1,0.838673285198556,0.7221682533514668,23.133671742436388,7.873611140031887,0.16435035097116116,0.07986136183117915,6.671278953552246,,,6.9111833572387695
refiner__detstats,busi_1b904e1d39,busi,breast,,1,1,,,,,,,,0.0,0.0,
rough_otsu,busi_1b904e1d39,busi,breast,0.7048421502113342,1,1,0.8268708509354254,0.7048421323387564,20.248456731316587,7.330116161793656,0.29606288061181135,0.08563795219871471,6.867020606994629,,,6.867020606994629
rough_otsu__detstats,busi_1b904e1d39,busi,breast,,1,1,,,,,,,,0.0,0.0,
refiner_box,busi_1b904e1d39,busi,breast,0.6492548584938049,1,1,0.7873311317922546,0.6492548398276972,39.60352640980056,12.49688867802838,0.12941891071067016,0.40522781428261967,11.307207107543945,,,30.61514663696289
refiner_box__detstats,busi_1b904e1d39,busi,breast,,1,1,,,,,,,,0.0,0.0,
refiner_gtbox,busi_1b904e1d39,busi,breast,0.6743238568305969,1,1,0.805487975112671,0.6743238731218698,26.533091890507464,9.331209483152316,0.16026022815778623,0.18954437143476063,8.206198692321777,,,5.140373229980469
refiner_gtbox__detstats,busi_1b904e1d39,busi,breast,,1,1,,,,,,,,0.0,0.0,
rough_otsu_gtbox,busi_1b904e1d39,busi,breast,0.7322187423706055,1,1,0.8454113924050632,0.7322187200219268,24.99882979369883,6.782157040431275,0.37232524964336655,0.17459744385876236,5.171902179718018,,,5.171902179718018
rough_otsu_gtbox__detstats,busi_1b904e1d39,busi,breast,,1,1,,,,,,,,0.0,0.0,
yolo26n_seg,busi_0cc200cd76,busi,breast,0.0,1,1,0.0,0.0,,,0.0,,,,,
yolo26n_seg__detstats,busi_0cc200cd76,busi,breast,,1,1,,,,,,,,1.0,1.0,
seg_refiner,busi_0cc200cd76,busi,breast,0.0,1,1,0.0,0.0,,,0.0,,,,,
seg_refiner__detstats,busi_0cc200cd76,busi,breast,,1,1,,,,,,,,1.0,1.0,
refiner,busi_0cc200cd76,busi,breast,0.5828648805618286,1,1,0.736468261104118,0.5828648687113072,38.94159939584683,17.5383308253039,0.07659243644083634,0.19008861174926156,21.514301300048828,,,35.86116409301758
refiner__detstats,busi_0cc200cd76,busi,breast,,1,1,,,,,,,,0.0,0.0,
rough_otsu,busi_0cc200cd76,busi,breast,0.0,1,1,0.0,0.0,,,0.0,,,,,
rough_otsu__detstats,busi_0cc200cd76,busi,breast,,1,1,,,,,,,,1.0,1.0,
refiner_box,busi_0cc200cd76,busi,breast,0.5048094987869263,1,1,0.6709281279354824,0.5048095156007585,74.41102068914255,33.2560833720631,0.09451339360925479,0.8649163111256974,37.03456115722656,,,50.907291412353516
refiner_box__detstats,busi_0cc200cd76,busi,breast,,1,1,,,,,,,,0.0,0.0,
refiner_gtbox,busi_0cc200cd76,busi,breast,0.5266228318214417,1,1,0.6899187052785375,0.5266228195596225,43.829214001622255,20.437525035416876,0.031434184675834975,0.24791598293403347,21.226463317871094,,,25.11134910583496
refiner_gtbox__detstats,busi_0cc200cd76,busi,breast,,1,1,,,,,,,,0.0,0.0,
rough_otsu_gtbox,busi_0cc200cd76,busi,breast,0.0,1,1,0.0,0.0,,,0.0,,,,,
rough_otsu_gtbox__detstats,busi_0cc200cd76,busi,breast,,1,1,,,,,,,,1.0,1.0,
yolo26n_seg,busi_bad20acd54,busi,breast,0.8418232798576355,1,1,0.9141195055289486,0.8418233039301714,17.72004514666935,5.774289536629505,0.2975057944442523,0.09491735931976689,6.097801685333252,,,
yolo26n_seg__detstats,busi_bad20acd54,busi,breast,,1,1,,,,,,,,0.0,0.0,
seg_refiner,busi_bad20acd54,busi,breast,0.8333255052566528,1,1,0.9090862501921796,0.8333255038286278,18.788294228055936,6.067807920783782,0.31534102490929106,0.1357600076430687,5.845517158508301,,,5.661659240722656
seg_refiner__detstats,busi_bad20acd54,busi,breast,,1,1,,,,,,,,0.0,0.0,
refiner,busi_bad20acd54,busi,breast,0.832789957523346,1,1,0.9087674714104194,0.8327899394503959,17.051162633521315,5.979953566723536,0.2944487184678301,0.12028279354160695,5.975791931152344,,,10.279276847839355
refiner__detstats,busi_bad20acd54,busi,breast,,1,1,,,,,,,,0.0,0.0,
rough_otsu,busi_bad20acd54,busi,breast,0.7162308692932129,1,1,0.8346556314083133,0.7162308875418438,23.124604748119985,9.533929458713654,0.1417734112672553,0.1876851055698863,10.291126251220703,,,10.291126251220703
rough_otsu__detstats,busi_bad20acd54,busi,breast,,1,1,,,,,,,,0.0,0.0,
refiner_box,busi_bad20acd54,busi,breast,0.7932026386260986,1,1,0.8846770810197182,0.7932026375182546,17.762038374668908,7.820444246237321,0.18202114387024756,0.06434508455144741,7.600425720214844,,,17.96087074279785
refiner_box__detstats,busi_bad20acd54,busi,breast,,1,1,,,,,,,,0.0,0.0,
refiner_gtbox,busi_bad20acd54,busi,breast,0.7870515584945679,1,1,0.8808381070341126,0.787051553997971,17.46424919657298,7.8552135048813465,0.19339620101141203,0.14875322441960448,7.311371803283691,,,19.160953521728516
refiner_gtbox__detstats,busi_bad20acd54,busi,breast,,1,1,,,,,,,,0.0,0.0,
rough_otsu_gtbox,busi_bad20acd54,busi,breast,0.6550882458686829,1,1,0.7916052183777652,0.6550882463387158,42.18994113670847,17.052124759993738,0.15006790402897238,0.5265118945256521,19.13939094543457,,,19.13939094543457
rough_otsu_gtbox__detstats,busi_bad20acd54,busi,breast,,1,1,,,,,,,,0.0,0.0,
yolo26n_seg,busi_1cd1fff51b,busi,breast,0.7430970668792725,1,1,0.8526169674205928,0.7430970680330202,21.899728313394384,7.063366074045517,0.215425129781765,0.07137420718816068,5.930088043212891,,,
yolo26n_seg__detstats,busi_1cd1fff51b,busi,breast,,1,1,,,,,,,,0.0,0.0,
seg_refiner,busi_1cd1fff51b,busi,breast,0.7461683750152588,1,1,0.8546350743687305,0.7461683654209136,21.563070882759394,6.807009522044085,0.2692566018827493,0.044143763213530654,5.62329626083374,,,6.369732856750488
seg_refiner__detstats,busi_1cd1fff51b,busi,breast,,1,1,,,,,,,,0.0,0.0,
refiner,busi_1cd1fff51b,busi,breast,0.700171172618866,1,1,0.8236478595304256,0.700171174255392,25.071894713694675,8.677643055935729,0.22221949151501003,0.09987315010570824,7.903742790222168,,,15.164957046508789
refiner__detstats,busi_1cd1fff51b,busi,breast,,1,1,,,,,,,,0.0,0.0,
rough_otsu,busi_1cd1fff51b,busi,breast,0.5447285175323486,1,1,0.7052741263225393,0.5447285333993686,40.50307641958308,13.737284888076207,0.15465295629820053,0.11010570824524313,15.090309143066406,,,15.090309143066406
rough_otsu__detstats,busi_1cd1fff51b,busi,breast,,1,1,,,,,,,,0.0,0.0,
refiner_box,busi_1cd1fff51b,busi,breast,0.7105096578598022,1,1,0.8307578497451915,0.7105096660808435,22.47220505424423,7.995975171921939,0.22060672031515247,0.05767441860465116,7.235583305358887,,,23.900779724121094
refiner_box__detstats,busi_1cd1fff51b,busi,breast,,1,1,,,,,,,,0.0,0.0,
refiner_gtbox,busi_1cd1fff51b,busi,breast,0.7613787651062012,1,1,0.8645258850738303,0.7613787700744222,18.0,6.3364184633733,0.2321408633858966,0.0986046511627907,5.127925872802734,,,9.022790908813477
refiner_gtbox__detstats,busi_1cd1fff51b,busi,breast,,1,1,,,,,,,,0.0,0.0,
rough_otsu_gtbox,busi_1cd1fff51b,busi,breast,0.6684988737106323,1,1,0.8013177224769621,0.6684988486964273,33.04910687425097,9.248691387156043,0.2808976250800457,0.10038054968287527,9.025169372558594,,,9.025169372558594
rough_otsu_gtbox__detstats,busi_1cd1fff51b,busi,breast,,1,1,,,,,,,,0.0,0.0,
yolo26n_seg,busi_daf74cbea5,busi,breast,0.6829996109008789,1,1,0.8116455937379266,0.6829996080806642,140.19268361372298,27.015343206213497,0.2027477295574248,0.44908619572261826,32.19245147705078,,,
yolo26n_seg__detstats,busi_daf74cbea5,busi,breast,,1,1,,,,,,,,0.0,0.0,
seg_refiner,busi_daf74cbea5,busi,breast,0.6428086161613464,1,1,0.7825727314133741,0.6428086109175977,140.69467237091945,32.221002596405455,0.11916251143659744,0.47583927414128324,41.8770866394043,,,39.71741485595703
seg_refiner__detstats,busi_daf74cbea5,busi,breast,,1,1,,,,,,,,0.0,0.0,
refiner,busi_daf74cbea5,busi,breast,0.6051594614982605,1,1,0.7540178659462444,0.6051594524016776,125.06833773272375,33.68949058207161,0.025030149953352898,0.6292158133506157,43.46407699584961,,,54.38521957397461
refiner__detstats,busi_daf74cbea5,busi,breast,,1,1,,,,,,,,0.0,0.0,
rough_otsu,busi_daf74cbea5,busi,breast,0.5832446217536926,1,1,0.7367713257674915,0.5832446181726573,160.07670024852717,33.21376154606041,0.11091982722271987,0.525249513933895,54.31015396118164,,,54.31015396118164
rough_otsu__detstats,busi_daf74cbea5,busi,breast,,1,1,,,,,,,,0.0,0.0,
refiner_box,busi_daf74cbea5,busi,breast,0.5881413817405701,1,1,0.7406662737893022,0.5881413785509799,123.74245830220687,38.590257779558385,0.08021080068110689,0.6173558003888528,47.482154846191406,,,87.21534729003906
refiner_box__detstats,busi_daf74cbea5,busi,breast,,1,1,,,,,,,,0.0,0.0,
refiner_gtbox,busi_daf74cbea5,busi,breast,0.8559049367904663,1,1,0.9223585895719825,0.8559049240745492,25.612496949731394,10.171371284098552,0.1903105938442123,0.06259235255994815,9.747589111328125,,,10.431742668151855
refiner_gtbox__detstats,busi_daf74cbea5,busi,breast,,1,1,,,,,,,,0.0,0.0,
rough_otsu_gtbox,busi_daf74cbea5,busi,breast,0.8679035902023315,1,1,0.9292809280161483,0.8679035914568667,27.516286041240907,8.28938840461463,0.2277313386532462,0.02915100453661698,10.453658103942871,,,10.453658103942871
rough_otsu_gtbox__detstats,busi_daf74cbea5,busi,breast,,1,1,,,,,,,,0.0,0.0,
yolo26n_seg,busi_d083e06533,busi,breast,0.7635979652404785,1,1,0.8659546956563383,0.7635979729729729,29.133290532544194,7.962179579796688,0.23339147194755308,0.039250669045495096,6.051780700683594,,,
yolo26n_seg__detstats,busi_d083e06533,busi,breast,,1,1,,,,,,,,0.0,0.0,
seg_refiner,busi_d083e06533,busi,breast,0.7585926055908203,1,1,0.862726917821589,0.7585925767002789,32.05528172656026,8.34665546535733,0.20753172329103559,0.07577820554955632,6.785132884979248,,,6.893547058105469
seg_refiner__detstats,busi_d083e06533,busi,breast,,1,1,,,,,,,,0.0,0.0,
refiner,busi_d083e06533,busi,breast,0.7668882608413696,1,1,0.8680665005846764,0.7668882500898311,31.971849788287912,8.115197795672637,0.2496976862924247,0.1530588290530072,6.287210464477539,,,6.011051177978516
refiner__detstats,busi_d083e06533,busi,breast,,1,1,,,,,,,,0.0,0.0,
rough_otsu,busi_d083e06533,busi,breast,0.8109636902809143,1,1,0.8956156156156156,0.8109636719599739,15.0,5.829670925438807,0.29815624406006463,0.04568289591060613,5.962608337402344,,,5.962608337402344
rough_otsu__detstats,busi_d083e06533,busi,breast,,1,1,,,,,,,,0.0,0.0,
refiner_box,busi_d083e06533,busi,breast,0.7356126308441162,1,1,0.8476691369830265,0.7356126301813203,31.324109033042586,9.91490862654999,0.17225340503198963,0.03605803089346918,8.080419540405273,,,19.218626022338867
refiner_box__detstats,busi_d083e06533,busi,breast,,1,1,,,,,,,,0.0,0.0,
refiner_gtbox,busi_d083e06533,busi,breast,0.8000501394271851,1,1,0.8889198412145692,0.8000501441644728,18.964397374362527,7.045741069905541,0.19932823531329996,0.02248931874735903,7.100790977478027,,,8.159631729125977
refiner_gtbox__detstats,busi_d083e06533,busi,breast,,1,1,,,,,,,,0.0,0.0,
rough_otsu_gtbox,busi_d083e06533,busi,breast,0.7648985981941223,1,1,0.8667904022898544,0.7648985713158103,26.212521122402897,7.642161416389046,0.28968158965764906,0.09958214000657307,8.117626190185547,,,8.117626190185547
rough_otsu_gtbox__detstats,busi_d083e06533,busi,breast,,1,1,,,,,,,,0.0,0.0,
yolo26n_seg,busi_1f6bafb28c,busi,breast,0.7362938523292542,1,2,0.8481212503946953,0.7362938596491229,60.0542253593198,13.545446649619906,0.24752252403249858,0.17822731412683956,6.248444080352783,,,
yolo26n_seg__detstats,busi_1f6bafb28c,busi,breast,,1,2,,,,,,,,0.0,1.0,
seg_refiner,busi_1f6bafb28c,busi,breast,0.6344189643859863,1,2,0.7763235390354034,0.634418952885181,86.24816907679468,22.926843979550853,0.1152439553537115,0.046626080565009664,15.17036247253418,,,9.94477653503418
seg_refiner__detstats,busi_1f6bafb28c,busi,breast,,1,2,,,,,,,,0.0,1.0,
refiner,busi_1f6bafb28c,busi,breast,0.0,1,1,0.0,0.0,,,0.0,,,,,
refiner__detstats,busi_1f6bafb28c,busi,breast,,1,1,,,,,,,,1.0,1.0,
rough_otsu,busi_1f6bafb28c,busi,breast,0.0,1,1,0.0,0.0,,,0.0,,,,,
rough_otsu__detstats,busi_1f6bafb28c,busi,breast,,1,1,,,,,,,,1.0,1.0,
refiner_box,busi_1f6bafb28c,busi,breast,0.0,1,1,0.0,0.0,,,0.0,,,,,
refiner_box__detstats,busi_1f6bafb28c,busi,breast,,1,1,,,,,,,,1.0,1.0,
refiner_gtbox,busi_1f6bafb28c,busi,breast,0.6151391863822937,1,1,0.7617166077505039,0.6151391616152992,99.84988733093293,28.232786209051078,0.0618581428670618,0.41830848633015355,26.18832778930664,,,35.31982421875
refiner_gtbox__detstats,busi_1f6bafb28c,busi,breast,,1,1,,,,,,,,0.0,0.0,
rough_otsu_gtbox,busi_1f6bafb28c,busi,breast,0.5909896492958069,1,1,0.7429207763283487,0.5909896228802834,124.80661679531954,30.25913755091369,0.18156438714132228,0.5110653052745954,35.2186279296875,,,35.2186279296875
rough_otsu_gtbox__detstats,busi_1f6bafb28c,busi,breast,,1,1,,,,,,,,0.0,0.0,
yolo26n_seg,busi_ff6b3c8040,busi,breast,0.8193857669830322,1,1,0.9007278996264726,0.81938575473753,22.785806390562843,6.321685454182026,0.3278774294101125,0.010385403268067268,5.64525032043457,,,
yolo26n_seg__detstats,busi_ff6b3c8040,busi,breast,,1,1,,,,,,,,0.0,0.0,
seg_refiner,busi_ff6b3c8040,busi,breast,0.6877341866493225,1,1,0.8149792542086207,0.6877341659232827,33.24154027718932,11.631307722265515,0.16864982588277996,0.1973703015578105,9.127081871032715,,,5.618023872375488
seg_refiner__detstats,busi_ff6b3c8040,busi,breast,,1,1,,,,,,,,0.0,0.0,
refiner,busi_ff6b3c8040,busi,breast,0.7550540566444397,1,1,0.8604339535123434,0.755054045497716,26.86246410096846,8.655427112774902,0.22260000000000002,0.15130293935496164,7.256577491760254,,,9.54922866821289
refiner__detstats,busi_ff6b3c8040,busi,breast,,1,1,,,,,,,,0.0,0.0,
rough_otsu,busi_ff6b3c8040,busi,breast,0.7113988399505615,1,1,0.8313653502679103,0.7113988537465507,28.726081027661042,9.1912784148312,0.22234597276363086,0.07955790576913915,9.594411849975586,,,9.594411849975586
rough_otsu__detstats,busi_ff6b3c8040,busi,breast,,1,1,,,,,,,,0.0,0.0,
refiner_box,busi_ff6b3c8040,busi,breast,0.6731293201446533,1,1,0.8046351525343564,0.6731293414226677,34.334989772576485,12.39398648405129,0.12571410634691443,0.1869848982897432,9.821059226989746,,,18.00081443786621
refiner_box__detstats,busi_ff6b3c8040,busi,breast,,1,1,,,,,,,,0.0,0.0,
refiner_gtbox,busi_ff6b3c8040,busi,breast,0.7580947875976562,1,1,0.8624049248302001,0.7580948121645796,25.0,8.713938114225542,0.1720245460743958,0.12724500976609024,8.320685386657715,,,13.944002151489258
refiner_gtbox__detstats,busi_ff6b3c8040,busi,breast,,1,1,,,,,,,,0.0,0.0,
rough_otsu_gtbox,busi_ff6b3c8040,busi,breast,0.6507394909858704,1,1,0.78842177808408,0.6507394766780432,36.558758442787614,11.825030229582033,0.23309760784646041,0.21199561716926302,13.938143730163574,,,13.938143730163574
rough_otsu_gtbox__detstats,busi_ff6b3c8040,busi,breast,,1,1,,,,,,,,0.0,0.0,
yolo26n_seg,busi_e0e8a1f5f7,busi,breast,0.9365153908729553,1,1,0.9672170839184543,0.9365153788447111,7.615773105863909,2.756734745496641,0.48659798661267856,0.028319800942902044,2.915032148361206,,,
yolo26n_seg__detstats,busi_e0e8a1f5f7,busi,breast,,1,1,,,,,,,,0.0,0.0,
seg_refiner,busi_e0e8a1f5f7,busi,breast,0.8973950743675232,1,1,0.9459232729971284,0.8973950840246104,11.89664496875183,4.786040534797372,0.3051460715446695,0.029400209533787323,4.694188594818115,,,3.091456174850464
seg_refiner__detstats,busi_e0e8a1f5f7,busi,breast,,1,1,,,,,,,,0.0,0.0,
refiner,busi_e0e8a1f5f7,busi,breast,0.8671061396598816,1,1,0.9288236213091704,0.8671061459032173,17.308489999080308,6.309172838634584,0.22310673204122217,0.09566526977475118,7.096980094909668,,,9.221450805664062
refiner__detstats,busi_e0e8a1f5f7,busi,breast,,1,1,,,,,,,,0.0,0.0,
rough_otsu,busi_e0e8a1f5f7,busi,breast,0.8539586663246155,1,1,0.9212272837833142,0.8539586420150744,21.99089968002003,6.931687720425687,0.25023523128957614,0.11557097957045574,9.253729820251465,,,9.253729820251465
rough_otsu__detstats,busi_e0e8a1f5f7,busi,breast,,1,1,,,,,,,,0.0,0.0,
refiner_box,busi_e0e8a1f5f7,busi,breast,0.8859184980392456,1,1,0.9395087809834056,0.8859184914841849,15.023307464861029,5.4030086772159605,0.28969071396446205,0.030153221581980093,5.705020427703857,,,22.32537078857422
refiner_box__detstats,busi_e0e8a1f5f7,busi,breast,,1,1,,,,,,,,0.0,0.0,
refiner_gtbox,busi_e0e8a1f5f7,busi,breast,0.8454338312149048,1,1,0.9162440069681039,0.8454338549075391,24.029141392239822,7.576488178591871,0.20726359154795881,0.12372315348349922,7.973167896270752,,,9.496986389160156
refiner_gtbox__detstats,busi_e0e8a1f5f7,busi,breast,,1,1,,,,,,,,0.0,0.0,
rough_otsu_gtbox,busi_e0e8a1f5f7,busi,breast,0.8511050939559937,1,1,0.9195643066610808,0.8511050794881737,22.183242980057038,7.151491696661195,0.25094974952009874,0.12441068622315349,9.50290298461914,,,9.50290298461914
rough_otsu_gtbox__detstats,busi_e0e8a1f5f7,busi,breast,,1,1,,,,,,,,0.0,0.0,
yolo26n_seg,busi_e77460c93f,busi,breast,0.8210042715072632,1,1,0.9017049493188966,0.8210042909323025,36.64694917059598,9.93979928188808,0.22402581528382143,0.005302309320799425,12.74733829498291,,,
yolo26n_seg__detstats,busi_e77460c93f,busi,breast,,1,1,,,,,,,,0.0,0.0,
seg_refiner,busi_e77460c93f,busi,breast,0.7763310670852661,1,1,0.8740837423980176,0.7763310428252214,35.448551915918,12.171569977692808,0.1418724614830937,0.05350865266960592,12.876396179199219,,,14.164806365966797
seg_refiner__detstats,busi_e77460c93f,busi,breast,,1,1,,,,,,,,0.0,0.0,
refiner,busi_e77460c93f,busi,breast,0.5647388100624084,1,1,0.7218313946739106,0.5647387924144446,60.78320152788034,22.150832944439443,0.09722282965230701,0.3269174743139045,20.733091354370117,,,34.8244743347168
refiner__detstats,busi_e77460c93f,busi,breast,,1,1,,,,,,,,0.0,0.0,
rough_otsu,busi_e77460c93f,busi,breast,0.0,1,1,0.0,0.0,,,0.0,,,,,
rough_otsu__detstats,busi_e77460c93f,busi,breast,,1,1,,,,,,,,1.0,1.0,
refiner_box,busi_e77460c93f,busi,breast,0.8122013211250305,1,1,0.8963698740182782,0.8122013461900766,28.21426157373497,10.834003951914264,0.14053614947197401,0.05506244294676326,11.329519271850586,,,31.181880950927734
refiner_box__detstats,busi_e77460c93f,busi,breast,,1,1,,,,,,,,0.0,0.0,
refiner_gtbox,busi_e77460c93f,busi,breast,0.706034243106842,1,1,0.82769060580478,0.706034268686367,35.35533905932738,17.525528151862154,0.06226403155385881,0.0015343678986928738,18.341156005859375,,,28.21328353881836
refiner_gtbox__detstats,busi_e77460c93f,busi,breast,,1,1,,,,,,,,0.0,0.0,
rough_otsu_gtbox,busi_e77460c93f,busi,breast,0.6552760004997253,1,1,0.7917422727971706,0.6552759853893831,59.96904290355458,25.540200032955,0.1378417448272841,0.5260745430885466,28.11914825439453,,,28.11914825439453
rough_otsu_gtbox__detstats,busi_e77460c93f,busi,breast,,1,1,,,,,,,,0.0,0.0,
yolo26n_seg,ddti_98ad2517b3,ddti,thyroid,0.6850607991218567,1,2,0.8130991931656384,0.6850607805502239,29.0,8.940366001080374,0.3942514031033344,0.3700787401574803,8.620865821838379,,,
yolo26n_seg__detstats,ddti_98ad2517b3,ddti,thyroid,,1,2,,,,,,,,0.0,1.0,
seg_refiner,ddti_98ad2517b3,ddti,thyroid,0.6591343283653259,1,2,0.7945520813351238,0.6591343093570974,22.561028345356956,9.706220442773832,0.2819232790331056,0.3455568053993251,10.061426162719727,,,9.845314025878906
seg_refiner__detstats,ddti_98ad2517b3,ddti,thyroid,,1,2,,,,,,,,0.0,1.0,
refiner,ddti_98ad2517b3,ddti,thyroid,0.0,1,2,0.0,0.0,,,0.0,,,,,
refiner__detstats,ddti_98ad2517b3,ddti,thyroid,,1,2,,,,,,,,1.0,2.0,
rough_otsu,ddti_98ad2517b3,ddti,thyroid,0.0,1,2,0.0,0.0,,,0.0,,,,,
rough_otsu__detstats,ddti_98ad2517b3,ddti,thyroid,,1,2,,,,,,,,1.0,2.0,
refiner_box,ddti_98ad2517b3,ddti,thyroid,0.5757662057876587,1,2,0.7307761732851985,0.575766194979734,31.78049716414141,13.452106158302573,0.2210109758829239,0.49268841394825647,13.94180679321289,,,23.235336303710938
refiner_box__detstats,ddti_98ad2517b3,ddti,thyroid,,1,2,,,,,,,,0.0,1.0,
refiner_gtbox,ddti_98ad2517b3,ddti,thyroid,0.0,1,1,0.0,0.0,,,0.0,,,,,
refiner_gtbox__detstats,ddti_98ad2517b3,ddti,thyroid,,1,1,,,,,,,,1.0,1.0,
rough_otsu_gtbox,ddti_98ad2517b3,ddti,thyroid,0.0,1,1,0.0,0.0,,,0.0,,,,,
rough_otsu_gtbox__detstats,ddti_98ad2517b3,ddti,thyroid,,1,1,,,,,,,,1.0,1.0,
yolo26n_seg,ddti_56e6cc05a6,ddti,thyroid,0.7195020914077759,1,1,0.8368725868725869,0.7195020746887967,14.560219778561036,5.718330178899584,0.36774048882577176,0.13696369636963696,6.250356197357178,,,
yolo26n_seg__detstats,ddti_56e6cc05a6,ddti,thyroid,,1,1,,,,,,,,0.0,0.0,
seg_refiner,ddti_56e6cc05a6,ddti,thyroid,0.7129722237586975,1,1,0.8324387625646531,0.7129722500835841,14.453479341982176,5.716108257167809,0.2623298227587978,0.11365511551155115,6.198216438293457,,,6.115175724029541
seg_refiner__detstats,ddti_56e6cc05a6,ddti,thyroid,,1,1,,,,,,,,0.0,0.0,
refiner,ddti_56e6cc05a6,ddti,thyroid,0.7033826112747192,1,1,0.8258656820676579,0.7033826279109298,14.866068747318506,5.1014555114334765,0.4546302705630963,0.06703795379537954,6.062284469604492,,,6.620518684387207
refiner__detstats,ddti_56e6cc05a6,ddti,thyroid,,1,1,,,,,,,,0.0,0.0,
rough_otsu,ddti_56e6cc05a6,ddti,thyroid,0.6438225507736206,1,1,0.78332368268674,0.6438225775747192,18.110770276274835,5.535908557740051,0.38469424173621186,0.21885313531353134,6.574286937713623,,,6.574286937713623
rough_otsu__detstats,ddti_56e6cc05a6,ddti,thyroid,,1,1,,,,,,,,0.0,0.0,
refiner_box,ddti_56e6cc05a6,ddti,thyroid,0.7589604258537292,1,1,0.862964751327861,0.7589604212671989,11.0,4.745778129558186,0.3906699044266714,0.13593234323432343,4.858782768249512,,,7.001424789428711
refiner_box__detstats,ddti_56e6cc05a6,ddti,thyroid,,1,1,,,,,,,,0.0,0.0,
refiner_gtbox,ddti_56e6cc05a6,ddti,thyroid,0.8142299652099609,1,1,0.8976039320090109,0.8142299832806985,9.04339811320567,3.4182455791749193,0.38706603942118745,0.014438943894389438,3.31260347366333,,,3.1683709621429443
refiner_gtbox__detstats,ddti_56e6cc05a6,ddti,thyroid,,1,1,,,,,,,,0.0,0.0,
rough_otsu_gtbox,ddti_56e6cc05a6,ddti,thyroid,0.8550264835357666,1,1,0.9218482601254991,0.855026455026455,8.602325267042627,2.833318496669535,0.5493395917476258,0.16955445544554457,3.1555824279785156,,,3.1555824279785156
rough_otsu_gtbox__detstats,ddti_56e6cc05a6,ddti,thyroid,,1,1,,,,,,,,0.0,0.0,
yolo26n_seg,ddti_c835c6acf9,ddti,thyroid,0.7242427468299866,1,1,0.8400705283092798,0.7242427654543407,27.85677655436824,9.780359440994165,0.2905038353034436,0.22831781140861468,11.8978271484375,,,
yolo26n_seg__detstats,ddti_c835c6acf9,ddti,thyroid,,1,1,,,,,,,,0.0,0.0,
seg_refiner,ddti_c835c6acf9,ddti,thyroid,0.6914429068565369,1,1,0.8175776002262604,0.6914429229205287,27.385217959233934,11.156601969355549,0.25278898264573335,0.05806169965075669,9.993402481079102,,,9.963784217834473
seg_refiner__detstats,ddti_c835c6acf9,ddti,thyroid,,1,1,,,,,,,,0.0,0.0,
refiner,ddti_c835c6acf9,ddti,thyroid,0.0,1,2,0.0,0.0,,,0.0,,,,,
refiner__detstats,ddti_c835c6acf9,ddti,thyroid,,1,2,,,,,,,,1.0,2.0,
rough_otsu,ddti_c835c6acf9,ddti,thyroid,0.0,1,2,0.0,0.0,,,0.0,,,,,
rough_otsu__detstats,ddti_c835c6acf9,ddti,thyroid,,1,2,,,,,,,,1.0,2.0,
refiner_box,ddti_c835c6acf9,ddti,thyroid,0.647186815738678,1,2,0.785808620482651,0.6471867892811233,36.804544985070656,13.635154464207217,0.06332464327648313,0.4240395809080326,14.848039627075195,,,20.376041412353516
refiner_box__detstats,ddti_c835c6acf9,ddti,thyroid,,1,2,,,,,,,,0.0,1.0,
refiner_gtbox,ddti_c835c6acf9,ddti,thyroid,0.0,1,1,0.0,0.0,,,0.0,,,,,
refiner_gtbox__detstats,ddti_c835c6acf9,ddti,thyroid,,1,1,,,,,,,,1.0,1.0,
rough_otsu_gtbox,ddti_c835c6acf9,ddti,thyroid,0.0,1,1,0.0,0.0,,,0.0,,,,,
rough_otsu_gtbox__detstats,ddti_c835c6acf9,ddti,thyroid,,1,1,,,,,,,,1.0,1.0,
yolo26n_seg,ddti_d02b6359c9,ddti,thyroid,0.9225569367408752,1,1,0.9597187095182284,0.922556925996205,5.830951894845301,1.6902486125620082,0.7136776886808953,0.015541464627626508,1.744887113571167,,,
yolo26n_seg__detstats,ddti_d02b6359c9,ddti,thyroid,,1,1,,,,,,,,0.0,0.0,
seg_refiner,ddti_d02b6359c9,ddti,thyroid,0.8831955790519714,1,1,0.9379754242246928,0.8831955922865014,7.211102550927978,2.8123137820606408,0.5079996759624927,0.1248290438890961,2.846719741821289,,,1.8846776485443115
seg_refiner__detstats,ddti_d02b6359c9,ddti,thyroid,,1,1,,,,,,,,0.0,0.0,
refiner,ddti_d02b6359c9,ddti,thyroid,0.8966689109802246,1,1,0.9455197132616487,0.8966689326988443,6.4031242374328485,2.3949709978033686,0.5714285714285715,0.08131294293174189,2.5756216049194336,,,4.470653057098389
refiner__detstats,ddti_d02b6359c9,ddti,thyroid,,1,1,,,,,,,,0.0,0.0,
rough_otsu,ddti_d02b6359c9,ddti,thyroid,0.8428794145584106,1,1,0.9147418067480952,0.8428794294628928,10.251285619838924,3.564448162458439,0.3644715322498211,0.05619793609349745,4.45586633682251,,,4.45586633682251
rough_otsu__detstats,ddti_d02b6359c9,ddti,thyroid,,1,1,,,,,,,,0.0,0.0,
refiner_box,ddti_d02b6359c9,ddti,thyroid,0.859717607498169,1,1,0.9245679012345679,0.8597175984387556,8.54400374531753,3.3167807296044716,0.4038595629104769,0.014173815740395375,3.2956643104553223,,,9.131627082824707
refiner_box__detstats,ddti_d02b6359c9,ddti,thyroid,,1,1,,,,,,,,0.0,0.0,
refiner_gtbox,ddti_d02b6359c9,ddti,thyroid,0.8848301768302917,1,1,0.9388964325391926,0.8848301535597952,6.324555320336759,2.6586980987124385,0.5086814104348198,0.014422479174437399,2.8382678031921387,,,10.020248413085938
refiner_gtbox__detstats,ddti_d02b6359c9,ddti,thyroid,,1,1,,,,,,,,0.0,0.0,
rough_otsu_gtbox,ddti_d02b6359c9,ddti,thyroid,0.7014651894569397,1,1,0.8245425188374597,0.7014652014652014,21.191978433935024,9.022508731843573,0.1969669986437799,0.4255874673629243,10.016098022460938,,,10.016098022460938
rough_otsu_gtbox__detstats,ddti_d02b6359c9,ddti,thyroid,,1,1,,,,,,,,0.0,0.0,
yolo26n_seg,ddti_c066535241,ddti,thyroid,0.7556883692741394,1,1,0.8608456891817683,0.7556883918241419,21.93171219946131,8.772835593179028,0.2057922635314833,0.2108469247396345,10.521819114685059,,,
yolo26n_seg__detstats,ddti_c066535241,ddti,thyroid,,1,1,,,,,,,,0.0,0.0,
seg_refiner,ddti_c066535241,ddti,thyroid,0.7901332974433899,1,1,0.8827647745212437,0.790133316950298,22.47220505424423,7.509783090683699,0.22085889570552145,0.09143905154909282,7.025676250457764,,,8.3556489944458
seg_refiner__detstats,ddti_c066535241,ddti,thyroid,,1,1,,,,,,,,0.0,0.0,
refiner,ddti_c066535241,ddti,thyroid,0.0,1,1,0.0,0.0,,,0.0,,,,,
refiner__detstats,ddti_c066535241,ddti,thyroid,,1,1,,,,,,,,1.0,1.0,
rough_otsu,ddti_c066535241,ddti,thyroid,0.0,1,1,0.0,0.0,,,0.0,,,,,
rough_otsu__detstats,ddti_c066535241,ddti,thyroid,,1,1,,,,,,,,1.0,1.0,
refiner_box,ddti_c066535241,ddti,thyroid,0.749210774898529,1,1,0.8566272168812689,0.7492107819329772,18.592975921580656,9.19135002641126,0.19398046290592275,0.11272679635815812,9.132136344909668,,,7.50147008895874
refiner_box__detstats,ddti_c066535241,ddti,thyroid,,1,1,,,,,,,,0.0,0.0,
refiner_gtbox,ddti_c066535241,ddti,thyroid,0.0,1,1,0.0,0.0,,,0.0,,,,,
refiner_gtbox__detstats,ddti_c066535241,ddti,thyroid,,1,1,,,,,,,,1.0,1.0,
rough_otsu_gtbox,ddti_c066535241,ddti,thyroid,0.0,1,1,0.0,0.0,,,0.0,,,,,
rough_otsu_gtbox__detstats,ddti_c066535241,ddti,thyroid,,1,1,,,,,,,,1.0,1.0,
yolo26n_seg,ddti_d9658bd3e1,ddti,thyroid,0.5579463243484497,1,1,0.7162587412587412,0.557946343456353,31.0,9.638561229927479,0.16975401069518714,0.6962055149658261,7.298999786376953,,,
yolo26n_seg__detstats,ddti_d9658bd3e1,ddti,thyroid,,1,1,,,,,,,,0.0,0.0,
seg_refiner,ddti_d9658bd3e1,ddti,thyroid,0.581963837146759,1,1,0.7357485814054998,0.581963817152327,21.13273407029195,9.485909340228805,0.12930806987913654,0.6997407494697149,10.541581153869629,,,12.57101821899414
seg_refiner__detstats,ddti_d9658bd3e1,ddti,thyroid,,1,1,,,,,,,,0.0,0.0,
refiner,ddti_d9658bd3e1,ddti,thyroid,0.0,1,1,0.0,0.0,,,0.0,,,,,
refiner__detstats,ddti_d9658bd3e1,ddti,thyroid,,1,1,,,,,,,,1.0,1.0,
rough_otsu,ddti_d9658bd3e1,ddti,thyroid,0.0,1,1,0.0,0.0,,,0.0,,,,,
rough_otsu__detstats,ddti_d9658bd3e1,ddti,thyroid,,1,1,,,,,,,,1.0,1.0,
refiner_box,ddti_d9658bd3e1,ddti,thyroid,0.5993607640266418,1,1,0.7495004114258845,0.5993607821018988,18.027756377319946,7.64530946572805,0.09569377990430623,0.004949328305444261,7.426192283630371,,,10.375391006469727
refiner_box__detstats,ddti_d9658bd3e1,ddti,thyroid,,1,1,,,,,,,,0.0,0.0,
refiner_gtbox,ddti_d9658bd3e1,ddti,thyroid,0.7469856142997742,1,1,0.8551708783257264,0.7469856087125633,11.135254915624213,4.697247733309187,0.3205387205387205,0.11713410322884751,5.022402763366699,,,5.494709491729736
refiner_gtbox__detstats,ddti_d9658bd3e1,ddti,thyroid,,1,1,,,,,,,,0.0,0.0,
rough_otsu_gtbox,ddti_d9658bd3e1,ddti,thyroid,0.7555199265480042,1,1,0.8607363830003043,0.7555199430199431,13.989244398944978,4.914165722060051,0.351664064665801,0.32359179825595097,5.49815034866333,,,5.49815034866333
rough_otsu_gtbox__detstats,ddti_d9658bd3e1,ddti,thyroid,,1,1,,,,,,,,0.0,0.0,
yolo26n_seg,ddti_b8dcef923d,ddti,thyroid,0.5796148180961609,1,1,0.7338685398896136,0.579614805421257,53.0,11.854454051058555,0.21912720519962858,0.35872519146833565,7.362166404724121,,,
yolo26n_seg__detstats,ddti_b8dcef923d,ddti,thyroid,,1,1,,,,,,,,0.0,0.0,
seg_refiner,ddti_b8dcef923d,ddti,thyroid,0.5465909242630005,1,1,0.7068332108743571,0.5465909090909091,60.59366336814027,14.243094460911568,0.1237705823847939,0.3187844848884131,7.755704879760742,,,7.929955959320068
seg_refiner__detstats,ddti_b8dcef923d,ddti,thyroid,,1,1,,,,,,,,0.0,0.0,
refiner,ddti_b8dcef923d,ddti,thyroid,0.5653855204582214,1,2,0.7223594506471692,0.5653855076946872,43.57464604448377,9.953344185493462,0.24740504350973008,0.3330313761014576,6.797336101531982,,,11.225887298583984
refiner__detstats,ddti_b8dcef923d,ddti,thyroid,,1,2,,,,,,,,0.0,1.0,
rough_otsu,ddti_b8dcef923d,ddti,thyroid,0.0,1,2,0.0,0.0,,,0.0,,,,,
rough_otsu__detstats,ddti_b8dcef923d,ddti,thyroid,,1,2,,,,,,,,1.0,2.0,
refiner_box,ddti_b8dcef923d,ddti,thyroid,0.8572185635566711,1,2,0.9231208217837926,0.857218563100916,15.0,3.664561966604281,0.5702870905492575,0.020258585193115373,3.5405073165893555,,,11.82174301147461
refiner_box__detstats,ddti_b8dcef923d,ddti,thyroid,,1,2,,,,,,,,0.0,1.0,
refiner_gtbox,ddti_b8dcef923d,ddti,thyroid,0.8353760242462158,1,1,0.9103050418839893,0.8353760243672492,10.63014581273465,4.31946337818009,0.24433911402641748,0.08416371572099152,4.710776329040527,,,7.295248508453369
refiner_gtbox__detstats,ddti_b8dcef923d,ddti,thyroid,,1,1,,,,,,,,0.0,0.0,
rough_otsu_gtbox,ddti_b8dcef923d,ddti,thyroid,0.77740079164505,1,1,0.8747613730504629,0.7774007682458387,17.0,6.626496882525484,0.23392270281522226,0.28633780779049656,7.290087699890137,,,7.290087699890137
rough_otsu_gtbox__detstats,ddti_b8dcef923d,ddti,thyroid,,1,1,,,,,,,,0.0,0.0,
yolo26n_seg,ddti_22ffb08a0b,ddti,thyroid,0.7446768283843994,1,2,0.8536558906487307,0.7446768240749503,24.041630560342615,6.710018702567348,0.3167550855018081,0.3280717262280591,7.1785197257995605,,,
yolo26n_seg__detstats,ddti_22ffb08a0b,ddti,thyroid,,1,2,,,,,,,,0.0,1.0,
seg_refiner,ddti_22ffb08a0b,ddti,thyroid,0.6899505257606506,1,2,0.8165334169410043,0.6899505475097139,29.068883707497267,8.739970098342178,0.15567485631276445,0.4165930041671928,8.855937004089355,,,7.148614883422852
seg_refiner__detstats,ddti_22ffb08a0b,ddti,thyroid,,1,2,,,,,,,,0.0,1.0,
refiner,ddti_22ffb08a0b,ddti,thyroid,0.7408533096313477,1,2,0.8511381428399374,0.7408533389244155,19.733171719408773,6.285015559612271,0.2771637743184562,0.0969819421644147,6.779739856719971,,,14.541013717651367
refiner__detstats,ddti_22ffb08a0b,ddti,thyroid,,1,2,,,,,,,,0.0,1.0,
rough_otsu,ddti_22ffb08a0b,ddti,thyroid,0.5939453840255737,1,2,0.7452518777209013,0.593945401860607,38.87925908205747,12.859784986963597,0.08133066310636405,0.639600959717136,14.522323608398438,,,14.522323608398438
rough_otsu__detstats,ddti_22ffb08a0b,ddti,thyroid,,1,2,,,,,,,,0.0,1.0,
refiner_box,ddti_22ffb08a0b,ddti,thyroid,0.7325760126113892,1,2,0.8456494772284247,0.7325759901750076,20.711427124416407,6.556278965533785,0.2550123863159068,0.13776992044450057,7.177130699157715,,,14.521087646484375
refiner_box__detstats,ddti_22ffb08a0b,ddti,thyroid,,1,2,,,,,,,,0.0,1.0,
refiner_gtbox,ddti_22ffb08a0b,ddti,thyroid,0.7579107284545898,1,1,0.8622858131887152,0.7579107505070994,26.87001905226749,6.115049889480813,0.42295568812358353,0.18878646293723955,6.858923435211182,,,13.183609008789062
refiner_gtbox__detstats,ddti_22ffb08a0b,ddti,thyroid,,1,1,,,,,,,,0.0,0.0,
rough_otsu_gtbox,ddti_22ffb08a0b,ddti,thyroid,0.6267014741897583,1,1,0.7705181221114085,0.6267014878125989,35.77708763999664,11.64567610251921,0.18373266883905184,0.5956560171738856,13.191823959350586,,,13.191823959350586
rough_otsu_gtbox__detstats,ddti_22ffb08a0b,ddti,thyroid,,1,1,,,,,,,,0.0,0.0,
yolo26n_seg,ddti_a517b62f3e,ddti,thyroid,0.8955332636833191,1,1,0.9448879378926288,0.8955332536009568,7.211102550927978,3.474055357016062,0.31030743414387035,0.031270252754374596,3.6494481563568115,,,
yolo26n_seg__detstats,ddti_a517b62f3e,ddti,thyroid,,1,1,,,,,,,,0.0,0.0,
seg_refiner,ddti_a517b62f3e,ddti,thyroid,0.8433789610862732,1,1,0.9150358907175414,0.8433789494868182,17.97213595499958,5.602352135415586,0.34014224446511127,0.0212248865845755,5.321917533874512,,,3.6376640796661377
seg_refiner__detstats,ddti_a517b62f3e,ddti,thyroid,,1,1,,,,,,,,0.0,0.0,
refiner,ddti_a517b62f3e,ddti,thyroid,0.5874063372612,1,1,0.7400831255195345,0.5874063126781379,39.6232255123179,11.71894964411972,0.10558905930955885,0.3757290991574854,13.95578384399414,,,15.781795501708984
refiner__detstats,ddti_a517b62f3e,ddti,thyroid,,1,1,,,,,,,,0.0,0.0,
rough_otsu,ddti_a517b62f3e,ddti,thyroid,0.0,1,1,0.0,0.0,,,0.0,,,,,
rough_otsu__detstats,ddti_a517b62f3e,ddti,thyroid,,1,1,,,,,,,,1.0,1.0,
refiner_box,ddti_a517b62f3e,ddti,thyroid,0.8729636669158936,1,1,0.9321736221460233,0.8729636591478697,15.264337522473747,4.464197086905157,0.4555256782300791,0.06270252754374595,4.604910850524902,,,10.161527633666992
refiner_box__detstats,ddti_a517b62f3e,ddti,thyroid,,1,1,,,,,,,,0.0,0.0,
refiner_gtbox,ddti_a517b62f3e,ddti,thyroid,0.8874662518501282,1,1,0.9403784162578837,0.8874662716258399,14.72843671137763,3.758063189066803,0.4623661332997354,0.07328796716353424,3.999392032623291,,,9.031002044677734
refiner_gtbox__detstats,ddti_a517b62f3e,ddti,thyroid,,1,1,,,,,,,,0.0,0.0,
rough_otsu_gtbox,ddti_a517b62f3e,ddti,thyroid,0.8027051687240601,1,1,0.8905562369237429,0.8027051632201847,24.00208152801713,7.8899871725590405,0.3188137164040779,0.24578742709008425,8.999994277954102,,,8.999994277954102
rough_otsu_gtbox__detstats,ddti_a517b62f3e,ddti,thyroid,,1,1,,,,,,,,0.0,0.0,
yolo26n_seg,ddti_1b0bfd8a9f,ddti,thyroid,0.6982734799385071,1,1,0.8223333871228014,0.6982734995889285,20.785789574845438,6.7317486534933835,0.31062335381913964,0.26097937421074785,4.725180625915527,,,
yolo26n_seg__detstats,ddti_1b0bfd8a9f,ddti,thyroid,,1,1,,,,,,,,0.0,0.0,
seg_refiner,ddti_1b0bfd8a9f,ddti,thyroid,0.7145793437957764,1,1,0.8335331135750674,0.7145793192035966,16.82804518951916,6.777098089064036,0.3039806996381182,0.12712221130910623,5.536947250366211,,,5.45322322845459
seg_refiner__detstats,ddti_1b0bfd8a9f,ddti,thyroid,,1,1,,,,,,,,0.0,0.0,
refiner,ddti_1b0bfd8a9f,ddti,thyroid,0.7113268375396729,1,1,0.8313161875945537,0.7113268608414239,14.785072197650415,6.669513378876626,0.2533154522425868,0.14508208222253402,5.904053688049316,,,7.241116523742676
refiner__detstats,ddti_1b0bfd8a9f,ddti,thyroid,,1,1,,,,,,,,0.0,0.0,
rough_otsu,ddti_1b0bfd8a9f,ddti,thyroid,0.7053391933441162,1,1,0.8272127733425894,0.7053391736711259,21.851038607209617,7.317038504027339,0.2366589327146172,0.02118703521818437,7.240009307861328,,,7.240009307861328
rough_otsu__detstats,ddti_1b0bfd8a9f,ddti,thyroid,,1,1,,,,,,,,0.0,0.0,
refiner_box,ddti_1b0bfd8a9f,ddti,thyroid,0.748129665851593,1,1,0.8559201141226819,0.7481296758104738,14.662037672720144,5.812124304265165,0.26548672566371684,0.13119124456292972,5.133871555328369,,,7.59483528137207
refiner_box__detstats,ddti_1b0bfd8a9f,ddti,thyroid,,1,1,,,,,,,,0.0,0.0,
refiner_gtbox,ddti_1b0bfd8a9f,ddti,thyroid,0.7160348892211914,1,1,0.8345225444056474,0.7160349094698449,12.529964086141668,6.095678942314972,0.2941206320853336,0.15153641083204714,5.950050354003906,,,8.381641387939453
refiner_gtbox__detstats,ddti_1b0bfd8a9f,ddti,thyroid,,1,1,,,,,,,,0.0,0.0,
rough_otsu_gtbox,ddti_1b0bfd8a9f,ddti,thyroid,0.7224531173706055,1,1,0.8388653483992468,0.7224531170805879,25.495097567963924,7.397903679620494,0.37906219571567673,0.3841728637575417,8.359102249145508,,,8.359102249145508
rough_otsu_gtbox__detstats,ddti_1b0bfd8a9f,ddti,thyroid,,1,1,,,,,,,,0.0,0.0,
yolo26n_seg,ddti_cfa286754f,ddti,thyroid,0.88285231590271,1,1,0.9377817853922452,0.8828522920203735,3.0,1.2093132473767798,0.8458244111349036,0.01758641600970285,1.362943172454834,,,
yolo26n_seg__detstats,ddti_cfa286754f,ddti,thyroid,,1,1,,,,,,,,0.0,0.0,
seg_refiner,ddti_cfa286754f,ddti,thyroid,0.7969879508018494,1,1,0.8870264834059671,0.7969879518072289,4.47213595499958,2.106837429828949,0.5095698196812112,0.19102486355366888,2.3205151557922363,,,1.4069678783416748
seg_refiner__detstats,ddti_cfa286754f,ddti,thyroid,,1,1,,,,,,,,0.0,0.0,
refiner,ddti_cfa286754f,ddti,thyroid,0.7428571581840515,1,1,0.8524590163934426,0.7428571428571429,5.385164807134504,2.6180580420385846,0.420023282887078,0.15039417828987264,3.0689237117767334,,,4.794632434844971
refiner__detstats,ddti_cfa286754f,ddti,thyroid,,1,1,,,,,,,,0.0,0.0,
rough_otsu,ddti_cfa286754f,ddti,thyroid,0.6351074576377869,1,1,0.7768388106416275,0.6351074718526101,10.63014581273465,3.532218593623324,0.3352624226701257,0.0624620982413584,4.825439453125,,,4.825439453125
rough_otsu__detstats,ddti_cfa286754f,ddti,thyroid,,1,1,,,,,,,,0.0,0.0,
refiner_box,ddti_cfa286754f,ddti,thyroid,0.8248686790466309,1,1,0.9040307101727447,0.8248686514886164,5.0,1.8056899275263416,0.6737691129849684,0.10430563978168587,2.0616464614868164,,,4.604950904846191
refiner_box__detstats,ddti_cfa286754f,ddti,thyroid,,1,1,,,,,,,,0.0,0.0,
refiner_gtbox,ddti_cfa286754f,ddti,thyroid,0.6852638125419617,1,1,0.8132421734436848,0.6852637962401456,8.602325267042627,3.2865363814861737,0.3555842479018722,0.31473620375985445,4.074846267700195,,,5.033672332763672
refiner_gtbox__detstats,ddti_cfa286754f,ddti,thyroid,,1,1,,,,,,,,0.0,0.0,
rough_otsu_gtbox,ddti_cfa286754f,ddti,thyroid,0.5975215435028076,1,1,0.7480607082630691,0.5975215517241379,10.353500688156418,3.7572448068180044,0.3020791842587429,0.20194057004244997,5.014581203460693,,,5.014581203460693
rough_otsu_gtbox__detstats,ddti_cfa286754f,ddti,thyroid,,1,1,,,,,,,,0.0,0.0,
yolo26n_seg,ddti_9a98bb878f,ddti,thyroid,0.8499549031257629,1,1,0.9188925610879342,0.8499548962614012,10.0,3.22560148456282,0.47676009289600096,0.007504894496410702,2.8739428520202637,,,
yolo26n_seg__detstats,ddti_9a98bb878f,ddti,thyroid,,1,1,,,,,,,,0.0,0.0,
seg_refiner,ddti_9a98bb878f,ddti,thyroid,0.8508100509643555,1,1,0.9193920842060039,0.8508100586422821,8.0,3.2338768183263733,0.4641480826331417,0.025342614748749184,3.3869690895080566,,,3.484884738922119
seg_refiner__detstats,ddti_9a98bb878f,ddti,thyroid,,1,1,,,,,,,,0.0,0.0,
refiner,ddti_9a98bb878f,ddti,thyroid,0.824588418006897,1,2,0.9038623891937526,0.8245884278424954,11.180339887498949,3.903270454484556,0.38620980862135346,0.06134435501413966,4.82371711730957,,,9.45495319366455
refiner__detstats,ddti_9a98bb878f,ddti,thyroid,,1,2,,,,,,,,0.0,1.0,
rough_otsu,ddti_9a98bb878f,ddti,thyroid,0.5973561406135559,1,2,0.7479310559392695,0.5973561276215088,26.923037644443752,8.165192803930287,0.2451827242524917,0.25201218185773333,9.433113098144531,,,9.433113098144531
rough_otsu__detstats,ddti_9a98bb878f,ddti,thyroid,,1,2,,,,,,,,0.0,1.0,
refiner_box,ddti_9a98bb878f,ddti,thyroid,0.8238658905029297,1,2,0.9034281388558452,0.8238658777120316,8.602325267042627,3.958053714473449,0.2872517444981213,0.011529258211877311,4.147289752960205,,,11.422798156738281
refiner_box__detstats,ddti_9a98bb878f,ddti,thyroid,,1,2,,,,,,,,0.0,1.0,
refiner_gtbox,ddti_9a98bb878f,ddti,thyroid,0.8267620205879211,1,1,0.90516664091073,0.8267620212665852,10.770329614269007,3.9159225870552428,0.3848913104263699,0.11148575157711552,4.296387672424316,,,9.635275840759277
refiner_gtbox__detstats,ddti_9a98bb878f,ddti,thyroid,,1,1,,,,,,,,0.0,0.0,
rough_otsu_gtbox,ddti_9a98bb878f,ddti,thyroid,0.6145908832550049,1,1,0.7612961094293083,0.6145908761766835,26.129441890497404,8.696324948935615,0.2625816048260474,0.05982162279747662,9.586627960205078,,,9.586627960205078
rough_otsu_gtbox__detstats,ddti_9a98bb878f,ddti,thyroid,,1,1,,,,,,,,0.0,0.0,
yolo26n_seg,ddti_ade13232ad,ddti,thyroid,0.859455943107605,1,1,0.9244165795889934,0.8594559585492227,3.0,1.3380859378380379,0.8016686315407636,0.058823529411764705,1.1165099143981934,,,
yolo26n_seg__detstats,ddti_ade13232ad,ddti,thyroid,,1,1,,,,,,,,0.0,0.0,
seg_refiner,ddti_ade13232ad,ddti,thyroid,0.891566276550293,1,1,0.9426751592356688,0.891566265060241,2.8284271247461903,0.9851688665379824,0.8317175634189692,0.08924949290060852,1.1017588376998901,,,1.5583527088165283
seg_refiner__detstats,ddti_ade13232ad,ddti,thyroid,,1,1,,,,,,,,0.0,0.0,
refiner,ddti_ade13232ad,ddti,thyroid,0.8905109763145447,1,1,0.9420849420849421,0.8905109489051095,3.0,0.9897188837679493,0.8538011695906432,0.07369844489519946,1.2432763576507568,,,2.896758556365967
refiner__detstats,ddti_ade13232ad,ddti,thyroid,,1,1,,,,,,,,0.0,0.0,
rough_otsu,ddti_ade13232ad,ddti,thyroid,0.7342703938484192,1,1,0.8467773060594365,0.7342704149933066,5.521009528313442,2.5502844234563145,0.49132510288065845,0.24814063556457067,2.889806032180786,,,2.889806032180786
rough_otsu__detstats,ddti_ade13232ad,ddti,thyroid,,1,1,,,,,,,,0.0,0.0,
refiner_box,ddti_ade13232ad,ddti,thyroid,0.8695073127746582,1,1,0.9301994301994302,0.8695073235685752,3.0,1.2148906029328956,0.8433734939759037,0.10141987829614604,1.3282184600830078,,,2.9607346057891846
refiner_box__detstats,ddti_ade13232ad,ddti,thyroid,,1,1,,,,,,,,0.0,0.0,
refiner_gtbox,ddti_ade13232ad,ddti,thyroid,0.8810775279998779,1,1,0.9367796018162766,0.8810775295663601,2.8284271247461903,1.1092438850455697,0.8534386005650374,0.06423258958755916,1.2962220907211304,,,2.648146152496338
refiner_gtbox__detstats,ddti_ade13232ad,ddti,thyroid,,1,1,,,,,,,,0.0,0.0,
rough_otsu_gtbox,ddti_ade13232ad,ddti,thyroid,0.7571144700050354,1,1,0.8617702448210923,0.757114493712773,5.385164807134504,2.344701615425556,0.507360157016683,0.20486815415821502,2.6378729343414307,,,2.6378729343414307
rough_otsu_gtbox__detstats,ddti_ade13232ad,ddti,thyroid,,1,1,,,,,,,,0.0,0.0,
yolo26n_seg,ddti_7c4903c6a3,ddti,thyroid,0.0,1,1,0.0,0.0,,,0.0,,,,,
yolo26n_seg__detstats,ddti_7c4903c6a3,ddti,thyroid,,1,1,,,,,,,,1.0,1.0,
seg_refiner,ddti_7c4903c6a3,ddti,thyroid,0.0,1,1,0.0,0.0,,,0.0,,,,,
seg_refiner__detstats,ddti_7c4903c6a3,ddti,thyroid,,1,1,,,,,,,,1.0,1.0,
refiner,ddti_7c4903c6a3,ddti,thyroid,0.5755889415740967,1,1,0.7306333689312413,0.575588920528087,33.60059523282288,10.655694394394557,0.20768984982426242,0.40437803119674925,9.291177749633789,,,9.618407249450684
refiner__detstats,ddti_7c4903c6a3,ddti,thyroid,,1,1,,,,,,,,0.0,0.0,
rough_otsu,ddti_7c4903c6a3,ddti,thyroid,0.5723939538002014,1,1,0.7280541185833665,0.5723939431860844,34.0,10.390371105122792,0.19923255067025034,0.3529951500852012,9.620203971862793,,,9.620203971862793
rough_otsu__detstats,ddti_7c4903c6a3,ddti,thyroid,,1,1,,,,,,,,0.0,0.0,
refiner_box,ddti_7c4903c6a3,ddti,thyroid,0.5331875681877136,1,1,0.6955281483345919,0.5331875482377154,33.81838972182316,12.19417761233969,0.12353731056972951,0.43767204089657885,10.470911979675293,,,8.768087387084961
refiner_box__detstats,ddti_7c4903c6a3,ddti,thyroid,,1,1,,,,,,,,0.0,0.0,
refiner_gtbox,ddti_7c4903c6a3,ddti,thyroid,0.8348075747489929,1,1,0.9099674267100977,0.8348075543868038,8.602325267042627,3.9186141616994172,0.3083466931082095,0.012059247607812296,4.445460319519043,,,7.799067497253418
refiner_gtbox__detstats,ddti_7c4903c6a3,ddti,thyroid,,1,1,,,,,,,,0.0,0.0,
rough_otsu_gtbox,ddti_7c4903c6a3,ddti,thyroid,0.7236207127571106,1,1,0.8396519199172398,0.723620725823369,18.0,6.6651885152879515,0.23731021288720644,0.15401756455629834,7.780243873596191,,,7.780243873596191
rough_otsu_gtbox__detstats,ddti_7c4903c6a3,ddti,thyroid,,1,1,,,,,,,,0.0,0.0,
yolo26n_seg,ddti_8c5641ea57,ddti,thyroid,0.8727788329124451,1,1,0.9320682228301996,0.8727788073694538,15.0,4.157805442037484,0.43393326074425154,0.041721288116272445,3.369699716567993,,,
yolo26n_seg__detstats,ddti_8c5641ea57,ddti,thyroid,,1,1,,,,,,,,0.0,0.0,
seg_refiner,ddti_8c5641ea57,ddti,thyroid,0.8024929761886597,1,1,0.8904256194945254,0.8024929514764801,13.98567765543682,7.194136516228866,0.15699063750662784,0.07700199487033343,7.40837287902832,,,4.288222789764404
seg_refiner__detstats,ddti_8c5641ea57,ddti,thyroid,,1,1,,,,,,,,0.0,0.0,
refiner,ddti_8c5641ea57,ddti,thyroid,0.7660950422286987,1,1,0.8675581296312069,0.7660950661853189,21.470910553583888,8.768735979861617,0.16737594875619707,0.007580507267027643,8.74244499206543,,,15.384153366088867
refiner__detstats,ddti_8c5641ea57,ddti,thyroid,,1,1,,,,,,,,0.0,0.0,
rough_otsu,ddti_8c5641ea57,ddti,thyroid,0.6780210733413696,1,1,0.8081198646689222,0.6780210867802109,31.953090617340916,13.933870019601576,0.022641509433962263,0.3585066970646908,15.375194549560547,,,15.375194549560547
rough_otsu__detstats,ddti_8c5641ea57,ddti,thyroid,,1,1,,,,,,,,0.0,0.0,
refiner_box,ddti_8c5641ea57,ddti,thyroid,0.7542556524276733,1,1,0.8599153334432899,0.754255678256257,20.518284528683193,9.509349032874532,0.1276811349434217,0.07341122827016244,9.57451057434082,,,15.447256088256836
refiner_box__detstats,ddti_8c5641ea57,ddti,thyroid,,1,1,,,,,,,,0.0,0.0,
refiner_gtbox,ddti_8c5641ea57,ddti,thyroid,0.0,1,1,0.0,0.0,,,0.0,,,,,
refiner_gtbox__detstats,ddti_8c5641ea57,ddti,thyroid,,1,1,,,,,,,,1.0,1.0,
rough_otsu_gtbox,ddti_8c5641ea57,ddti,thyroid,0.0,1,1,0.0,0.0,,,0.0,,,,,
rough_otsu_gtbox__detstats,ddti_8c5641ea57,ddti,thyroid,,1,1,,,,,,,,1.0,1.0,
yolo26n_seg,ddti_54dd2b4e84,ddti,thyroid,0.7747758030891418,1,1,0.8730971043596554,0.7747758105311566,14.0,5.545107541980053,0.35062439961575403,0.2029103608847497,6.39956521987915,,,
yolo26n_seg__detstats,ddti_54dd2b4e84,ddti,thyroid,,1,1,,,,,,,,0.0,0.0,
seg_refiner,ddti_54dd2b4e84,ddti,thyroid,0.7329452633857727,1,1,0.8458954722558109,0.7329452852153667,13.416407864998739,6.711457777515762,0.16978776529338324,0.2670547147846333,6.53607177734375,,,5.669400215148926
seg_refiner__detstats,ddti_54dd2b4e84,ddti,thyroid,,1,1,,,,,,,,0.0,0.0,
refiner,ddti_54dd2b4e84,ddti,thyroid,0.6146133542060852,1,1,0.7613133476088508,0.6146133456263686,22.80350850198276,9.524667392809139,0.13839285714285715,0.3690337601862631,9.911332130432129,,,17.301040649414062
refiner__detstats,ddti_54dd2b4e84,ddti,thyroid,,1,1,,,,,,,,0.0,0.0,
rough_otsu,ddti_54dd2b4e84,ddti,thyroid,0.0,1,1,0.0,0.0,,,0.0,,,,,
rough_otsu__detstats,ddti_54dd2b4e84,ddti,thyroid,,1,1,,,,,,,,1.0,1.0,
refiner_box,ddti_54dd2b4e84,ddti,thyroid,0.7383296489715576,1,1,0.8494702472179649,0.7383296652380401,13.45362404707371,6.556619365139429,0.1652029249042442,0.2529685681024447,6.5815229415893555,,,6.3364763259887695
refiner_box__detstats,ddti_54dd2b4e84,ddti,thyroid,,1,1,,,,,,,,0.0,0.0,
refiner_gtbox,ddti_54dd2b4e84,ddti,thyroid,0.7305402755737305,1,1,0.8442915557863309,0.7305402673256206,17.0,6.393957885746078,0.2801854655563967,0.20640279394644936,6.884956359863281,,,13.027320861816406
refiner_gtbox__detstats,ddti_54dd2b4e84,ddti,thyroid,,1,1,,,,,,,,0.0,0.0,
rough_otsu_gtbox,ddti_54dd2b4e84,ddti,thyroid,0.0,1,1,0.0,0.0,,,0.0,,,,,
rough_otsu_gtbox__detstats,ddti_54dd2b4e84,ddti,thyroid,,1,1,,,,,,,,1.0,1.0,
yolo26n_seg,ddti_6410446b09,ddti,thyroid,0.9326243996620178,1,1,0.9651377762126948,0.9326244151424925,4.47213595499958,1.8541085691616992,0.6452887858347386,0.04861707610376224,2.1358911991119385,,,
yolo26n_seg__detstats,ddti_6410446b09,ddti,thyroid,,1,1,,,,,,,,0.0,0.0,
seg_refiner,ddti_6410446b09,ddti,thyroid,0.8769447207450867,1,1,0.934438516820246,0.8769447202912942,8.06225774829855,3.5229591620726106,0.39849093641689415,0.0517952241882838,3.7373766899108887,,,2.0671067237854004
seg_refiner__detstats,ddti_6410446b09,ddti,thyroid,,1,1,,,,,,,,0.0,0.0,
refiner,ddti_6410446b09,ddti,thyroid,0.830841600894928,1,1,0.9076062024038902,0.8308415924743827,14.012484096666366,4.743621622633777,0.31473023653039245,0.12764129874591995,4.802703857421875,,,10.192895889282227
refiner__detstats,ddti_6410446b09,ddti,thyroid,,1,1,,,,,,,,0.0,0.0,
rough_otsu,ddti_6410446b09,ddti,thyroid,0.6717628836631775,1,1,0.8036580813736469,0.6717628705148206,26.92582403567252,8.073849010638149,0.23264709191135108,0.15907919601443052,10.207073211669922,,,10.207073211669922
rough_otsu__detstats,ddti_6410446b09,ddti,thyroid,,1,1,,,,,,,,0.0,0.0,
refiner_box,ddti_6410446b09,ddti,thyroid,0.8695945143699646,1,1,0.9302493349564904,0.8695945376380342,10.295630140987,3.670379339532395,0.38924558587479935,0.0949149630647655,3.7830281257629395,,,9.684897422790527
refiner_box__detstats,ddti_6410446b09,ddti,thyroid,,1,1,,,,,,,,0.0,0.0,
refiner_gtbox,ddti_6410446b09,ddti,thyroid,0.8310816287994385,1,1,0.9077494157004721,0.8310816480657883,14.131448256403594,4.832272765971844,0.32716703835045513,0.125665693179866,4.915775299072266,,,9.74292278289795
refiner_gtbox__detstats,ddti_6410446b09,ddti,thyroid,,1,1,,,,,,,,0.0,0.0,
rough_otsu_gtbox,ddti_6410446b09,ddti,thyroid,0.678950309753418,1,1,0.8087795144662454,0.6789503070910106,25.98075498574717,7.9310302525566865,0.24994991531134464,0.19197732348393748,9.74917221069336,,,9.74917221069336
rough_otsu_gtbox__detstats,ddti_6410446b09,ddti,thyroid,,1,1,,,,,,,,0.0,0.0,
yolo26n_seg,ddti_3ab69060ab,ddti,thyroid,0.7024579644203186,1,2,0.8252279635258358,0.702457956015524,27.892651361962706,7.305185208457312,0.154314118258031,0.42357274401473294,8.583857536315918,,,
yolo26n_seg__detstats,ddti_3ab69060ab,ddti,thyroid,,1,2,,,,,,,,0.0,1.0,
seg_refiner,ddti_3ab69060ab,ddti,thyroid,0.79543137550354,1,2,0.8860615699193457,0.7954313685498674,16.501500930687072,3.934069454296805,0.40951446787641,0.02647329650092081,6.098196983337402,,,10.967984199523926
seg_refiner__detstats,ddti_3ab69060ab,ddti,thyroid,,1,2,,,,,,,,0.0,1.0,
refiner,ddti_3ab69060ab,ddti,thyroid,0.5463377237319946,1,2,0.7066214599122457,0.546337702390131,29.08163453045228,8.776400479385353,0.26357206893116847,0.30847145488029465,10.921842575073242,,,12.8438720703125
refiner__detstats,ddti_3ab69060ab,ddti,thyroid,,1,2,,,,,,,,0.0,1.0,
rough_otsu,ddti_3ab69060ab,ddti,thyroid,0.0,1,2,0.0,0.0,,,0.0,,,,,
rough_otsu__detstats,ddti_3ab69060ab,ddti,thyroid,,1,2,,,,,,,,1.0,2.0,
refiner_box,ddti_3ab69060ab,ddti,thyroid,0.628824770450592,1,2,0.7721208239940228,0.6288247566063978,17.0,6.865871102625164,0.111088504577823,0.15676795580110497,7.376843452453613,,,8.665552139282227
refiner_box__detstats,ddti_3ab69060ab,ddti,thyroid,,1,2,,,,,,,,0.0,1.0,
refiner_gtbox,ddti_3ab69060ab,ddti,thyroid,0.5338345766067505,1,1,0.696078431372549,0.5338345864661654,17.538293576962573,7.148674703951697,0.20203776471815557,0.1685082872928177,7.411137104034424,,,7.270071029663086
refiner_gtbox__detstats,ddti_3ab69060ab,ddti,thyroid,,1,1,,,,,,,,0.0,0.0,
rough_otsu_gtbox,ddti_3ab69060ab,ddti,thyroid,0.5479278564453125,1,1,0.7079501328428367,0.5479278709269219,18.36164223471048,5.5482150223126805,0.33070922880149883,0.2527624309392265,7.253774166107178,,,7.253774166107178
rough_otsu_gtbox__detstats,ddti_3ab69060ab,ddti,thyroid,,1,1,,,,,,,,0.0,0.0,
yolo26n_seg,ddti_57c3f20a3d,ddti,thyroid,0.0,1,0,0.0,0.0,,,0.0,,,,,
yolo26n_seg__detstats,ddti_57c3f20a3d,ddti,thyroid,,1,0,,,,,,,,1.0,0.0,
seg_refiner,ddti_57c3f20a3d,ddti,thyroid,0.0,1,0,0.0,0.0,,,0.0,,,,,
seg_refiner__detstats,ddti_57c3f20a3d,ddti,thyroid,,1,0,,,,,,,,1.0,0.0,
refiner,ddti_57c3f20a3d,ddti,thyroid,0.7020174264907837,1,1,0.8249239147845587,0.7020174482006543,13.30392053889424,3.99438578509366,0.3644889121182707,0.16003536693191867,4.1288652420043945,,,7.666107177734375
refiner__detstats,ddti_57c3f20a3d,ddti,thyroid,,1,1,,,,,,,,0.0,0.0,
rough_otsu,ddti_57c3f20a3d,ddti,thyroid,0.0,1,1,0.0,0.0,,,0.0,,,,,
rough_otsu__detstats,ddti_57c3f20a3d,ddti,thyroid,,1,1,,,,,,,,1.0,1.0,
refiner_box,ddti_57c3f20a3d,ddti,thyroid,0.8503747582435608,1,1,0.9191378562129322,0.8503747323340471,6.0,2.103514138781639,0.639156011131072,0.03743000294724433,2.359042167663574,,,7.722710132598877
refiner_box__detstats,ddti_57c3f20a3d,ddti,thyroid,,1,1,,,,,,,,0.0,0.0,
refiner_gtbox,ddti_57c3f20a3d,ddti,thyroid,0.6790019869804382,1,1,0.8088161629654367,0.6790019624334175,13.45362404707371,4.46165850427254,0.28110463898084903,0.23489537282640732,4.839916229248047,,,6.814362525939941
refiner_gtbox__detstats,ddti_57c3f20a3d,ddti,thyroid,,1,1,,,,,,,,0.0,0.0,
rough_otsu_gtbox,ddti_57c3f20a3d,ddti,thyroid,0.0,1,1,0.0,0.0,,,0.0,,,,,
rough_otsu_gtbox__detstats,ddti_57c3f20a3d,ddti,thyroid,,1,1,,,,,,,,1.0,1.0,
yolo26n_seg,ddti_7506b6edef,ddti,thyroid,0.0,1,1,0.0,0.0,,,0.0,,,,,
yolo26n_seg__detstats,ddti_7506b6edef,ddti,thyroid,,1,1,,,,,,,,1.0,1.0,
seg_refiner,ddti_7506b6edef,ddti,thyroid,0.0,1,1,0.0,0.0,,,0.0,,,,,
seg_refiner__detstats,ddti_7506b6edef,ddti,thyroid,,1,1,,,,,,,,1.0,1.0,
refiner,ddti_7506b6edef,ddti,thyroid,0.0,1,2,0.0,0.0,,,0.0,,,,,
refiner__detstats,ddti_7506b6edef,ddti,thyroid,,1,2,,,,,,,,1.0,2.0,
rough_otsu,ddti_7506b6edef,ddti,thyroid,0.0,1,2,0.0,0.0,,,0.0,,,,,
rough_otsu__detstats,ddti_7506b6edef,ddti,thyroid,,1,2,,,,,,,,1.0,2.0,
refiner_box,ddti_7506b6edef,ddti,thyroid,0.0,1,2,0.0,0.0,,,0.0,,,,,
refiner_box__detstats,ddti_7506b6edef,ddti,thyroid,,1,2,,,,,,,,1.0,2.0,
refiner_gtbox,ddti_7506b6edef,ddti,thyroid,0.0,1,1,0.0,0.0,,,0.0,,,,,
refiner_gtbox__detstats,ddti_7506b6edef,ddti,thyroid,,1,1,,,,,,,,1.0,1.0,
rough_otsu_gtbox,ddti_7506b6edef,ddti,thyroid,0.0,1,1,0.0,0.0,,,0.0,,,,,
rough_otsu_gtbox__detstats,ddti_7506b6edef,ddti,thyroid,,1,1,,,,,,,,1.0,1.0,
yolo26n_seg,ddti_91d165a82a,ddti,thyroid,0.7921390533447266,1,2,0.8840151834668916,0.7921390778533636,5.0,1.815079959614854,0.6686166053690886,0.05103806228373702,1.6426856517791748,,,
yolo26n_seg__detstats,ddti_91d165a82a,ddti,thyroid,,1,2,,,,,,,,0.0,1.0,
seg_refiner,ddti_91d165a82a,ddti,thyroid,0.8101367950439453,1,2,0.8951111111111111,0.8101367658889783,4.123105625617661,1.5578421242913392,0.7513633609371844,0.05363321799307959,1.5402898788452148,,,1.7888000011444092
seg_refiner__detstats,ddti_91d165a82a,ddti,thyroid,,1,2,,,,,,,,0.0,1.0,
refiner,ddti_91d165a82a,ddti,thyroid,0.8165438175201416,1,2,0.8990081154192967,0.8165438165438166,4.0,1.4961078286234026,0.7307885883817649,0.08131487889273356,1.4603934288024902,,,2.506293296813965
refiner__detstats,ddti_91d165a82a,ddti,thyroid,,1,2,,,,,,,,0.0,1.0,
rough_otsu,ddti_91d165a82a,ddti,thyroid,0.6948738694190979,1,2,0.8199711953912626,0.6948738812042311,6.324555320336759,2.58194123294695,0.5028670345126041,0.1980968858131488,2.5034327507019043,,,2.5034327507019043
rough_otsu__detstats,ddti_91d165a82a,ddti,thyroid,,1,2,,,,,,,,0.0,1.0,
refiner_box,ddti_91d165a82a,ddti,thyroid,0.835401177406311,1,2,0.9103199639477242,0.8354011579818031,3.073024947075769,1.2425047400272564,0.7983084373507946,0.08044982698961937,1.2770717144012451,,,2.5635523796081543
refiner_box__detstats,ddti_91d165a82a,ddti,thyroid,,1,2,,,,,,,,0.0,1.0,
refiner_gtbox,ddti_91d165a82a,ddti,thyroid,0.8277734518051147,1,1,0.9057724957555179,0.8277734678044996,4.0,1.4586043246018408,0.8033683439738221,0.03806228373702422,1.5290424823760986,,,2.112645149230957
refiner_gtbox__detstats,ddti_91d165a82a,ddti,thyroid,,1,1,,,,,,,,0.0,0.0,
rough_otsu_gtbox,ddti_91d165a82a,ddti,thyroid,0.7370967864990234,1,1,0.8486536675951718,0.7370967741935484,5.0,2.171417914300995,0.5732823691902482,0.13667820069204153,2.112846612930298,,,2.112846612930298
rough_otsu_gtbox__detstats,ddti_91d165a82a,ddti,thyroid,,1,1,,,,,,,,0.0,0.0,
yolo26n_seg,ddti_33e18d0483,ddti,thyroid,0.8861218094825745,1,1,0.9396230944664506,0.8861218021281413,6.0,1.7631828795862279,0.778655489279381,0.07445219123505976,1.402277946472168,,,
yolo26n_seg__detstats,ddti_33e18d0483,ddti,thyroid,,1,1,,,,,,,,0.0,0.0,
seg_refiner,ddti_33e18d0483,ddti,thyroid,0.8067940473556519,1,1,0.8930669800235017,0.8067940552016986,9.219544457292887,3.2421184594031427,0.4390780513357779,0.0928784860557769,3.0898847579956055,,,2.010901689529419
seg_refiner__detstats,ddti_33e18d0483,ddti,thyroid,,1,1,,,,,,,,0.0,0.0,
refiner,ddti_33e18d0483,ddti,thyroid,0.8116518259048462,1,1,0.8960351285031641,0.8116518483855872,7.0710678118654755,3.123234434195659,0.41792816859602255,0.07196215139442232,3.3953051567077637,,,2.6482770442962646
refiner__detstats,ddti_33e18d0483,ddti,thyroid,,1,1,,,,,,,,0.0,0.0,
rough_otsu,ddti_33e18d0483,ddti,thyroid,0.8607285618782043,1,1,0.9251522024591142,0.8607285650821856,5.385164807134504,2.2585283512821386,0.5936312127949508,0.08590637450199202,2.6681442260742188,,,2.6681442260742188
rough_otsu__detstats,ddti_33e18d0483,ddti,thyroid,,1,1,,,,,,,,0.0,0.0,
refiner_box,ddti_33e18d0483,ddti,thyroid,0.8314220309257507,1,1,0.9079524107701941,0.8314220183486238,7.280109889280518,2.776283271960948,0.5378330963033707,0.011703187250996016,3.0797367095947266,,,4.979344367980957
refiner_box__detstats,ddti_33e18d0483,ddti,thyroid,,1,1,,,,,,,,0.0,0.0,
refiner_gtbox,ddti_33e18d0483,ddti,thyroid,0.8068521618843079,1,1,0.8931025706286587,0.8068521499195217,8.246211251235321,3.2235215769571846,0.44893992481010714,0.04332669322709164,3.4717135429382324,,,2.8170013427734375
refiner_gtbox__detstats,ddti_33e18d0483,ddti,thyroid,,1,1,,,,,,,,0.0,0.0,
rough_otsu_gtbox,ddti_33e18d0483,ddti,thyroid,0.863470196723938,1,1,0.9267335871697242,0.863470221457751,7.003553390593271,2.471710245725191,0.5153909767527336,0.15811752988047809,2.834411859512329,,,2.834411859512329
rough_otsu_gtbox__detstats,ddti_33e18d0483,ddti,thyroid,,1,1,,,,,,,,0.0,0.0,
yolo26n_seg,ddti_1f952975a3,ddti,thyroid,0.7007802128791809,1,1,0.824069118434131,0.700780234070221,20.0,5.876950593762679,0.34584772488361615,0.13662914945148882,5.82039737701416,,,
yolo26n_seg__detstats,ddti_1f952975a3,ddti,thyroid,,1,1,,,,,,,,0.0,0.0,
seg_refiner,ddti_1f952975a3,ddti,thyroid,0.6904098391532898,1,1,0.8168549905838042,0.6904098686828491,24.01444036910929,6.302999953677281,0.24357635262168373,0.18435674597521015,5.0338921546936035,,,4.933247089385986
seg_refiner__detstats,ddti_1f952975a3,ddti,thyroid,,1,1,,,,,,,,0.0,0.0,
refiner,ddti_1f952975a3,ddti,thyroid,0.7679123878479004,1,1,0.8687222100736205,0.7679123711340207,10.295630140987,4.635899177275537,0.27350967104677243,0.04544806952557345,4.837405204772949,,,10.02407455444336
refiner__detstats,ddti_1f952975a3,ddti,thyroid,,1,1,,,,,,,,0.0,0.0,
rough_otsu,ddti_1f952975a3,ddti,thyroid,0.5061060190200806,1,1,0.6720722380908505,0.5061060227588121,23.194827009486403,10.013186916321946,0.2179914949296696,0.4537683430688132,10.014583587646484,,,10.014583587646484
rough_otsu__detstats,ddti_1f952975a3,ddti,thyroid,,1,1,,,,,,,,0.0,0.0,
refiner_box,ddti_1f952975a3,ddti,thyroid,0.7260880470275879,1,1,0.841310562193066,0.726088056680162,13.527445451240744,5.874821357268467,0.17830159272068755,0.056275822766775896,6.067418575286865,,,9.026789665222168
refiner_box__detstats,ddti_1f952975a3,ddti,thyroid,,1,1,,,,,,,,0.0,0.0,
refiner_gtbox,ddti_1f952975a3,ddti,thyroid,0.766162633895874,1,1,0.8676014561143319,0.7661626384093344,14.317821063276353,5.132585526324407,0.3185071028579276,0.11340646815785725,5.449461936950684,,,10.287656784057617
refiner_gtbox__detstats,ddti_1f952975a3,ddti,thyroid,,1,1,,,,,,,,0.0,0.0,
rough_otsu_gtbox,ddti_1f952975a3,ddti,thyroid,0.653538167476654,1,1,0.7904724365110648,0.653538175046555,22.0,9.61161701376185,0.20611144397843018,0.5301324975067674,10.274709701538086,,,10.274709701538086
rough_otsu_gtbox__detstats,ddti_1f952975a3,ddti,thyroid,,1,1,,,,,,,,0.0,0.0,
yolo26n_seg,ddti_8afc9502ef,ddti,thyroid,0.8750240206718445,1,1,0.9333469847445479,0.8750239969283932,10.0,2.8337802886188745,0.5187313977095777,0.13836891078270389,2.916567802429199,,,
yolo26n_seg__detstats,ddti_8afc9502ef,ddti,thyroid,,1,1,,,,,,,,0.0,0.0,
seg_refiner,ddti_8afc9502ef,ddti,thyroid,0.8282837867736816,1,1,0.9060779114827656,0.8282837699263541,12.0,4.035120278110442,0.32463589110184754,0.14690749863163657,4.655808448791504,,,3.1559572219848633
seg_refiner__detstats,ddti_8afc9502ef,ddti,thyroid,,1,1,,,,,,,,0.0,0.0,
refiner,ddti_8afc9502ef,ddti,thyroid,0.8184651136398315,1,1,0.9001713796058269,0.8184651343981301,10.198039027185569,4.1861946290106795,0.3126010842703171,0.04400656814449918,4.382882118225098,,,9.765754699707031
refiner__detstats,ddti_8afc9502ef,ddti,thyroid,,1,1,,,,,,,,0.0,0.0,
rough_otsu,ddti_8afc9502ef,ddti,thyroid,0.6914692521095276,1,1,0.8175959903338406,0.6914692301869654,19.37506481361778,8.993501661903714,0.04046037621051564,0.4461959496442255,9.733142852783203,,,9.733142852783203
rough_otsu__detstats,ddti_8afc9502ef,ddti,thyroid,,1,1,,,,,,,,0.0,0.0,
refiner_box,ddti_8afc9502ef,ddti,thyroid,0.8238062262535095,1,1,0.9033922907370572,0.8238062555152466,9.93198601080824,4.064674267823267,0.3152140118146958,0.036234263820470715,4.14156436920166,,,9.885915756225586
refiner_box__detstats,ddti_8afc9502ef,ddti,thyroid,,1,1,,,,,,,,0.0,0.0,
refiner_gtbox,ddti_8afc9502ef,ddti,thyroid,0.6132698059082031,1,1,0.7602817846360281,0.6132698343976621,20.12461179749811,7.840565721880846,0.32501747452171587,0.36836343732895455,7.881127834320068,,,8.174596786499023
refiner_gtbox__detstats,ddti_8afc9502ef,ddti,thyroid,,1,1,,,,,,,,0.0,0.0,
rough_otsu_gtbox,ddti_8afc9502ef,ddti,thyroid,0.6121984720230103,1,1,0.7594579679931326,0.6121984974298141,22.83198553212858,6.48214884753852,0.37997059751328766,0.2146688560481664,8.290342330932617,,,8.290342330932617
rough_otsu_gtbox__detstats,ddti_8afc9502ef,ddti,thyroid,,1,1,,,,,,,,0.0,0.0,
yolo26n_seg,ddti_221272fd42,ddti,thyroid,0.834682285785675,1,1,0.9098930186390206,0.8346823148522865,7.259407687774751,3.1227971650033974,0.4446369526226528,0.1234192037470726,2.928515672683716,,,
yolo26n_seg__detstats,ddti_221272fd42,ddti,thyroid,,1,1,,,,,,,,0.0,0.0,
seg_refiner,ddti_221272fd42,ddti,thyroid,0.8520980477333069,1,1,0.9201435621354868,0.8520980473618612,6.082762530298219,2.651796020203641,0.5196537971300522,0.08805620608899298,2.9379308223724365,,,3.455413818359375
seg_refiner__detstats,ddti_221272fd42,ddti,thyroid,,1,1,,,,,,,,0.0,0.0,
refiner,ddti_221272fd42,ddti,thyroid,0.8488081693649292,1,1,0.9182220039292731,0.8488081725312145,7.211102550927978,2.5582232207676316,0.5658420501163224,0.09274004683840749,2.7847251892089844,,,6.078919410705566
refiner__detstats,ddti_221272fd42,ddti,thyroid,,1,1,,,,,,,,0.0,0.0,
rough_otsu,ddti_221272fd42,ddti,thyroid,0.7630296349525452,1,1,0.8655891110165886,0.7630296212973379,14.317821063276353,4.297555925651958,0.40424857324032976,0.20234192037470727,6.0720109939575195,,,6.0720109939575195
rough_otsu__detstats,ddti_221272fd42,ddti,thyroid,,1,1,,,,,,,,0.0,0.0,
refiner_box,ddti_221272fd42,ddti,thyroid,0.8587896227836609,1,1,0.924031007751938,0.8587896253602305,5.0990195135927845,2.3699849328723195,0.5083278688524591,0.03629976580796253,2.525280475616455,,,8.487564086914062
refiner_box__detstats,ddti_221272fd42,ddti,thyroid,,1,1,,,,,,,,0.0,0.0,
refiner_gtbox,ddti_221272fd42,ddti,thyroid,0.8302854299545288,1,1,0.9072742780553187,0.83028545941124,8.0,2.9244630107559635,0.4709771975868298,0.07798594847775175,3.155085563659668,,,3.330746650695801
refiner_gtbox__detstats,ddti_221272fd42,ddti,thyroid,,1,1,,,,,,,,0.0,0.0,
rough_otsu_gtbox,ddti_221272fd42,ddti,thyroid,0.8398286700248718,1,1,0.9129422718808193,0.8398286937901499,6.4031242374328485,2.694863603009284,0.487375300997592,0.012177985948477752,3.314279794692993,,,3.314279794692993
rough_otsu_gtbox__detstats,ddti_221272fd42,ddti,thyroid,,1,1,,,,,,,,0.0,0.0,
yolo26n_seg,ddti_8de5d92d9d,ddti,thyroid,0.8275974988937378,1,1,0.9056671449067432,0.8275975090134382,8.94427190999916,4.367346652811911,0.25026874416736566,0.1938360655737705,4.289534568786621,,,
yolo26n_seg__detstats,ddti_8de5d92d9d,ddti,thyroid,,1,1,,,,,,,,0.0,0.0,
seg_refiner,ddti_8de5d92d9d,ddti,thyroid,0.7842490673065186,1,1,0.8790802472702063,0.7842490464900526,11.661903789690601,5.546164460820389,0.1835201729926592,0.2700327868852459,6.33052921295166,,,4.64843225479126
seg_refiner__detstats,ddti_8de5d92d9d,ddti,thyroid,,1,1,,,,,,,,0.0,0.0,
refiner,ddti_8de5d92d9d,ddti,thyroid,0.0,1,1,0.0,0.0,,,0.0,,,,,
refiner__detstats,ddti_8de5d92d9d,ddti,thyroid,,1,1,,,,,,,,1.0,1.0,
rough_otsu,ddti_8de5d92d9d,ddti,thyroid,0.0,1,1,0.0,0.0,,,0.0,,,,,
rough_otsu__detstats,ddti_8de5d92d9d,ddti,thyroid,,1,1,,,,,,,,1.0,1.0,
refiner_box,ddti_8de5d92d9d,ddti,thyroid,0.7580372095108032,1,1,0.8623676612127045,0.7580372250423012,12.173731171623889,6.516162323990035,0.08333072664143389,0.31645901639344265,6.9694366455078125,,,12.494314193725586
refiner_box__detstats,ddti_8de5d92d9d,ddti,thyroid,,1,1,,,,,,,,0.0,0.0,
refiner_gtbox,ddti_8de5d92d9d,ddti,thyroid,0.0,1,1,0.0,0.0,,,0.0,,,,,
refiner_gtbox__detstats,ddti_8de5d92d9d,ddti,thyroid,,1,1,,,,,,,,1.0,1.0,
rough_otsu_gtbox,ddti_8de5d92d9d,ddti,thyroid,0.0,1,1,0.0,0.0,,,0.0,,,,,
rough_otsu_gtbox__detstats,ddti_8de5d92d9d,ddti,thyroid,,1,1,,,,,,,,1.0,1.0,
yolo26n_seg,ddti_2fdfab30c9,ddti,thyroid,0.0,1,0,0.0,0.0,,,0.0,,,,,
yolo26n_seg__detstats,ddti_2fdfab30c9,ddti,thyroid,,1,0,,,,,,,,1.0,0.0,
seg_refiner,ddti_2fdfab30c9,ddti,thyroid,0.0,1,0,0.0,0.0,,,0.0,,,,,
seg_refiner__detstats,ddti_2fdfab30c9,ddti,thyroid,,1,0,,,,,,,,1.0,0.0,
refiner,ddti_2fdfab30c9,ddti,thyroid,0.0,1,2,0.0,0.0,,,0.0,,,,,
refiner__detstats,ddti_2fdfab30c9,ddti,thyroid,,1,2,,,,,,,,1.0,2.0,
rough_otsu,ddti_2fdfab30c9,ddti,thyroid,0.0,1,2,0.0,0.0,,,0.0,,,,,
rough_otsu__detstats,ddti_2fdfab30c9,ddti,thyroid,,1,2,,,,,,,,1.0,2.0,
refiner_box,ddti_2fdfab30c9,ddti,thyroid,0.7372742295265198,1,2,0.8487712665406427,0.7372742200328407,9.063593104095183,4.231874137029492,0.3193548387096774,0.280874653526332,4.970768928527832,,,9.393561363220215
refiner_box__detstats,ddti_2fdfab30c9,ddti,thyroid,,1,2,,,,,,,,0.0,1.0,
refiner_gtbox,ddti_2fdfab30c9,ddti,thyroid,0.0,1,1,0.0,0.0,,,0.0,,,,,
refiner_gtbox__detstats,ddti_2fdfab30c9,ddti,thyroid,,1,1,,,,,,,,1.0,1.0,
rough_otsu_gtbox,ddti_2fdfab30c9,ddti,thyroid,0.0,1,1,0.0,0.0,,,0.0,,,,,
rough_otsu_gtbox__detstats,ddti_2fdfab30c9,ddti,thyroid,,1,1,,,,,,,,1.0,1.0,
yolo26n_seg,ddti_65ec60d09d,ddti,thyroid,0.784520149230957,1,1,0.8792505204718946,0.7845201238390093,13.0,3.787916008830067,0.4488346686088857,0.1464746772591857,3.6549723148345947,,,
yolo26n_seg__detstats,ddti_65ec60d09d,ddti,thyroid,,1,1,,,,,,,,0.0,0.0,
seg_refiner,ddti_65ec60d09d,ddti,thyroid,0.7681898474693298,1,1,0.8688997338065662,0.7681898411453226,11.180339887498949,4.2898686795877,0.3238044349452311,0.23833167825223436,4.7706403732299805,,,4.450847625732422
seg_refiner__detstats,ddti_65ec60d09d,ddti,thyroid,,1,1,,,,,,,,0.0,0.0,
refiner,ddti_65ec60d09d,ddti,thyroid,0.7200504541397095,1,1,0.8372434017595308,0.7200504413619168,12.049884857752748,5.378422152281582,0.17287285355971443,0.37040714995034757,6.00169563293457,,,8.15256404876709
refiner__detstats,ddti_65ec60d09d,ddti,thyroid,,1,1,,,,,,,,0.0,0.0,
rough_otsu,ddti_65ec60d09d,ddti,thyroid,0.6456397175788879,1,1,0.7846671734173092,0.6456397426733381,18.64706295703393,5.738700919687931,0.27454204829308904,0.2862462760675273,8.071417808532715,,,8.071417808532715
rough_otsu__detstats,ddti_65ec60d09d,ddti,thyroid,,1,1,,,,,,,,0.0,0.0,
refiner_box,ddti_65ec60d09d,ddti,thyroid,0.682003378868103,1,1,0.8109417583526799,0.6820033955857385,15.556349186104045,6.6178472029069475,0.208955223880597,0.45953326713008935,6.919220924377441,,,16.710803985595703
refiner_box__detstats,ddti_65ec60d09d,ddti,thyroid,,1,1,,,,,,,,0.0,0.0,
refiner_gtbox,ddti_65ec60d09d,ddti,thyroid,0.8704888224601746,1,1,0.9307607766516058,0.8704888076747374,5.385164807134504,1.9595172142415431,0.6488996723743586,0.0330188679245283,2.182854652404785,,,5.316967964172363
refiner_gtbox__detstats,ddti_65ec60d09d,ddti,thyroid,,1,1,,,,,,,,0.0,0.0,
rough_otsu_gtbox,ddti_65ec60d09d,ddti,thyroid,0.748981773853302,1,1,0.856477509498713,0.7489817792068596,10.449798474101748,4.375906899707928,0.30424903431038397,0.02557100297914598,5.292158126831055,,,5.292158126831055
rough_otsu_gtbox__detstats,ddti_65ec60d09d,ddti,thyroid,,1,1,,,,,,,,0.0,0.0,
yolo26n_seg,ddti_489a74d797,ddti,thyroid,0.7893776297569275,1,2,0.8822929416564668,0.7893776236539515,11.0,3.989126616323346,0.47388306781443534,0.20702267739575714,3.931425094604492,,,
yolo26n_seg__detstats,ddti_489a74d797,ddti,thyroid,,1,2,,,,,,,,0.0,1.0,
seg_refiner,ddti_489a74d797,ddti,thyroid,0.8321273326873779,1,2,0.9083728278041074,0.8321273516642547,10.0,3.1965709503354134,0.5308620703801248,0.14776883686905634,2.9364118576049805,,,4.244054794311523
seg_refiner__detstats,ddti_489a74d797,ddti,thyroid,,1,2,,,,,,,,0.0,1.0,
refiner,ddti_489a74d797,ddti,thyroid,0.8169038891792297,1,1,0.8992263056092843,0.8169038833245476,14.0,3.3299672247822603,0.5264623955431755,0.10899780541331383,3.3093645572662354,,,7.30186653137207
refiner__detstats,ddti_489a74d797,ddti,thyroid,,1,1,,,,,,,,0.0,0.0,
rough_otsu,ddti_489a74d797,ddti,thyroid,0.581145167350769,1,1,0.7350939914658056,0.5811451495258935,24.128716171074437,7.226581672230973,0.1741654571843251,0.4142282370153621,7.29792594909668,,,7.29792594909668
rough_otsu__detstats,ddti_489a74d797,ddti,thyroid,,1,1,,,,,,,,0.0,0.0,
refiner_box,ddti_489a74d797,ddti,thyroid,0.8668593764305115,1,1,0.9286820293287185,0.866859377656861,8.388225099390834,2.4985255861946087,0.61579618667626,0.007863935625457206,2.8056163787841797,,,8.1112060546875
refiner_box__detstats,ddti_489a74d797,ddti,thyroid,,1,1,,,,,,,,0.0,0.0,
refiner_gtbox,ddti_489a74d797,ddti,thyroid,0.8099278211593628,1,1,0.8949835444300389,0.809927797833935,17.0,3.569997559325504,0.6485888583495341,0.16623994147768836,3.292837619781494,,,7.172059059143066
refiner_gtbox__detstats,ddti_489a74d797,ddti,thyroid,,1,1,,,,,,,,0.0,0.0,
rough_otsu_gtbox,ddti_489a74d797,ddti,thyroid,0.5752678513526917,1,1,0.7303746397694525,0.5752678409297258,24.077916231480874,7.234601621013619,0.17528735632183906,0.41349670811997075,7.1886677742004395,,,7.1886677742004395
rough_otsu_gtbox__detstats,ddti_489a74d797,ddti,thyroid,,1,1,,,,,,,,0.0,0.0,
yolo26n_seg,ddti_b40cf90f18,ddti,thyroid,0.8278375267982483,1,2,0.9058108621344474,0.8278375564040263,7.545179782593586,2.1668775009251133,0.7428169737003604,0.11741053478086047,1.9286973476409912,,,
yolo26n_seg__detstats,ddti_b40cf90f18,ddti,thyroid,,1,2,,,,,,,,0.0,1.0,
seg_refiner,ddti_b40cf90f18,ddti,thyroid,0.8269449472427368,1,2,0.9052762775238886,0.8269449715370019,4.47213595499958,2.031890582452304,0.5687973997833153,0.06433453960595094,2.1901440620422363,,,2.5957226753234863
seg_refiner__detstats,ddti_b40cf90f18,ddti,thyroid,,1,2,,,,,,,,0.0,1.0,
refiner,ddti_b40cf90f18,ddti,thyroid,0.5157145857810974,1,1,0.6804903889813834,0.5157146134434504,21.75266947145488,8.654545072052477,0.2543478260869565,0.6566143948532368,10.82516860961914,,,13.062255859375
refiner__detstats,ddti_b40cf90f18,ddti,thyroid,,1,1,,,,,,,,0.0,0.0,
rough_otsu,ddti_b40cf90f18,ddti,thyroid,0.0,1,1,0.0,0.0,,,0.0,,,,,
rough_otsu__detstats,ddti_b40cf90f18,ddti,thyroid,,1,1,,,,,,,,1.0,1.0,
refiner_box,ddti_b40cf90f18,ddti,thyroid,0.5279601812362671,1,1,0.6910653430137799,0.5279601539506452,22.481087383355504,8.577086123220592,0.3552459730082717,0.7137112987535182,10.14267349243164,,,15.062893867492676
refiner_box__detstats,ddti_b40cf90f18,ddti,thyroid,,1,1,,,,,,,,0.0,0.0,
refiner_gtbox,ddti_b40cf90f18,ddti,thyroid,0.7796609997749329,1,1,0.8761904761904762,0.7796610169491526,6.0,2.565151706491593,0.46325830973319426,0.10012062726176116,2.647650718688965,,,5.22853946685791
refiner_gtbox__detstats,ddti_b40cf90f18,ddti,thyroid,,1,1,,,,,,,,0.0,0.0,
rough_otsu_gtbox,ddti_b40cf90f18,ddti,thyroid,0.6338428854942322,1,1,0.7758920800696257,0.6338428723782439,11.702560104668171,4.2797504643127,0.39582864672044216,0.1519903498190591,5.20277214050293,,,5.20277214050293
rough_otsu_gtbox__detstats,ddti_b40cf90f18,ddti,thyroid,,1,1,,,,,,,,0.0,0.0,
yolo26n_seg,ddti_7c62604dba,ddti,thyroid,0.8632283806800842,1,1,0.926594276488816,0.8632283731987773,14.0,5.187630606986467,0.2865411681914145,0.0720297831013273,6.0462470054626465,,,
yolo26n_seg__detstats,ddti_7c62604dba,ddti,thyroid,,1,1,,,,,,,,0.0,0.0,
seg_refiner,ddti_7c62604dba,ddti,thyroid,0.8245965838432312,1,1,0.903867287665498,0.8245965816862408,14.642061091229953,6.782558225887637,0.15465715725415713,0.0620481277651883,7.317131996154785,,,5.555688381195068
seg_refiner__detstats,ddti_7c62604dba,ddti,thyroid,,1,1,,,,,,,,0.0,0.0,
refiner,ddti_7c62604dba,ddti,thyroid,0.8039309978485107,1,1,0.8913101564587478,0.8039310197086547,16.76305461424021,6.725265330192032,0.19994045397553584,0.18263731520448906,8.045998573303223,,,18.266284942626953
refiner__detstats,ddti_7c62604dba,ddti,thyroid,,1,1,,,,,,,,0.0,0.0,
rough_otsu,ddti_7c62604dba,ddti,thyroid,0.5246096253395081,1,1,0.6881887634372253,0.5246095964541566,41.610093471209986,14.919853515880508,0.08944415197544972,0.40390633430452144,18.123905181884766,,,18.123905181884766
rough_otsu__detstats,ddti_7c62604dba,ddti,thyroid,,1,1,,,,,,,,0.0,0.0,
refiner_box,ddti_7c62604dba,ddti,thyroid,0.8078617453575134,1,1,0.8937207023491088,0.8078617255577899,15.0,7.368407406618228,0.14512025509684862,0.03728283155282184,8.056164741516113,,,13.338440895080566
refiner_box__detstats,ddti_7c62604dba,ddti,thyroid,,1,1,,,,,,,,0.0,0.0,
refiner_gtbox,ddti_7c62604dba,ddti,thyroid,0.6933491826057434,1,1,0.8189086739081961,0.693349155833648,28.635642126552707,11.39538421047472,0.11041618407844954,0.30619402179777705,12.257223129272461,,,24.036895751953125
refiner_gtbox__detstats,ddti_7c62604dba,ddti,thyroid,,1,1,,,,,,,,0.0,0.0,
rough_otsu_gtbox,ddti_7c62604dba,ddti,thyroid,0.0,1,1,0.0,0.0,,,0.0,,,,,
rough_otsu_gtbox__detstats,ddti_7c62604dba,ddti,thyroid,,1,1,,,,,,,,1.0,1.0,
yolo26n_seg,ddti_4b8d19d7a1,ddti,thyroid,0.9180442094802856,1,1,0.9572711697211983,0.9180442142999402,11.0,3.059400533359214,0.5696794901614178,0.06807322703602298,3.5904321670532227,,,
yolo26n_seg__detstats,ddti_4b8d19d7a1,ddti,thyroid,,1,1,,,,,,,,0.0,0.0,
seg_refiner,ddti_4b8d19d7a1,ddti,thyroid,0.8843765258789062,1,1,0.9386409866879523,0.8843765162542455,11.704699910719626,4.372517962138309,0.4079156668733655,0.08498416277446717,4.949311256408691,,,3.3915982246398926
seg_refiner__detstats,ddti_4b8d19d7a1,ddti,thyroid,,1,1,,,,,,,,0.0,0.0,
refiner,ddti_4b8d19d7a1,ddti,thyroid,0.0,1,1,0.0,0.0,,,0.0,,,,,
refiner__detstats,ddti_4b8d19d7a1,ddti,thyroid,,1,1,,,,,,,,1.0,1.0,
rough_otsu,ddti_4b8d19d7a1,ddti,thyroid,0.0,1,1,0.0,0.0,,,0.0,,,,,
rough_otsu__detstats,ddti_4b8d19d7a1,ddti,thyroid,,1,1,,,,,,,,1.0,1.0,
refiner_box,ddti_4b8d19d7a1,ddti,thyroid,0.8389039039611816,1,1,0.9123955862637929,0.8389039017683592,18.67349504681628,6.549542058285006,0.18473825852938625,0.08235357277070919,6.788142204284668,,,14.07105827331543
refiner_box__detstats,ddti_4b8d19d7a1,ddti,thyroid,,1,1,,,,,,,,0.0,0.0,
refiner_gtbox,ddti_4b8d19d7a1,ddti,thyroid,0.0,1,1,0.0,0.0,,,0.0,,,,,
refiner_gtbox__detstats,ddti_4b8d19d7a1,ddti,thyroid,,1,1,,,,,,,,1.0,1.0,
rough_otsu_gtbox,ddti_4b8d19d7a1,ddti,thyroid,0.0,1,1,0.0,0.0,,,0.0,,,,,
rough_otsu_gtbox__detstats,ddti_4b8d19d7a1,ddti,thyroid,,1,1,,,,,,,,1.0,1.0,
yolo26n_seg,ddti_6ee55d72ab,ddti,thyroid,0.6015936136245728,1,1,0.7512437810945274,0.601593625498008,15.365193387422845,5.524338408418744,0.4003491416933372,0.15511702615878845,5.1979570388793945,,,
yolo26n_seg__detstats,ddti_6ee55d72ab,ddti,thyroid,,1,1,,,,,,,,0.0,0.0,
seg_refiner,ddti_6ee55d72ab,ddti,thyroid,0.5649788975715637,1,1,0.7220275006740361,0.5649789029535865,15.132745950421556,5.820285460356137,0.3075214687592538,0.29784304726938965,4.951671600341797,,,5.008427619934082
seg_refiner__detstats,ddti_6ee55d72ab,ddti,thyroid,,1,1,,,,,,,,0.0,0.0,
refiner,ddti_6ee55d72ab,ddti,thyroid,0.0,1,1,0.0,0.0,,,0.0,,,,,
refiner__detstats,ddti_6ee55d72ab,ddti,thyroid,,1,1,,,,,,,,1.0,1.0,
rough_otsu,ddti_6ee55d72ab,ddti,thyroid,0.0,1,1,0.0,0.0,,,0.0,,,,,
rough_otsu__detstats,ddti_6ee55d72ab,ddti,thyroid,,1,1,,,,,,,,1.0,1.0,
refiner_box,ddti_6ee55d72ab,ddti,thyroid,0.0,1,1,0.0,0.0,,,0.0,,,,,
refiner_box__detstats,ddti_6ee55d72ab,ddti,thyroid,,1,1,,,,,,,,1.0,1.0,
refiner_gtbox,ddti_6ee55d72ab,ddti,thyroid,0.7787139415740967,1,1,0.8755921216654201,0.7787139689578714,6.359911333029999,2.6310422760620384,0.4786729857819905,0.15924736117485086,2.648108959197998,,,3.28613543510437
refiner_gtbox__detstats,ddti_6ee55d72ab,ddti,thyroid,,1,1,,,,,,,,0.0,0.0,
rough_otsu_gtbox,ddti_6ee55d72ab,ddti,thyroid,0.7642276287078857,1,1,0.8663594470046083,0.7642276422764228,8.48528137423857,3.050085312443979,0.5144193296960249,0.09132629646626893,3.271728038787842,,,3.271728038787842
rough_otsu_gtbox__detstats,ddti_6ee55d72ab,ddti,thyroid,,1,1,,,,,,,,0.0,0.0,
yolo26n_seg,ddti_8dad71b90d,ddti,thyroid,0.5803461074829102,1,1,0.7344544387954635,0.5803461063040791,22.0,8.238464281221525,0.1843821739605728,0.6378954607977991,7.935346603393555,,,
yolo26n_seg__detstats,ddti_8dad71b90d,ddti,thyroid,,1,1,,,,,,,,0.0,0.0,
seg_refiner,ddti_8dad71b90d,ddti,thyroid,0.6632483005523682,1,1,0.7975336965873243,0.6632482709277367,14.866068747318506,5.894010339994561,0.15647589080704144,0.3982118294360385,6.79911994934082,,,10.06733512878418
seg_refiner__detstats,ddti_8dad71b90d,ddti,thyroid,,1,1,,,,,,,,0.0,0.0,
refiner,ddti_8dad71b90d,ddti,thyroid,0.5931823253631592,1,1,0.7446509009009009,0.5931823278762054,17.88854381999832,7.671988705281505,0.10056989607777406,0.44291609353507566,8.771515846252441,,,15.02025318145752
refiner__detstats,ddti_8dad71b90d,ddti,thyroid,,1,1,,,,,,,,0.0,0.0,
rough_otsu,ddti_8dad71b90d,ddti,thyroid,0.0,1,1,0.0,0.0,,,0.0,,,,,
rough_otsu__detstats,ddti_8dad71b90d,ddti,thyroid,,1,1,,,,,,,,1.0,1.0,
refiner_box,ddti_8dad71b90d,ddti,thyroid,0.5888143181800842,1,1,0.7411996620670234,0.5888143176733781,18.98946638440411,7.7454973077968265,0.1683642658722171,0.44222833562585967,8.918717384338379,,,14.767661094665527
refiner_box__detstats,ddti_8dad71b90d,ddti,thyroid,,1,1,,,,,,,,0.0,0.0,
refiner_gtbox,ddti_8dad71b90d,ddti,thyroid,0.0,1,1,0.0,0.0,,,0.0,,,,,
refiner_gtbox__detstats,ddti_8dad71b90d,ddti,thyroid,,1,1,,,,,,,,1.0,1.0,
rough_otsu_gtbox,ddti_8dad71b90d,ddti,thyroid,0.0,1,1,0.0,0.0,,,0.0,,,,,
rough_otsu_gtbox__detstats,ddti_8dad71b90d,ddti,thyroid,,1,1,,,,,,,,1.0,1.0,
yolo26n_seg,ddti_a8736f35aa,ddti,thyroid,0.7452554702758789,1,2,0.8540359682141363,0.7452554744525547,5.0,2.309319777028452,0.5239529154119901,0.0902555910543131,2.688194751739502,,,
yolo26n_seg__detstats,ddti_a8736f35aa,ddti,thyroid,,1,2,,,,,,,,0.0,1.0,
seg_refiner,ddti_a8736f35aa,ddti,thyroid,0.7967422008514404,1,2,0.8868742609381158,0.796742209631728,4.123105625617661,1.8734893413362563,0.6282722513089005,0.026357827476038338,2.0420217514038086,,,2.481424331665039
seg_refiner__detstats,ddti_a8736f35aa,ddti,thyroid,,1,2,,,,,,,,0.0,1.0,
refiner,ddti_a8736f35aa,ddti,thyroid,0.7146872878074646,1,1,0.8336065573770491,0.7146872803935348,8.0,2.729918502039247,0.5989304812834224,0.051118210862619806,2.7255992889404297,,,3.524587869644165
refiner__detstats,ddti_a8736f35aa,ddti,thyroid,,1,1,,,,,,,,0.0,0.0,
rough_otsu,ddti_a8736f35aa,ddti,thyroid,0.6770963668823242,1,1,0.8074626865671641,0.6770963704630788,7.615773105863909,3.436548456648079,0.3516746411483253,0.14057507987220447,3.5294623374938965,,,3.5294623374938965
rough_otsu__detstats,ddti_a8736f35aa,ddti,thyroid,,1,1,,,,,,,,0.0,0.0,
refiner_box,ddti_a8736f35aa,ddti,thyroid,0.7209964394569397,1,1,0.8378825475599669,0.7209964412811388,8.0,2.635280382390448,0.6086956521739131,0.06869009584664537,2.5908255577087402,,,3.583273410797119
refiner_box__detstats,ddti_a8736f35aa,ddti,thyroid,,1,1,,,,,,,,0.0,0.0,
refiner_gtbox,ddti_a8736f35aa,ddti,thyroid,0.7760229706764221,1,1,0.8738884397736459,0.7760229720028715,4.47213595499958,2.1183449843481648,0.5498738212245983,0.023961661341853034,2.0784096717834473,,,3.3531432151794434
refiner_gtbox__detstats,ddti_a8736f35aa,ddti,thyroid,,1,1,,,,,,,,0.0,0.0,
rough_otsu_gtbox,ddti_a8736f35aa,ddti,thyroid,0.7296037077903748,1,1,0.8436657681940701,0.7296037296037297,8.06225774829855,3.0549659459986787,0.5711432850723915,0.3706070287539936,3.340989589691162,,,3.340989589691162
rough_otsu_gtbox__detstats,ddti_a8736f35aa,ddti,thyroid,,1,1,,,,,,,,0.0,0.0,
yolo26n_seg,ddti_feb395b080,ddti,thyroid,0.0,1,2,0.0,0.0,,,0.0,,,,,
yolo26n_seg__detstats,ddti_feb395b080,ddti,thyroid,,1,2,,,,,,,,1.0,2.0,
seg_refiner,ddti_feb395b080,ddti,thyroid,0.0,1,2,0.0,0.0,,,0.0,,,,,
seg_refiner__detstats,ddti_feb395b080,ddti,thyroid,,1,2,,,,,,,,1.0,2.0,
refiner,ddti_feb395b080,ddti,thyroid,0.0,1,2,0.0,0.0,,,0.0,,,,,
refiner__detstats,ddti_feb395b080,ddti,thyroid,,1,2,,,,,,,,1.0,2.0,
rough_otsu,ddti_feb395b080,ddti,thyroid,0.0,1,2,0.0,0.0,,,0.0,,,,,
rough_otsu__detstats,ddti_feb395b080,ddti,thyroid,,1,2,,,,,,,,1.0,2.0,
refiner_box,ddti_feb395b080,ddti,thyroid,0.0,1,2,0.0,0.0,,,0.0,,,,,
refiner_box__detstats,ddti_feb395b080,ddti,thyroid,,1,2,,,,,,,,1.0,2.0,
refiner_gtbox,ddti_feb395b080,ddti,thyroid,0.6452513933181763,1,1,0.7843803056027164,0.6452513966480447,16.72114644123877,7.432871911377137,0.22843210802700675,0.34188301532686893,7.849863052368164,,,11.708526611328125
refiner_gtbox__detstats,ddti_feb395b080,ddti,thyroid,,1,1,,,,,,,,0.0,0.0,
rough_otsu_gtbox,ddti_feb395b080,ddti,thyroid,0.0,1,1,0.0,0.0,,,0.0,,,,,
rough_otsu_gtbox__detstats,ddti_feb395b080,ddti,thyroid,,1,1,,,,,,,,1.0,1.0,
yolo26n_seg,ddti_5dfcfa97df,ddti,thyroid,0.9226394295692444,1,1,0.9597633445901725,0.9226394201731427,9.294597293460168,2.7056490530946293,0.5690788618942446,0.030268653637910585,3.363788366317749,,,
yolo26n_seg__detstats,ddti_5dfcfa97df,ddti,thyroid,,1,1,,,,,,,,0.0,0.0,
seg_refiner,ddti_5dfcfa97df,ddti,thyroid,0.8234938979148865,1,1,0.9032044381882918,0.8234938849463989,20.248456731316587,6.525699309783697,0.2741528478731074,0.13174856907131438,6.134579181671143,,,3.0841450691223145
seg_refiner__detstats,ddti_5dfcfa97df,ddti,thyroid,,1,1,,,,,,,,0.0,0.0,
refiner,ddti_5dfcfa97df,ddti,thyroid,0.6235049962997437,1,1,0.7680973934758858,0.623504966551794,41.11568191588831,13.823436485421116,0.08997213019929537,0.34811529933481156,13.482967376708984,,,18.375823974609375
refiner__detstats,ddti_5dfcfa97df,ddti,thyroid,,1,1,,,,,,,,0.0,0.0,
rough_otsu,ddti_5dfcfa97df,ddti,thyroid,0.5251765847206116,1,1,0.688676426650732,0.5251765778081567,50.42316774675702,16.6198729024452,0.15483884068860135,0.2741195276646213,18.184003829956055,,,18.184003829956055
rough_otsu__detstats,ddti_5dfcfa97df,ddti,thyroid,,1,1,,,,,,,,0.0,0.0,
refiner_box,ddti_5dfcfa97df,ddti,thyroid,0.7496063113212585,1,1,0.8568856885688569,0.7496062992125985,22.02271554554524,9.076108119829417,0.22888169572935158,0.22404991491775383,8.775721549987793,,,10.09182357788086
refiner_box__detstats,ddti_5dfcfa97df,ddti,thyroid,,1,1,,,,,,,,0.0,0.0,
refiner_gtbox,ddti_5dfcfa97df,ddti,thyroid,0.6484437584877014,1,1,0.7867344763528946,0.6484437751004016,41.89255171603898,12.552633032320395,0.12833485991770982,0.3067601711957923,14.168911933898926,,,18.727405548095703
refiner_gtbox__detstats,ddti_5dfcfa97df,ddti,thyroid,,1,1,,,,,,,,0.0,0.0,
rough_otsu_gtbox,ddti_5dfcfa97df,ddti,thyroid,0.5466713309288025,1,1,0.7069004270622612,0.5466713019294281,46.75788494687557,15.276932871152784,0.2556657520474206,0.1646986025885629,18.744205474853516,,,18.744205474853516
rough_otsu_gtbox__detstats,ddti_5dfcfa97df,ddti,thyroid,,1,1,,,,,,,,0.0,0.0,
yolo26n_seg,ddti_29ec7eabab,ddti,thyroid,0.0,1,2,0.0,0.0,,,0.0,,,,,
yolo26n_seg__detstats,ddti_29ec7eabab,ddti,thyroid,,1,2,,,,,,,,1.0,2.0,
seg_refiner,ddti_29ec7eabab,ddti,thyroid,0.0,1,2,0.0,0.0,,,0.0,,,,,
seg_refiner__detstats,ddti_29ec7eabab,ddti,thyroid,,1,2,,,,,,,,1.0,2.0,
refiner,ddti_29ec7eabab,ddti,thyroid,0.0,1,0,0.0,0.0,,,0.0,,,,,
refiner__detstats,ddti_29ec7eabab,ddti,thyroid,,1,0,,,,,,,,1.0,0.0,
rough_otsu,ddti_29ec7eabab,ddti,thyroid,0.0,1,0,0.0,0.0,,,0.0,,,,,
rough_otsu__detstats,ddti_29ec7eabab,ddti,thyroid,,1,0,,,,,,,,1.0,0.0,
refiner_gtbox,ddti_29ec7eabab,ddti,thyroid,0.6713963747024536,1,1,0.8033957687643175,0.6713963963963964,19.951158249361324,7.556217599919924,0.20263911834208162,0.06719624951165516,8.348836898803711,,,14.848121643066406
refiner_gtbox__detstats,ddti_29ec7eabab,ddti,thyroid,,1,1,,,,,,,,0.0,0.0,
rough_otsu_gtbox,ddti_29ec7eabab,ddti,thyroid,0.0,1,1,0.0,0.0,,,0.0,,,,,
rough_otsu_gtbox__detstats,ddti_29ec7eabab,ddti,thyroid,,1,1,,,,,,,,1.0,1.0,
yolo26n_seg,ddti_ad3b19cbcd,ddti,thyroid,0.8996495604515076,1,1,0.9471742411537817,0.8996495699267283,5.0,2.4117816958490503,0.49622835687547356,0.07987443320544123,2.3628251552581787,,,
yolo26n_seg__detstats,ddti_ad3b19cbcd,ddti,thyroid,,1,1,,,,,,,,0.0,0.0,
seg_refiner,ddti_ad3b19cbcd,ddti,thyroid,0.8652105927467346,1,1,0.9277350284376046,0.865210608424337,8.0,3.2882899087061643,0.39562923888470236,0.0851063829787234,3.688067674636841,,,2.635349988937378
seg_refiner__detstats,ddti_ad3b19cbcd,ddti,thyroid,,1,1,,,,,,,,0.0,0.0,
refiner,ddti_ad3b19cbcd,ddti,thyroid,0.0,1,1,0.0,0.0,,,0.0,,,,,
refiner__detstats,ddti_ad3b19cbcd,ddti,thyroid,,1,1,,,,,,,,1.0,1.0,
rough_otsu,ddti_ad3b19cbcd,ddti,thyroid,0.0,1,1,0.0,0.0,,,0.0,,,,,
rough_otsu__detstats,ddti_ad3b19cbcd,ddti,thyroid,,1,1,,,,,,,,1.0,1.0,
refiner_box,ddti_ad3b19cbcd,ddti,thyroid,0.8456973433494568,1,1,0.9163987138263665,0.8456973293768546,10.63014581273465,4.076878647929426,0.30252016466414544,0.16951517265434252,4.561639785766602,,,11.05072021484375
refiner_box__detstats,ddti_ad3b19cbcd,ddti,thyroid,,1,1,,,,,,,,0.0,0.0,
refiner_gtbox,ddti_ad3b19cbcd,ddti,thyroid,0.0,1,1,0.0,0.0,,,0.0,,,,,
refiner_gtbox__detstats,ddti_ad3b19cbcd,ddti,thyroid,,1,1,,,,,,,,1.0,1.0,
rough_otsu_gtbox,ddti_ad3b19cbcd,ddti,thyroid,0.0,1,1,0.0,0.0,,,0.0,,,,,
rough_otsu_gtbox__detstats,ddti_ad3b19cbcd,ddti,thyroid,,1,1,,,,,,,,1.0,1.0,
yolo26n_seg,ddti_e9be59c1a3,ddti,thyroid,0.8878154158592224,1,1,0.9405743771940955,0.8878153944426701,9.0,2.879864207521482,0.5072601714608306,0.08290018500572637,3.216388463973999,,,
yolo26n_seg__detstats,ddti_e9be59c1a3,ddti,thyroid,,1,1,,,,,,,,0.0,0.0,
seg_refiner,ddti_e9be59c1a3,ddti,thyroid,0.8113691210746765,1,1,0.8958628220164193,0.8113691304666325,16.061890057446043,5.466480858882214,0.28387443560524617,0.17839837899744515,5.716718673706055,,,3.1110777854919434
seg_refiner__detstats,ddti_e9be59c1a3,ddti,thyroid,,1,1,,,,,,,,0.0,0.0,
refiner,ddti_e9be59c1a3,ddti,thyroid,0.0,1,1,0.0,0.0,,,0.0,,,,,
refiner__detstats,ddti_e9be59c1a3,ddti,thyroid,,1,1,,,,,,,,1.0,1.0,
rough_otsu,ddti_e9be59c1a3,ddti,thyroid,0.0,1,1,0.0,0.0,,,0.0,,,,,
rough_otsu__detstats,ddti_e9be59c1a3,ddti,thyroid,,1,1,,,,,,,,1.0,1.0,
refiner_box,ddti_e9be59c1a3,ddti,thyroid,0.7870451211929321,1,1,0.8808340799869675,0.7870451237263464,18.883817818647753,6.236741025881207,0.23906083244397008,0.16315743106334243,6.763261318206787,,,17.26575469970703
refiner_box__detstats,ddti_e9be59c1a3,ddti,thyroid,,1,1,,,,,,,,0.0,0.0,
refiner_gtbox,ddti_e9be59c1a3,ddti,thyroid,0.0,1,1,0.0,0.0,,,0.0,,,,,
refiner_gtbox__detstats,ddti_e9be59c1a3,ddti,thyroid,,1,1,,,,,,,,1.0,1.0,
rough_otsu_gtbox,ddti_e9be59c1a3,ddti,thyroid,0.0,1,1,0.0,0.0,,,0.0,,,,,
rough_otsu_gtbox__detstats,ddti_e9be59c1a3,ddti,thyroid,,1,1,,,,,,,,1.0,1.0,
yolo26n_seg,ddti_3db3d34949,ddti,thyroid,0.8808615207672119,1,1,0.9366574865922598,0.8808615049073064,5.453087167723973,1.7589778599288386,0.7212185363928308,0.02020497803806735,1.9080909490585327,,,
yolo26n_seg__detstats,ddti_3db3d34949,ddti,thyroid,,1,1,,,,,,,,0.0,0.0,
seg_refiner,ddti_3db3d34949,ddti,thyroid,0.8803466558456421,1,1,0.936366339577758,0.8803466592116299,5.830951894845301,1.734531553470704,0.7164602542419117,0.030453879941434846,1.8510688543319702,,,1.9892539978027344
seg_refiner__detstats,ddti_3db3d34949,ddti,thyroid,,1,1,,,,,,,,0.0,0.0,
refiner,ddti_3db3d34949,ddti,thyroid,0.8562144637107849,1,1,0.9225382932166302,0.8562144597887896,6.324555320336759,2.176911468285753,0.6306712869691353,0.007320644216691069,2.2721619606018066,,,3.4269237518310547
refiner__detstats,ddti_3db3d34949,ddti,thyroid,,1,1,,,,,,,,0.0,0.0,
rough_otsu,ddti_3db3d34949,ddti,thyroid,0.7941257953643799,1,1,0.8852509652509652,0.7941257966195622,8.94427190999916,3.011790089302008,0.4766091051805338,0.10395314787701318,3.4112510681152344,,,3.4112510681152344
rough_otsu__detstats,ddti_3db3d34949,ddti,thyroid,,1,1,,,,,,,,0.0,0.0,
refiner_box,ddti_3db3d34949,ddti,thyroid,0.8377193212509155,1,1,0.9116945107398569,0.8377192982456141,7.615773105863909,2.5247833473889236,0.6006431873506488,0.036896046852122985,2.534508228302002,,,6.371906280517578
refiner_box__detstats,ddti_3db3d34949,ddti,thyroid,,1,1,,,,,,,,0.0,0.0,
refiner_gtbox,ddti_3db3d34949,ddti,thyroid,0.8698707222938538,1,1,0.9304073350368255,0.8698707138842046,5.830951894845301,1.8921461888797597,0.649751026643125,0.05183016105417277,1.8623554706573486,,,3.457505702972412
refiner_gtbox__detstats,ddti_3db3d34949,ddti,thyroid,,1,1,,,,,,,,0.0,0.0,
rough_otsu_gtbox,ddti_3db3d34949,ddti,thyroid,0.7931499481201172,1,1,0.8846443074146488,0.7931499460625674,9.055385138137417,3.088491971813137,0.5035211267605635,0.05300146412884334,3.4242570400238037,,,3.4242570400238037
rough_otsu_gtbox__detstats,ddti_3db3d34949,ddti,thyroid,,1,1,,,,,,,,0.0,0.0,
yolo26n_seg,ddti_fd470c1032,ddti,thyroid,0.823347806930542,1,1,0.9031165764441177,0.8233478207888216,18.384776310850235,7.2047251466019855,0.3307314593227274,0.19077598828696926,10.617192268371582,,,
yolo26n_seg__detstats,ddti_fd470c1032,ddti,thyroid,,1,1,,,,,,,,0.0,0.0,
seg_refiner,ddti_fd470c1032,ddti,thyroid,0.8265079855918884,1,1,0.9050143845550298,0.8265080123333478,13.0,6.581252779866098,0.25899094240159676,0.05265983406539775,6.888422012329102,,,7.524176597595215
seg_refiner__detstats,ddti_fd470c1032,ddti,thyroid,,1,1,,,,,,,,0.0,0.0,
refiner,ddti_fd470c1032,ddti,thyroid,0.0,1,1,0.0,0.0,,,0.0,,,,,
refiner__detstats,ddti_fd470c1032,ddti,thyroid,,1,1,,,,,,,,1.0,1.0,
rough_otsu,ddti_fd470c1032,ddti,thyroid,0.0,1,1,0.0,0.0,,,0.0,,,,,
rough_otsu__detstats,ddti_fd470c1032,ddti,thyroid,,1,1,,,,,,,,1.0,1.0,
refiner_box,ddti_fd470c1032,ddti,thyroid,0.8602355122566223,1,1,0.9248673029479927,0.8602354904505841,12.806248474865697,5.149996400959498,0.2956703167446159,0.04153245485602733,5.306220054626465,,,12.609375953674316
refiner_box__detstats,ddti_fd470c1032,ddti,thyroid,,1,1,,,,,,,,0.0,0.0,
refiner_gtbox,ddti_fd470c1032,ddti,thyroid,0.0,1,1,0.0,0.0,,,0.0,,,,,
refiner_gtbox__detstats,ddti_fd470c1032,ddti,thyroid,,1,1,,,,,,,,1.0,1.0,
rough_otsu_gtbox,ddti_fd470c1032,ddti,thyroid,0.0,1,1,0.0,0.0,,,0.0,,,,,
rough_otsu_gtbox__detstats,ddti_fd470c1032,ddti,thyroid,,1,1,,,,,,,,1.0,1.0,
yolo26n_seg,ddti_640c4f6df2,ddti,thyroid,0.8585157990455627,1,1,0.9238724727838258,0.8585157887130573,19.234905936870973,4.311706119795861,0.4646357441388952,0.10589881434568083,3.2997589111328125,,,
yolo26n_seg__detstats,ddti_640c4f6df2,ddti,thyroid,,1,1,,,,,,,,0.0,0.0,
seg_refiner,ddti_640c4f6df2,ddti,thyroid,0.6934833526611328,1,1,0.8190022562045626,0.6934833368711526,22.219310957556843,9.744765461778405,0.18265166847084294,0.23742543633551808,8.384742736816406,,,3.4234747886657715
seg_refiner__detstats,ddti_640c4f6df2,ddti,thyroid,,1,1,,,,,,,,0.0,0.0,
refiner,ddti_640c4f6df2,ddti,thyroid,0.7013057470321655,1,1,0.824432363287496,0.7013057671381937,26.225918044750806,9.100261560086338,0.17760605431641463,0.15774357463730762,8.64155101776123,,,15.523111343383789
refiner__detstats,ddti_640c4f6df2,ddti,thyroid,,1,1,,,,,,,,0.0,0.0,
rough_otsu,ddti_640c4f6df2,ddti,thyroid,0.5383812785148621,1,1,0.6999321688994404,0.5383812691580252,39.0,12.048172034696142,0.18260809119977756,0.262905957728846,15.576789855957031,,,15.576789855957031
rough_otsu__detstats,ddti_640c4f6df2,ddti,thyroid,,1,1,,,,,,,,0.0,0.0,
refiner_box,ddti_640c4f6df2,ddti,thyroid,0.7721965312957764,1,1,0.8714569768801903,0.7721965038347267,21.23203871154557,7.1297709786746655,0.21445714026958088,0.11112747625009205,6.156065940856934,,,9.983739852905273
refiner_box__detstats,ddti_640c4f6df2,ddti,thyroid,,1,1,,,,,,,,0.0,0.0,
refiner_gtbox,ddti_640c4f6df2,ddti,thyroid,0.0,1,1,0.0,0.0,,,0.0,,,,,
refiner_gtbox__detstats,ddti_640c4f6df2,ddti,thyroid,,1,1,,,,,,,,1.0,1.0,
rough_otsu_gtbox,ddti_640c4f6df2,ddti,thyroid,0.0,1,1,0.0,0.0,,,0.0,,,,,
rough_otsu_gtbox__detstats,ddti_640c4f6df2,ddti,thyroid,,1,1,,,,,,,,1.0,1.0,
yolo26n_seg,ddti_c9d3b7aed1,ddti,thyroid,0.9029585719108582,1,2,0.9490049751243781,0.9029585798816568,10.770329614269007,3.005653561598385,0.4971925707737455,0.0067390490453013855,2.791576623916626,,,
yolo26n_seg__detstats,ddti_c9d3b7aed1,ddti,thyroid,,1,2,,,,,,,,0.0,1.0,
seg_refiner,ddti_c9d3b7aed1,ddti,thyroid,0.8659207820892334,1,2,0.9281431426667935,0.8659207955958089,11.0,4.375597155467952,0.3750463020125941,0.03313365780606514,4.53176212310791,,,3.1823983192443848
seg_refiner__detstats,ddti_c9d3b7aed1,ddti,thyroid,,1,2,,,,,,,,0.0,1.0,
refiner,ddti_c9d3b7aed1,ddti,thyroid,0.0,1,1,0.0,0.0,,,0.0,,,,,
refiner__detstats,ddti_c9d3b7aed1,ddti,thyroid,,1,1,,,,,,,,1.0,1.0,
rough_otsu,ddti_c9d3b7aed1,ddti,thyroid,0.5947748422622681,1,1,0.7459044722471833,0.5947748442925647,40.38620319144408,13.490534231021176,0.17803468208092488,0.19455884188194184,17.645401000976562,,,17.645401000976562
rough_otsu__detstats,ddti_c9d3b7aed1,ddti,thyroid,,1,1,,,,,,,,0.0,0.0,
refiner_box,ddti_c9d3b7aed1,ddti,thyroid,0.8175753355026245,1,1,0.8996329433356275,0.8175753153340978,17.08800749063506,6.491007849539638,0.23826581872314012,0.17596405840509172,6.847280502319336,,,12.794217109680176
refiner_box__detstats,ddti_c9d3b7aed1,ddti,thyroid,,1,1,,,,,,,,0.0,0.0,
refiner_gtbox,ddti_c9d3b7aed1,ddti,thyroid,0.5181159377098083,1,1,0.6825775656324582,0.5181159420289855,32.14031735997639,9.297646763574972,0.2253119268132515,0.300574067140896,9.823434829711914,,,17.649538040161133
refiner_gtbox__detstats,ddti_c9d3b7aed1,ddti,thyroid,,1,1,,,,,,,,0.0,0.0,
rough_otsu_gtbox,ddti_c9d3b7aed1,ddti,thyroid,0.5916109681129456,1,1,0.7434115461363793,0.5916109955098018,40.75530108869259,13.461846019584474,0.1814099000403327,0.18632222638212903,17.655895233154297,,,17.655895233154297
rough_otsu_gtbox__detstats,ddti_c9d3b7aed1,ddti,thyroid,,1,1,,,,,,,,0.0,0.0,
yolo26n_seg,ddti_7ddf6c0f99,ddti,thyroid,0.8098989129066467,1,2,0.8949658980188373,0.8098988948977193,12.0,4.526548274916344,0.33957553058676654,0.06254719355650643,3.2563629150390625,,,
yolo26n_seg__detstats,ddti_7ddf6c0f99,ddti,thyroid,,1,2,,,,,,,,0.0,1.0,
seg_refiner,ddti_7ddf6c0f99,ddti,thyroid,0.8125140070915222,1,2,0.896560242079911,0.8125139914931722,9.848857801796104,4.558175546756729,0.2824821355555988,0.03788069468915178,5.0413360595703125,,,4.866518974304199
seg_refiner__detstats,ddti_7ddf6c0f99,ddti,thyroid,,1,2,,,,,,,,0.0,1.0,
refiner,ddti_7ddf6c0f99,ddti,thyroid,0.0,1,1,0.0,0.0,,,0.0,,,,,
refiner__detstats,ddti_7ddf6c0f99,ddti,thyroid,,1,1,,,,,,,,1.0,1.0,
rough_otsu,ddti_7ddf6c0f99,ddti,thyroid,0.0,1,1,0.0,0.0,,,0.0,,,,,
rough_otsu__detstats,ddti_7ddf6c0f99,ddti,thyroid,,1,1,,,,,,,,1.0,1.0,
refiner_box,ddti_7ddf6c0f99,ddti,thyroid,0.7860293984413147,1,1,0.8801976121860848,0.7860294117647059,14.0,5.646854403199582,0.23111962437805134,0.13981877674301535,6.148689270019531,,,12.738880157470703
refiner_box__detstats,ddti_7ddf6c0f99,ddti,thyroid,,1,1,,,,,,,,0.0,0.0,
refiner_gtbox,ddti_7ddf6c0f99,ddti,thyroid,0.0,1,1,0.0,0.0,,,0.0,,,,,
refiner_gtbox__detstats,ddti_7ddf6c0f99,ddti,thyroid,,1,1,,,,,,,,1.0,1.0,
rough_otsu_gtbox,ddti_7ddf6c0f99,ddti,thyroid,0.0,1,1,0.0,0.0,,,0.0,,,,,
rough_otsu_gtbox__detstats,ddti_7ddf6c0f99,ddti,thyroid,,1,1,,,,,,,,1.0,1.0,
yolo26n_seg,ddti_7fdea6c059,ddti,thyroid,0.5987600684165955,1,1,0.7490305462956663,0.5987600609092887,34.39544083134956,9.892977363148976,0.21729490022172948,0.6234160271283241,12.870126724243164,,,
yolo26n_seg__detstats,ddti_7fdea6c059,ddti,thyroid,,1,1,,,,,,,,0.0,0.0,
seg_refiner,ddti_7fdea6c059,ddti,thyroid,0.5791705250740051,1,1,0.7335123452747396,0.5791705450408522,24.879613522561332,10.505664560745686,0.04898828541001065,0.7251472425486346,12.022127151489258,,,12.859007835388184
seg_refiner__detstats,ddti_7fdea6c059,ddti,thyroid,,1,1,,,,,,,,0.0,0.0,
refiner,ddti_7fdea6c059,ddti,thyroid,0.0,1,1,0.0,0.0,,,0.0,,,,,
refiner__detstats,ddti_7fdea6c059,ddti,thyroid,,1,1,,,,,,,,1.0,1.0,
rough_otsu,ddti_7fdea6c059,ddti,thyroid,0.0,1,1,0.0,0.0,,,0.0,,,,,
rough_otsu__detstats,ddti_7fdea6c059,ddti,thyroid,,1,1,,,,,,,,1.0,1.0,
refiner_box,ddti_7fdea6c059,ddti,thyroid,0.5490769743919373,1,1,0.7089085699400886,0.5490769696358317,30.364452901377952,11.645076503394673,0.07586206896551724,0.7406746385864715,14.009984970092773,,,22.044879913330078
refiner_box__detstats,ddti_7fdea6c059,ddti,thyroid,,1,1,,,,,,,,0.0,0.0,
refiner_gtbox,ddti_7fdea6c059,ddti,thyroid,0.7503688931465149,1,1,0.857383707563798,0.7503688799463447,15.684258334167192,5.115525841064947,0.23934351493047643,0.32893092985900413,5.430932998657227,,,7.802888870239258
refiner_gtbox__detstats,ddti_7fdea6c059,ddti,thyroid,,1,1,,,,,,,,0.0,0.0,
rough_otsu_gtbox,ddti_7fdea6c059,ddti,thyroid,0.6949888467788696,1,1,0.8200512257592389,0.6949888365169933,19.912473175842088,6.9220436080758905,0.3518518518518519,0.43887203283955023,7.786593437194824,,,7.786593437194824
rough_otsu_gtbox__detstats,ddti_7fdea6c059,ddti,thyroid,,1,1,,,,,,,,0.0,0.0,
yolo26n_seg,ddti_a24384ffc8,ddti,thyroid,0.8210784196853638,1,1,0.901749663526245,0.821078431372549,12.041594578792296,4.425613325417582,0.2861163227016886,0.1633139227104288,5.086349010467529,,,
yolo26n_seg__detstats,ddti_a24384ffc8,ddti,thyroid,,1,1,,,,,,,,0.0,0.0,
seg_refiner,ddti_a24384ffc8,ddti,thyroid,0.8578895926475525,1,1,0.9235097821108421,0.8578896182834914,7.0710678118654755,3.1263164219769934,0.4240118368209681,0.02263102170460561,3.6310935020446777,,,4.840950965881348
seg_refiner__detstats,ddti_a24384ffc8,ddti,thyroid,,1,1,,,,,,,,0.0,0.0,
refiner,ddti_a24384ffc8,ddti,thyroid,0.7079854011535645,1,1,0.8290298147765613,0.7079854169116783,31.582427276792366,7.54636125989082,0.22391120102796838,0.07795129698253044,7.616252899169922,,,12.68147087097168
refiner__detstats,ddti_a24384ffc8,ddti,thyroid,,1,1,,,,,,,,0.0,0.0,
rough_otsu,ddti_a24384ffc8,ddti,thyroid,0.0,1,1,0.0,0.0,,,0.0,,,,,
rough_otsu__detstats,ddti_a24384ffc8,ddti,thyroid,,1,1,,,,,,,,1.0,1.0,
refiner_box,ddti_a24384ffc8,ddti,thyroid,0.8327836990356445,1,1,0.9087637454181939,0.8327836814461952,11.0,3.9779021339625866,0.3870280869185579,0.014160931709899417,4.078911304473877,,,12.420337677001953
refiner_box__detstats,ddti_a24384ffc8,ddti,thyroid,,1,1,,,,,,,,0.0,0.0,
refiner_gtbox,ddti_a24384ffc8,ddti,thyroid,0.780029833316803,1,1,0.8764233321690534,0.7800298433225565,12.0,5.046479709996251,0.27045648393278465,0.10547908946532557,5.152515411376953,,,7.626896858215332
refiner_gtbox__detstats,ddti_a24384ffc8,ddti,thyroid,,1,1,,,,,,,,0.0,0.0,
rough_otsu_gtbox,ddti_a24384ffc8,ddti,thyroid,0.76169353723526,1,1,0.8647287708857863,0.7616935483870968,20.0,6.647355559127718,0.3196130969348004,0.31286394917946003,7.590888977050781,,,7.590888977050781
rough_otsu_gtbox__detstats,ddti_a24384ffc8,ddti,thyroid,,1,1,,,,,,,,0.0,0.0,
yolo26n_seg,ddti_2678dc79df,ddti,thyroid,0.8903546333312988,1,1,0.9419974623889795,0.8903546342299127,7.0,2.025742421351507,0.6651072966521525,0.05807814149947202,2.6465044021606445,,,
yolo26n_seg__detstats,ddti_2678dc79df,ddti,thyroid,,1,1,,,,,,,,0.0,0.0,
seg_refiner,ddti_2678dc79df,ddti,thyroid,0.8857901692390442,1,1,0.9394366197183098,0.8857901726427623,5.940833163195851,2.1456048196147366,0.6470938305891688,0.0007039774727208729,2.502565383911133,,,2.2822580337524414
seg_refiner__detstats,ddti_2678dc79df,ddti,thyroid,,1,1,,,,,,,,0.0,0.0,
refiner,ddti_2678dc79df,ddti,thyroid,0.0,1,1,0.0,0.0,,,0.0,,,,,
refiner__detstats,ddti_2678dc79df,ddti,thyroid,,1,1,,,,,,,,1.0,1.0,
rough_otsu,ddti_2678dc79df,ddti,thyroid,0.0,1,1,0.0,0.0,,,0.0,,,,,
rough_otsu__detstats,ddti_2678dc79df,ddti,thyroid,,1,1,,,,,,,,1.0,1.0,
refiner_box,ddti_2678dc79df,ddti,thyroid,0.8762102127075195,1,1,0.9340213785477331,0.876210235131397,6.324555320336759,2.2894910184680564,0.6136940653760711,0.09010911650827173,2.6807570457458496,,,8.229047775268555
refiner_box__detstats,ddti_2678dc79df,ddti,thyroid,,1,1,,,,,,,,0.0,0.0,
refiner_gtbox,ddti_2678dc79df,ddti,thyroid,0.8747386932373047,1,1,0.9331846482668897,0.8747386759581881,6.0,2.304583691567946,0.5928027433859885,0.1061246040126716,2.644164562225342,,,6.334728240966797
refiner_gtbox__detstats,ddti_2678dc79df,ddti,thyroid,,1,1,,,,,,,,0.0,0.0,
rough_otsu_gtbox,ddti_2678dc79df,ddti,thyroid,0.7668015956878662,1,1,0.8680109990834097,0.7668016194331984,14.866068747318506,5.575307599696611,0.3630052993474357,0.3041182682154171,6.367280960083008,,,6.367280960083008
rough_otsu_gtbox__detstats,ddti_2678dc79df,ddti,thyroid,,1,1,,,,,,,,0.0,0.0,
yolo26n_seg,ddti_3cb770272f,ddti,thyroid,0.8787503242492676,1,1,0.9354625841362016,0.8787503099429705,4.158966144068143,1.8413469752758957,0.6260252929753543,0.017530088958660386,2.010955572128296,,,
yolo26n_seg__detstats,ddti_3cb770272f,ddti,thyroid,,1,1,,,,,,,,0.0,0.0,
seg_refiner,ddti_3cb770272f,ddti,thyroid,0.8580677509307861,1,1,0.9236129723934602,0.8580677290836654,5.0,2.188235553158572,0.5312496382473808,0.047619047619047616,2.4057939052581787,,,2.0371506214141846
seg_refiner__detstats,ddti_3cb770272f,ddti,thyroid,,1,1,,,,,,,,0.0,0.0,
refiner,ddti_3cb770272f,ddti,thyroid,0.8549962639808655,1,1,0.9218307006885379,0.8549962434259955,6.708203932499369,2.2229435380026974,0.6134356113435612,0.06200941915227629,2.5223851203918457,,,5.231334686279297
refiner__detstats,ddti_3cb770272f,ddti,thyroid,,1,1,,,,,,,,0.0,0.0,
rough_otsu,ddti_3cb770272f,ddti,thyroid,0.718640923500061,1,1,0.8362897765741367,0.7186409122643705,11.346400660118272,4.273424395613995,0.2851595204588774,0.06776556776556776,5.221514701843262,,,5.221514701843262
rough_otsu__detstats,ddti_3cb770272f,ddti,thyroid,,1,1,,,,,,,,0.0,0.0,
refiner_box,ddti_3cb770272f,ddti,thyroid,0.7936784625053406,1,1,0.8849729429721105,0.7936784469885515,6.324555320336759,3.33798596341396,0.333447789096181,0.11433804290947149,3.384532928466797,,,5.893899440765381
refiner_box__detstats,ddti_3cb770272f,ddti,thyroid,,1,1,,,,,,,,0.0,0.0,
refiner_gtbox,ddti_3cb770272f,ddti,thyroid,0.8274134993553162,1,1,0.9055569399451782,0.8274134790528234,8.06225774829855,2.830860300424334,0.5166967366188713,0.0999476713762428,3.2487921714782715,,,4.9077348709106445
refiner_gtbox__detstats,ddti_3cb770272f,ddti,thyroid,,1,1,,,,,,,,0.0,0.0,
rough_otsu_gtbox,ddti_3cb770272f,ddti,thyroid,0.7424988746643066,1,1,0.8522230789000257,0.742498880429915,11.970469991071957,3.8715486464951177,0.3841152345703711,0.03610675039246468,4.928099632263184,,,4.928099632263184
rough_otsu_gtbox__detstats,ddti_3cb770272f,ddti,thyroid,,1,1,,,,,,,,0.0,0.0,
yolo26n_seg,ddti_97dac9ec47,ddti,thyroid,0.0,1,1,0.0,0.0,,,0.0,,,,,
yolo26n_seg__detstats,ddti_97dac9ec47,ddti,thyroid,,1,1,,,,,,,,1.0,1.0,
seg_refiner,ddti_97dac9ec47,ddti,thyroid,0.0,1,1,0.0,0.0,,,0.0,,,,,
seg_refiner__detstats,ddti_97dac9ec47,ddti,thyroid,,1,1,,,,,,,,1.0,1.0,
refiner,ddti_97dac9ec47,ddti,thyroid,0.0,1,1,0.0,0.0,,,0.0,,,,,
refiner__detstats,ddti_97dac9ec47,ddti,thyroid,,1,1,,,,,,,,1.0,1.0,
rough_otsu,ddti_97dac9ec47,ddti,thyroid,0.0,1,1,0.0,0.0,,,0.0,,,,,
rough_otsu__detstats,ddti_97dac9ec47,ddti,thyroid,,1,1,,,,,,,,1.0,1.0,
refiner_box,ddti_97dac9ec47,ddti,thyroid,0.0,1,1,0.0,0.0,,,0.0,,,,,
refiner_box__detstats,ddti_97dac9ec47,ddti,thyroid,,1,1,,,,,,,,1.0,1.0,
refiner_gtbox,ddti_97dac9ec47,ddti,thyroid,0.6618740558624268,1,1,0.7965393794749404,0.6618740704015865,11.23368733209327,4.775835405836363,0.30824230387288976,0.2376502002670227,5.545926094055176,,,6.452018737792969
refiner_gtbox__detstats,ddti_97dac9ec47,ddti,thyroid,,1,1,,,,,,,,0.0,0.0,
rough_otsu_gtbox,ddti_97dac9ec47,ddti,thyroid,0.6105140447616577,1,1,0.758160452633106,0.6105140186915888,13.345401254169952,5.326902684000913,0.3568026773072468,0.3007343124165554,6.466564178466797,,,6.466564178466797
rough_otsu_gtbox__detstats,ddti_97dac9ec47,ddti,thyroid,,1,1,,,,,,,,0.0,0.0,
yolo26n_seg,ddti_12d95b37a4,ddti,thyroid,0.7562326788902283,1,1,0.861198738170347,0.7562326869806094,5.0,2.3207088750906815,0.5377643504531723,0.17869415807560138,2.426522970199585,,,
yolo26n_seg__detstats,ddti_12d95b37a4,ddti,thyroid,,1,1,,,,,,,,0.0,0.0,
seg_refiner,ddti_12d95b37a4,ddti,thyroid,0.7724637389183044,1,1,0.8716271463614064,0.7724637681159421,5.656854249492381,2.070865789211891,0.614849591375413,0.1013745704467354,2.050842761993408,,,2.4320619106292725
seg_refiner__detstats,ddti_12d95b37a4,ddti,thyroid,,1,1,,,,,,,,0.0,0.0,
refiner,ddti_12d95b37a4,ddti,thyroid,0.7957227230072021,1,1,0.8862422997946612,0.7957227138643068,5.0,1.8595106276695903,0.6731645359913854,0.09192439862542956,1.9416251182556152,,,3.000389575958252
refiner__detstats,ddti_12d95b37a4,ddti,thyroid,,1,1,,,,,,,,0.0,0.0,
rough_otsu,ddti_12d95b37a4,ddti,thyroid,0.7393767833709717,1,1,0.8501628664495114,0.7393767705382436,6.324555320336759,2.3833857395696443,0.5594159942916735,0.10996563573883161,2.992323398590088,,,2.992323398590088
rough_otsu__detstats,ddti_12d95b37a4,ddti,thyroid,,1,1,,,,,,,,0.0,0.0,
refiner_box,ddti_12d95b37a4,ddti,thyroid,0.7744874954223633,1,1,0.8729139922978177,0.7744874715261959,5.957737973711325,1.9870347839681304,0.6350618162412168,0.007731958762886598,2.0541868209838867,,,4.71692419052124
refiner_box__detstats,ddti_12d95b37a4,ddti,thyroid,,1,1,,,,,,,,0.0,0.0,
refiner_gtbox,ddti_12d95b37a4,ddti,thyroid,0.8355011343955994,1,1,0.9103793247186328,0.8355011476664116,4.577708763999658,1.3935403199882124,0.8129602356406481,0.06099656357388316,1.4953687191009521,,,3.4935641288757324
refiner_gtbox__detstats,ddti_12d95b37a4,ddti,thyroid,,1,1,,,,,,,,0.0,0.0,
rough_otsu_gtbox,ddti_12d95b37a4,ddti,thyroid,0.7106227278709412,1,1,0.8308351177730193,0.7106227106227107,8.94427190999916,3.247061664715213,0.4214292102674179,0.4072164948453608,3.4890599250793457,,,3.4890599250793457
rough_otsu_gtbox__detstats,ddti_12d95b37a4,ddti,thyroid,,1,1,,,,,,,,0.0,0.0,
yolo26n_seg,ddti_b1ee2d97ca,ddti,thyroid,0.8154142498970032,1,1,0.8983230736573976,0.8154142581888246,6.0,2.3208970673457543,0.5905904270096253,0.021021021021021023,2.6976780891418457,,,
yolo26n_seg__detstats,ddti_b1ee2d97ca,ddti,thyroid,,1,1,,,,,,,,0.0,0.0,
seg_refiner,ddti_b1ee2d97ca,ddti,thyroid,0.807163655757904,1,1,0.8932933855727127,0.8071636817992504,4.47213595499958,2.231378551753423,0.46006571208372204,0.13856713856713856,2.540234088897705,,,2.6680736541748047
seg_refiner__detstats,ddti_b1ee2d97ca,ddti,thyroid,,1,1,,,,,,,,0.0,0.0,
refiner,ddti_b1ee2d97ca,ddti,thyroid,0.7708860635757446,1,1,0.8706218727662616,0.7708860759493671,6.4031242374328485,2.748691751071496,0.4977973568281938,0.1994851994851995,3.0198769569396973,,,4.8616743087768555
refiner__detstats,ddti_b1ee2d97ca,ddti,thyroid,,1,1,,,,,,,,0.0,0.0,
rough_otsu,ddti_b1ee2d97ca,ddti,thyroid,0.7033289670944214,1,1,0.8258287028166316,0.7033289817232375,10.0,4.417388949609555,0.24517557734894022,0.23895323895323894,4.859671115875244,,,4.859671115875244
rough_otsu__detstats,ddti_b1ee2d97ca,ddti,thyroid,,1,1,,,,,,,,0.0,0.0,
refiner_box,ddti_b1ee2d97ca,ddti,thyroid,0.7667081952095032,1,1,0.8679511278195489,0.7667081776670818,6.4031242374328485,2.811662292686334,0.47567300568041493,0.17417417417417416,3.1200079917907715,,,4.660017967224121
refiner_box__detstats,ddti_b1ee2d97ca,ddti,thyroid,,1,1,,,,,,,,0.0,0.0,
refiner_gtbox,ddti_b1ee2d97ca,ddti,thyroid,0.7491481900215149,1,1,0.8565863160457755,0.7491482112436116,7.0710678118654755,3.1043930859511586,0.39084852553839794,0.23809523809523808,3.0538573265075684,,,6.052632808685303
refiner_gtbox__detstats,ddti_b1ee2d97ca,ddti,thyroid,,1,1,,,,,,,,0.0,0.0,
rough_otsu_gtbox,ddti_b1ee2d97ca,ddti,thyroid,0.5357698202133179,1,1,0.6977215189873418,0.5357698289269052,17.04840411984928,6.397466146937647,0.2887612797374897,0.3054483054483054,6.06673002243042,,,6.06673002243042
rough_otsu_gtbox__detstats,ddti_b1ee2d97ca,ddti,thyroid,,1,1,,,,,,,,0.0,0.0,
yolo26n_seg,ddti_be9223a0e9,ddti,thyroid,0.5905916690826416,1,1,0.7426062846580407,0.5905916942300625,17.0,5.726891456925596,0.27784318342359315,0.6732550957381099,3.847141981124878,,,
yolo26n_seg__detstats,ddti_be9223a0e9,ddti,thyroid,,1,1,,,,,,,,0.0,0.0,
seg_refiner,ddti_be9223a0e9,ddti,thyroid,0.623703122138977,1,1,0.7682477267141804,0.6237031125299282,10.63014581273465,4.952077130314798,0.21138912855910266,0.5132798023471279,5.463597297668457,,,6.8266143798828125
seg_refiner__detstats,ddti_be9223a0e9,ddti,thyroid,,1,1,,,,,,,,0.0,0.0,
refiner,ddti_be9223a0e9,ddti,thyroid,0.5764235854148865,1,2,0.7313054499366286,0.5764235764235764,8.54400374531753,2.9608318758325325,0.46023011505752875,0.0506485484867202,3.5048959255218506,,,5.056893348693848
refiner__detstats,ddti_be9223a0e9,ddti,thyroid,,1,2,,,,,,,,0.0,1.0,
rough_otsu,ddti_be9223a0e9,ddti,thyroid,0.0,1,2,0.0,0.0,,,0.0,,,,,
rough_otsu__detstats,ddti_be9223a0e9,ddti,thyroid,,1,2,,,,,,,,1.0,2.0,
refiner_box,ddti_be9223a0e9,ddti,thyroid,0.7053611278533936,1,2,0.8272278513899715,0.7053610988037218,7.0710678118654755,3.5790524980958582,0.3274403246887253,0.37739345274861025,3.841280937194824,,,6.880197048187256
refiner_box__detstats,ddti_be9223a0e9,ddti,thyroid,,1,2,,,,,,,,0.0,1.0,
refiner_gtbox,ddti_be9223a0e9,ddti,thyroid,0.5454012751579285,1,1,0.7058377558756633,0.5454012888107791,12.041594578792296,3.9852986533254757,0.4180238870792617,0.3705991352686844,3.7492892742156982,,,5.233742713928223
refiner_gtbox__detstats,ddti_be9223a0e9,ddti,thyroid,,1,1,,,,,,,,0.0,0.0,
rough_otsu_gtbox,ddti_be9223a0e9,ddti,thyroid,0.0,1,1,0.0,0.0,,,0.0,,,,,
rough_otsu_gtbox__detstats,ddti_be9223a0e9,ddti,thyroid,,1,1,,,,,,,,1.0,1.0,
yolo26n_seg,ddti_2a1acce5a7,ddti,thyroid,0.8508653044700623,1,1,0.9194243285360711,0.8508652867322701,5.0990195135927845,2.795410939093073,0.4322766570605187,0.006396198830409356,2.6596333980560303,,,
yolo26n_seg__detstats,ddti_2a1acce5a7,ddti,thyroid,,1,1,,,,,,,,0.0,0.0,
seg_refiner,ddti_2a1acce5a7,ddti,thyroid,0.8409980535507202,1,1,0.9136327398352379,0.8409980430528375,6.082762530298219,3.0240919456609037,0.3756567425569177,0.06304824561403509,3.3993730545043945,,,3.0074994564056396
seg_refiner__detstats,ddti_2a1acce5a7,ddti,thyroid,,1,1,,,,,,,,0.0,0.0,
refiner,ddti_2a1acce5a7,ddti,thyroid,0.0,1,2,0.0,0.0,,,0.0,,,,,
refiner__detstats,ddti_2a1acce5a7,ddti,thyroid,,1,2,,,,,,,,1.0,2.0,
rough_otsu,ddti_2a1acce5a7,ddti,thyroid,0.0,1,2,0.0,0.0,,,0.0,,,,,
rough_otsu__detstats,ddti_2a1acce5a7,ddti,thyroid,,1,2,,,,,,,,1.0,2.0,
refiner_box,ddti_2a1acce5a7,ddti,thyroid,0.7208829522132874,1,2,0.8378059071729957,0.7208829509148998,12.0,6.212232787531353,0.14325842696629212,0.16557017543859648,6.478546142578125,,,7.4456353187561035
refiner_box__detstats,ddti_2a1acce5a7,ddti,thyroid,,1,2,,,,,,,,0.0,1.0,
refiner_gtbox,ddti_2a1acce5a7,ddti,thyroid,0.0,1,1,0.0,0.0,,,0.0,,,,,
refiner_gtbox__detstats,ddti_2a1acce5a7,ddti,thyroid,,1,1,,,,,,,,1.0,1.0,
rough_otsu_gtbox,ddti_2a1acce5a7,ddti,thyroid,0.0,1,1,0.0,0.0,,,0.0,,,,,
rough_otsu_gtbox__detstats,ddti_2a1acce5a7,ddti,thyroid,,1,1,,,,,,,,1.0,1.0,
yolo26n_seg,ddti_e045a21668,ddti,thyroid,0.8631336688995361,1,1,0.9265396982438783,0.8631336405529954,9.219544457292887,3.2526164159090047,0.4997561825148032,0.06407147415443523,3.1111068725585938,,,
yolo26n_seg__detstats,ddti_e045a21668,ddti,thyroid,,1,1,,,,,,,,0.0,0.0,
seg_refiner,ddti_e045a21668,ddti,thyroid,0.839137852191925,1,1,0.9125339254872934,0.8391378332387975,13.0,3.981760822224379,0.4881220596990533,0.06917677089980855,4.2395806312561035,,,3.4200968742370605
seg_refiner__detstats,ddti_e045a21668,ddti,thyroid,,1,1,,,,,,,,0.0,0.0,
refiner,ddti_e045a21668,ddti,thyroid,0.7373820543289185,1,1,0.8488427339985067,0.7373820754716981,15.811388300841896,6.263795782341306,0.23370545507726806,0.11959157626037013,6.057928085327148,,,12.325511932373047
refiner__detstats,ddti_e045a21668,ddti,thyroid,,1,1,,,,,,,,0.0,0.0,
rough_otsu,ddti_e045a21668,ddti,thyroid,0.537453830242157,1,1,0.6991479134804457,0.5374538125629829,29.38527005315758,10.917047422343444,0.21274162186892373,0.24747925973197193,12.32795524597168,,,12.32795524597168
rough_otsu__detstats,ddti_e045a21668,ddti,thyroid,,1,1,,,,,,,,0.0,0.0,
refiner_box,ddti_e045a21668,ddti,thyroid,0.8160278797149658,1,1,0.898695318495779,0.8160278745644599,11.702560104668171,4.504780309650068,0.31495293741897906,0.004339502233567326,4.704146862030029,,,6.310594081878662
refiner_box__detstats,ddti_e045a21668,ddti,thyroid,,1,1,,,,,,,,0.0,0.0,
refiner_gtbox,ddti_e045a21668,ddti,thyroid,0.7833880186080933,1,1,0.8785390527491296,0.7833880037488284,13.341664064126334,5.200949903663894,0.31744493849374555,0.0570516911295469,5.627102851867676,,,11.883743286132812
refiner_gtbox__detstats,ddti_e045a21668,ddti,thyroid,,1,1,,,,,,,,0.0,0.0,
rough_otsu_gtbox,ddti_e045a21668,ddti,thyroid,0.5367572903633118,1,1,0.6985583224115334,0.5367573011077543,29.0654395221224,10.622059686670138,0.16069937078901944,0.24709636247606892,11.887073516845703,,,11.887073516845703
rough_otsu_gtbox__detstats,ddti_e045a21668,ddti,thyroid,,1,1,,,,,,,,0.0,0.0,
yolo26n_seg,ddti_1c55c900ff,ddti,thyroid,0.6480031609535217,1,2,0.7864100736516988,0.6480031323414253,43.41658669218482,17.87393364481848,0.06477352734099975,0.16013405216377677,19.841875076293945,,,
yolo26n_seg__detstats,ddti_1c55c900ff,ddti,thyroid,,1,2,,,,,,,,0.0,1.0,
seg_refiner,ddti_1c55c900ff,ddti,thyroid,0.6172619462013245,1,2,0.763341954346115,0.6172619480613952,43.91582734203349,18.64027096824887,0.12905569772217482,0.3802637330613434,16.788650512695312,,,16.773216247558594
seg_refiner__detstats,ddti_1c55c900ff,ddti,thyroid,,1,2,,,,,,,,0.0,1.0,
refiner,ddti_1c55c900ff,ddti,thyroid,0.0,1,1,0.0,0.0,,,0.0,,,,,
refiner__detstats,ddti_1c55c900ff,ddti,thyroid,,1,1,,,,,,,,1.0,1.0,
rough_otsu,ddti_1c55c900ff,ddti,thyroid,0.0,1,1,0.0,0.0,,,0.0,,,,,
rough_otsu__detstats,ddti_1c55c900ff,ddti,thyroid,,1,1,,,,,,,,1.0,1.0,
refiner_box,ddti_1c55c900ff,ddti,thyroid,0.0,1,1,0.0,0.0,,,0.0,,,,,
refiner_box__detstats,ddti_1c55c900ff,ddti,thyroid,,1,1,,,,,,,,1.0,1.0,
refiner_gtbox,ddti_1c55c900ff,ddti,thyroid,0.0,1,1,0.0,0.0,,,0.0,,,,,
refiner_gtbox__detstats,ddti_1c55c900ff,ddti,thyroid,,1,1,,,,,,,,1.0,1.0,
rough_otsu_gtbox,ddti_1c55c900ff,ddti,thyroid,0.0,1,1,0.0,0.0,,,0.0,,,,,
rough_otsu_gtbox__detstats,ddti_1c55c900ff,ddti,thyroid,,1,1,,,,,,,,1.0,1.0,
yolo26n_seg,ddti_a76252d2b4,ddti,thyroid,0.7239218354225159,1,1,0.8398546076544794,0.7239218577220788,8.94427190999916,3.5928099467682912,0.3328528661714159,0.20405278039585298,3.850220203399658,,,
yolo26n_seg__detstats,ddti_a76252d2b4,ddti,thyroid,,1,1,,,,,,,,0.0,0.0,
seg_refiner,ddti_a76252d2b4,ddti,thyroid,0.7252623438835144,1,1,0.8407560286769498,0.7252623688155923,8.0,3.496309037140583,0.3352109682219152,0.1691800188501414,4.110534191131592,,,4.01542329788208
seg_refiner__detstats,ddti_a76252d2b4,ddti,thyroid,,1,1,,,,,,,,0.0,0.0,
refiner,ddti_a76252d2b4,ddti,thyroid,0.7039369940757751,1,1,0.8262476894639557,0.7039370078740157,7.0710678118654755,3.7243876942139007,0.3380440290524182,0.03958529688972667,4.031359672546387,,,8.253181457519531
refiner__detstats,ddti_a76252d2b4,ddti,thyroid,,1,1,,,,,,,,0.0,0.0,
rough_otsu,ddti_a76252d2b4,ddti,thyroid,0.5651814937591553,1,1,0.7221929362150764,0.5651815181518152,14.317821063276353,7.378009942842779,0.14935375777884155,0.6819038642789821,8.267305374145508,,,8.267305374145508
rough_otsu__detstats,ddti_a76252d2b4,ddti,thyroid,,1,1,,,,,,,,0.0,0.0,
refiner_box,ddti_a76252d2b4,ddti,thyroid,0.7084603905677795,1,1,0.8293553424046397,0.7084603658536586,7.0,3.7676478831602545,0.2366236162361624,0.11262959472196042,4.166350364685059,,,8.060925483703613
refiner_box__detstats,ddti_a76252d2b4,ddti,thyroid,,1,1,,,,,,,,0.0,0.0,
refiner_gtbox,ddti_a76252d2b4,ddti,thyroid,0.8174936771392822,1,1,0.8995835261453031,0.8174936921783011,4.0,2.08420384626032,0.5175438596491229,0.036757775683317624,2.4207043647766113,,,4.5891876220703125
refiner_gtbox__detstats,ddti_a76252d2b4,ddti,thyroid,,1,1,,,,,,,,0.0,0.0,
rough_otsu_gtbox,ddti_a76252d2b4,ddti,thyroid,0.7217687368392944,1,1,0.8384037929672067,0.7217687074829932,10.0,4.137572439893015,0.369179600886918,0.38548539114043356,4.590199947357178,,,4.590199947357178
rough_otsu_gtbox__detstats,ddti_a76252d2b4,ddti,thyroid,,1,1,,,,,,,,0.0,0.0,
yolo26n_seg,ddti_187f4dab10,ddti,thyroid,0.0,1,0,0.0,0.0,,,0.0,,,,,
yolo26n_seg__detstats,ddti_187f4dab10,ddti,thyroid,,1,0,,,,,,,,1.0,0.0,
seg_refiner,ddti_187f4dab10,ddti,thyroid,0.0,1,0,0.0,0.0,,,0.0,,,,,
seg_refiner__detstats,ddti_187f4dab10,ddti,thyroid,,1,0,,,,,,,,1.0,0.0,
refiner,ddti_187f4dab10,ddti,thyroid,0.6849917769432068,1,1,0.8130505709624796,0.6849917537108301,7.615773105863909,3.4574575870098316,0.33267294039953776,0.3140814081408141,3.2419514656066895,,,4.024341583251953
refiner__detstats,ddti_187f4dab10,ddti,thyroid,,1,1,,,,,,,,0.0,0.0,
rough_otsu,ddti_187f4dab10,ddti,thyroid,0.6320706009864807,1,1,0.7745627980922098,0.6320705760249092,9.794554078602447,4.111448740190577,0.32544922691182615,0.2700770077007701,4.036178112030029,,,4.036178112030029
rough_otsu__detstats,ddti_187f4dab10,ddti,thyroid,,1,1,,,,,,,,0.0,0.0,
refiner_box,ddti_187f4dab10,ddti,thyroid,0.6610720157623291,1,1,0.7959582790091264,0.6610720086626962,7.615773105863909,3.7444811401958606,0.30771951543018833,0.3124312431243124,3.7840843200683594,,,3.291752338409424
refiner_box__detstats,ddti_187f4dab10,ddti,thyroid,,1,1,,,,,,,,0.0,0.0,
refiner_gtbox,ddti_187f4dab10,ddti,thyroid,0.6229849457740784,1,1,0.7677026594040371,0.6229849193967759,14.092388155425114,4.836227102663339,0.27466397849462365,0.2832783278327833,4.902538776397705,,,6.655261993408203
refiner_gtbox__detstats,ddti_187f4dab10,ddti,thyroid,,1,1,,,,,,,,0.0,0.0,
rough_otsu_gtbox,ddti_187f4dab10,ddti,thyroid,0.0,1,1,0.0,0.0,,,0.0,,,,,
rough_otsu_gtbox__detstats,ddti_187f4dab10,ddti,thyroid,,1,1,,,,,,,,1.0,1.0,
yolo26n_seg,ddti_4016772991,ddti,thyroid,0.5895450115203857,1,1,0.7417783191230207,0.5895450145208132,14.203625527571846,6.959560585589217,0.18824430670659517,0.6742671009771987,7.325385570526123,,,
yolo26n_seg__detstats,ddti_4016772991,ddti,thyroid,,1,1,,,,,,,,0.0,0.0,
seg_refiner,ddti_4016772991,ddti,thyroid,0.5119866728782654,1,1,0.6772370053770853,0.5119866583281217,18.35755975068582,9.567080399474168,0.027637639833296777,0.9531758957654723,10.547157287597656,,,8.12417221069336
seg_refiner__detstats,ddti_4016772991,ddti,thyroid,,1,1,,,,,,,,0.0,0.0,
refiner,ddti_4016772991,ddti,thyroid,0.6134033799171448,1,2,0.7603843769373838,0.6134033508377095,19.951158249361328,6.738829252494636,0.14271585402037384,0.6270358306188925,7.006834983825684,,,15.815848350524902
refiner__detstats,ddti_4016772991,ddti,thyroid,,1,2,,,,,,,,0.0,1.0,
rough_otsu,ddti_4016772991,ddti,thyroid,0.0,1,2,0.0,0.0,,,0.0,,,,,
rough_otsu__detstats,ddti_4016772991,ddti,thyroid,,1,2,,,,,,,,1.0,2.0,
refiner_box,ddti_4016772991,ddti,thyroid,0.6184840202331543,1,2,0.7642757118406721,0.6184840090657265,19.0,6.630641438438859,0.1285444234404537,0.61685667752443,6.908848762512207,,,15.998069763183594
refiner_box__detstats,ddti_4016772991,ddti,thyroid,,1,2,,,,,,,,0.0,1.0,
refiner_gtbox,ddti_4016772991,ddti,thyroid,0.7752650380134583,1,1,0.8734076433121019,0.7752650176678445,8.636519931338269,3.0526048876773864,0.4926499238425843,0.04560260586319218,3.236302375793457,,,5.3474626541137695
refiner_gtbox__detstats,ddti_4016772991,ddti,thyroid,,1,1,,,,,,,,0.0,0.0,
rough_otsu_gtbox,ddti_4016772991,ddti,thyroid,0.7088022828102112,1,1,0.8295895963519676,0.7088023088023088,17.0,4.822602611248303,0.4437781109445278,0.41083061889250816,5.363104820251465,,,5.363104820251465
rough_otsu_gtbox__detstats,ddti_4016772991,ddti,thyroid,,1,1,,,,,,,,0.0,0.0,
yolo26n_seg,ddti_dc43010854,ddti,thyroid,0.0,1,1,0.0,0.0,,,0.0,,,,,
yolo26n_seg__detstats,ddti_dc43010854,ddti,thyroid,,1,1,,,,,,,,1.0,1.0,
seg_refiner,ddti_dc43010854,ddti,thyroid,0.5213640332221985,1,1,0.6853902241425871,0.5213640098603123,35.02852493303972,11.894986639846056,0.2980257208881744,0.8817120622568093,14.543680191040039,,,17.819883346557617
seg_refiner__detstats,ddti_dc43010854,ddti,thyroid,,1,1,,,,,,,,0.0,0.0,
refiner,ddti_dc43010854,ddti,thyroid,0.0,1,2,0.0,0.0,,,0.0,,,,,
refiner__detstats,ddti_dc43010854,ddti,thyroid,,1,2,,,,,,,,1.0,2.0,
rough_otsu,ddti_dc43010854,ddti,thyroid,0.0,1,2,0.0,0.0,,,0.0,,,,,
rough_otsu__detstats,ddti_dc43010854,ddti,thyroid,,1,2,,,,,,,,1.0,2.0,
refiner_box,ddti_dc43010854,ddti,thyroid,0.0,1,2,0.0,0.0,,,0.0,,,,,
refiner_box__detstats,ddti_dc43010854,ddti,thyroid,,1,2,,,,,,,,1.0,2.0,
refiner_gtbox,ddti_dc43010854,ddti,thyroid,0.0,1,1,0.0,0.0,,,0.0,,,,,
refiner_gtbox__detstats,ddti_dc43010854,ddti,thyroid,,1,1,,,,,,,,1.0,1.0,
rough_otsu_gtbox,ddti_dc43010854,ddti,thyroid,0.0,1,1,0.0,0.0,,,0.0,,,,,
rough_otsu_gtbox__detstats,ddti_dc43010854,ddti,thyroid,,1,1,,,,,,,,1.0,1.0,
yolo26n_seg,ddti_043379d4b4,ddti,thyroid,0.6159090995788574,1,1,0.7623066104078763,0.615909090909091,14.0,3.530367856866569,0.48685843203609697,0.034101382488479264,1.9306167364120483,,,
yolo26n_seg__detstats,ddti_043379d4b4,ddti,thyroid,,1,1,,,,,,,,0.0,0.0,
seg_refiner,ddti_043379d4b4,ddti,thyroid,0.6156250238418579,1,1,0.7620889748549323,0.615625,16.7749018835282,3.604111484920299,0.5360958238912269,0.09400921658986175,2.393080472946167,,,2.4785022735595703
seg_refiner__detstats,ddti_043379d4b4,ddti,thyroid,,1,1,,,,,,,,0.0,0.0,
refiner,ddti_043379d4b4,ddti,thyroid,0.0,1,0,0.0,0.0,,,0.0,,,,,
refiner__detstats,ddti_043379d4b4,ddti,thyroid,,1,0,,,,,,,,1.0,0.0,
rough_otsu,ddti_043379d4b4,ddti,thyroid,0.0,1,0,0.0,0.0,,,0.0,,,,,
rough_otsu__detstats,ddti_043379d4b4,ddti,thyroid,,1,0,,,,,,,,1.0,0.0,
refiner_gtbox,ddti_043379d4b4,ddti,thyroid,0.6202849745750427,1,1,0.7656492498706674,0.6202849958088852,9.463049648703297,2.811283903229306,0.5497731518548171,0.2184331797235023,2.600844621658325,,,2.6994245052337646
refiner_gtbox__detstats,ddti_043379d4b4,ddti,thyroid,,1,1,,,,,,,,0.0,0.0,
rough_otsu_gtbox,ddti_043379d4b4,ddti,thyroid,0.5031055808067322,1,1,0.6694214876033058,0.5031055900621118,9.076957530255807,2.726639708821832,0.6119103988344564,0.21566820276497695,2.721571207046509,,,2.721571207046509
rough_otsu_gtbox__detstats,ddti_043379d4b4,ddti,thyroid,,1,1,,,,,,,,0.0,0.0,
yolo26n_seg,ddti_9c90160b14,ddti,thyroid,0.0,1,1,0.0,0.0,,,0.0,,,,,
yolo26n_seg__detstats,ddti_9c90160b14,ddti,thyroid,,1,1,,,,,,,,1.0,1.0,
seg_refiner,ddti_9c90160b14,ddti,thyroid,0.0,1,1,0.0,0.0,,,0.0,,,,,
seg_refiner__detstats,ddti_9c90160b14,ddti,thyroid,,1,1,,,,,,,,1.0,1.0,
refiner,ddti_9c90160b14,ddti,thyroid,0.0,1,1,0.0,0.0,,,0.0,,,,,
refiner__detstats,ddti_9c90160b14,ddti,thyroid,,1,1,,,,,,,,1.0,1.0,
rough_otsu,ddti_9c90160b14,ddti,thyroid,0.0,1,1,0.0,0.0,,,0.0,,,,,
rough_otsu__detstats,ddti_9c90160b14,ddti,thyroid,,1,1,,,,,,,,1.0,1.0,
refiner_box,ddti_9c90160b14,ddti,thyroid,0.0,1,1,0.0,0.0,,,0.0,,,,,
refiner_box__detstats,ddti_9c90160b14,ddti,thyroid,,1,1,,,,,,,,1.0,1.0,
refiner_gtbox,ddti_9c90160b14,ddti,thyroid,0.786609947681427,1,1,0.8805614738689059,0.7866099417823555,10.183222686579098,3.5447733019179255,0.4861574799573028,0.1670287887017925,3.8654892444610596,,,4.8365983963012695
refiner_gtbox__detstats,ddti_9c90160b14,ddti,thyroid,,1,1,,,,,,,,0.0,0.0,
rough_otsu_gtbox,ddti_9c90160b14,ddti,thyroid,0.7634252309799194,1,1,0.8658436213991769,0.7634252539912917,15.0,4.406900814588061,0.4182572614107884,0.30988593155893535,4.871542930603027,,,4.871542930603027
rough_otsu_gtbox__detstats,ddti_9c90160b14,ddti,thyroid,,1,1,,,,,,,,0.0,0.0,
yolo26n_seg,ddti_787c8b3c4b,ddti,thyroid,0.7791978120803833,1,1,0.8758978892695325,0.7791977978765238,13.987392590922859,4.020781733926052,0.5681632653061226,0.18256678047800765,4.810081958770752,,,
yolo26n_seg__detstats,ddti_787c8b3c4b,ddti,thyroid,,1,1,,,,,,,,0.0,0.0,
seg_refiner,ddti_787c8b3c4b,ddti,thyroid,0.7214076519012451,1,1,0.838160136286201,0.7214076246334311,18.43365765421222,5.808005396417521,0.4540815815063206,0.23157260494075116,5.748172760009766,,,4.461026191711426
seg_refiner__detstats,ddti_787c8b3c4b,ddti,thyroid,,1,1,,,,,,,,0.0,0.0,
refiner,ddti_787c8b3c4b,ddti,thyroid,0.8078690767288208,1,1,0.8937252110241025,0.8078690935833793,8.0,3.642412100365651,0.3176542455711668,0.02510544286001205,4.122451305389404,,,7.116605758666992
refiner__detstats,ddti_787c8b3c4b,ddti,thyroid,,1,1,,,,,,,,0.0,0.0,
rough_otsu,ddti_787c8b3c4b,ddti,thyroid,0.7278338074684143,1,1,0.8424812685136783,0.7278338100255909,16.0,6.274711536099463,0.23761980830670928,0.3052821851777465,7.125292778015137,,,7.125292778015137
rough_otsu__detstats,ddti_787c8b3c4b,ddti,thyroid,,1,1,,,,,,,,0.0,0.0,
refiner_box,ddti_787c8b3c4b,ddti,thyroid,0.796629011631012,1,1,0.8868041237113402,0.796629005371365,7.664392248374595,3.764078756968046,0.2441439179251713,0.051817634063064874,4.323470592498779,,,7.089106559753418
refiner_box__detstats,ddti_787c8b3c4b,ddti,thyroid,,1,1,,,,,,,,0.0,0.0,
refiner_gtbox,ddti_787c8b3c4b,ddti,thyroid,0.0,1,1,0.0,0.0,,,0.0,,,,,
refiner_gtbox__detstats,ddti_787c8b3c4b,ddti,thyroid,,1,1,,,,,,,,1.0,1.0,
rough_otsu_gtbox,ddti_787c8b3c4b,ddti,thyroid,0.0,1,1,0.0,0.0,,,0.0,,,,,
rough_otsu_gtbox__detstats,ddti_787c8b3c4b,ddti,thyroid,,1,1,,,,,,,,1.0,1.0,
yolo26n_seg,ddti_233bdfbf21,ddti,thyroid,0.9334493279457092,1,1,0.9655793025871766,0.9334493257938234,2.0,0.7635555722661893,0.9713602139187952,0.0022471910112359553,1.0474048852920532,,,
yolo26n_seg__detstats,ddti_233bdfbf21,ddti,thyroid,,1,1,,,,,,,,0.0,0.0,
seg_refiner,ddti_233bdfbf21,ddti,thyroid,0.9337401986122131,1,1,0.9657348963029756,0.9337401918047079,2.23606797749979,0.7556852040299069,0.9408521660606924,0.006292134831460674,0.8404421806335449,,,0.9469085335731506
seg_refiner__detstats,ddti_233bdfbf21,ddti,thyroid,,1,1,,,,,,,,0.0,0.0,
refiner,ddti_233bdfbf21,ddti,thyroid,0.9109559059143066,1,1,0.9534033805390589,0.9109559144478394,3.0,1.0037314041432883,0.8742397293498675,0.032359550561797755,1.2119373083114624,,,3.267609119415283
refiner__detstats,ddti_233bdfbf21,ddti,thyroid,,1,1,,,,,,,,0.0,0.0,
rough_otsu,ddti_233bdfbf21,ddti,thyroid,0.763519287109375,1,1,0.8659041129228523,0.763519313304721,10.295630140987,2.879364972775456,0.5453637423006491,0.15325842696629213,3.276334047317505,,,3.276334047317505
rough_otsu__detstats,ddti_233bdfbf21,ddti,thyroid,,1,1,,,,,,,,0.0,0.0,
refiner_box,ddti_233bdfbf21,ddti,thyroid,0.9183585047721863,1,1,0.9574420175636118,0.9183585313174946,2.8284271247461903,0.9473685026828722,0.8749221045134871,0.004044943820224719,1.1205623149871826,,,4.623377799987793
refiner_box__detstats,ddti_233bdfbf21,ddti,thyroid,,1,1,,,,,,,,0.0,0.0,
refiner_gtbox,ddti_233bdfbf21,ddti,thyroid,0.8440161347389221,1,1,0.91541079241614,0.844016136261766,6.359911333029999,1.9292106105273192,0.669374406582973,0.15101123595505617,1.917923927307129,,,3.373502254486084
refiner_gtbox__detstats,ddti_233bdfbf21,ddti,thyroid,,1,1,,,,,,,,0.0,0.0,
rough_otsu_gtbox,ddti_233bdfbf21,ddti,thyroid,0.7559366822242737,1,1,0.8610067618332081,0.7559366754617414,11.202481323848184,3.1984678487190656,0.5608433367863019,0.2053932584269663,3.363032341003418,,,3.363032341003418
rough_otsu_gtbox__detstats,ddti_233bdfbf21,ddti,thyroid,,1,1,,,,,,,,0.0,0.0,
yolo26n_seg,ddti_ac743820ef,ddti,thyroid,0.7598944306373596,1,1,0.863568215892054,0.7598944591029023,7.0,2.3876462216494083,0.5757575757575758,0.2822925577416595,2.078723192214966,,,
yolo26n_seg__detstats,ddti_ac743820ef,ddti,thyroid,,1,1,,,,,,,,0.0,0.0,
seg_refiner,ddti_ac743820ef,ddti,thyroid,0.7408376932144165,1,1,0.8511278195488722,0.7408376963350786,7.0710678118654755,2.6044486571484597,0.5287880289366763,0.2754491017964072,3.151279926300049,,,2.760777473449707
seg_refiner__detstats,ddti_ac743820ef,ddti,thyroid,,1,1,,,,,,,,0.0,0.0,
refiner,ddti_ac743820ef,ddti,thyroid,0.7200000286102295,1,1,0.8372093023255814,0.72,5.0,2.6393870861617295,0.4031798410079496,0.013686911890504704,2.763500213623047,,,4.777797698974609
refiner__detstats,ddti_ac743820ef,ddti,thyroid,,1,1,,,,,,,,0.0,0.0,
rough_otsu,ddti_ac743820ef,ddti,thyroid,0.6411667466163635,1,1,0.7813547954393025,0.6411667583929554,8.602325267042627,4.383776749284727,0.20134228187919467,0.5508982035928144,4.777207374572754,,,4.777207374572754
rough_otsu__detstats,ddti_ac743820ef,ddti,thyroid,,1,1,,,,,,,,0.0,0.0,
refiner_box,ddti_ac743820ef,ddti,thyroid,0.7475284934043884,1,1,0.855526544821584,0.7475285171102661,5.0,2.2628137354423066,0.5396825396825397,0.03421727972626176,2.394599199295044,,,4.750954627990723
refiner_box__detstats,ddti_ac743820ef,ddti,thyroid,,1,1,,,,,,,,0.0,0.0,
refiner_gtbox,ddti_ac743820ef,ddti,thyroid,0.7266514897346497,1,1,0.841688654353562,0.7266514806378133,5.0,2.566955725699316,0.39791567977261955,0.05474764756201882,2.725241184234619,,,2.874654531478882
refiner_gtbox__detstats,ddti_ac743820ef,ddti,thyroid,,1,1,,,,,,,,0.0,0.0,
rough_otsu_gtbox,ddti_ac743820ef,ddti,thyroid,0.7610676884651184,1,1,0.8643253234750462,0.7610677083333334,6.4031242374328485,2.60033781890001,0.5088942307692308,0.31394354148845166,2.874483585357666,,,2.874483585357666
rough_otsu_gtbox__detstats,ddti_ac743820ef,ddti,thyroid,,1,1,,,,,,,,0.0,0.0,
yolo26n_seg,ddti_7599103e43,ddti,thyroid,0.7980522513389587,1,1,0.8876852907639681,0.7980522808815992,14.142135623730951,5.684473391331244,0.1925449565320948,0.25088225858196983,5.076677322387695,,,
yolo26n_seg__detstats,ddti_7599103e43,ddti,thyroid,,1,1,,,,,,,,0.0,0.0,
seg_refiner,ddti_7599103e43,ddti,thyroid,0.7363643646240234,1,1,0.8481680152741158,0.7363643539348015,18.027756377319946,7.885902297228185,0.1085883514313919,0.35247567105122446,8.650294303894043,,,6.132603168487549
seg_refiner__detstats,ddti_7599103e43,ddti,thyroid,,1,1,,,,,,,,0.0,0.0,
refiner,ddti_7599103e43,ddti,thyroid,0.6693476438522339,1,1,0.8019271948608137,0.6693476318141197,26.551809326887764,7.804265583638468,0.14521748423640055,0.20211742059672763,9.149178504943848,,,11.672553062438965
refiner__detstats,ddti_7599103e43,ddti,thyroid,,1,1,,,,,,,,0.0,0.0,
rough_otsu,ddti_7599103e43,ddti,thyroid,0.5502029061317444,1,1,0.7098463289698349,0.5502029292394565,26.332380934254505,8.338620301690078,0.22222499635894558,0.12105657148968024,11.538606643676758,,,11.538606643676758
rough_otsu__detstats,ddti_7599103e43,ddti,thyroid,,1,1,,,,,,,,0.0,0.0,
refiner_box,ddti_7599103e43,ddti,thyroid,0.8015866279602051,1,1,0.8898674197099506,0.8015866172285936,12.041594578792296,5.475643821590691,0.15270413573700956,0.2343064912843546,5.875079154968262,,,10.005834579467773
refiner_box__detstats,ddti_7599103e43,ddti,thyroid,,1,1,,,,,,,,0.0,0.0,
refiner_gtbox,ddti_7599103e43,ddti,thyroid,0.7364309430122375,1,1,0.8482121714421028,0.7364309210526315,32.59744869542322,8.966203102963078,0.19319333816075307,0.1935621858624746,10.640045166015625,,,10.581743240356445
refiner_gtbox__detstats,ddti_7599103e43,ddti,thyroid,,1,1,,,,,,,,0.0,0.0,
rough_otsu_gtbox,ddti_7599103e43,ddti,thyroid,0.6464943885803223,1,1,0.7852980208874272,0.646494394831845,27.973162840490676,6.987725241194055,0.27023150922676686,0.14661533525826115,10.650904655456543,,,10.650904655456543
rough_otsu_gtbox__detstats,ddti_7599103e43,ddti,thyroid,,1,1,,,,,,,,0.0,0.0,
yolo26n_seg,ddti_6c5aa6a01f,ddti,thyroid,0.7980522513389587,1,1,0.8876852907639681,0.7980522808815992,14.142135623730951,5.684473391331244,0.1925449565320948,0.25088225858196983,5.076677322387695,,,
yolo26n_seg__detstats,ddti_6c5aa6a01f,ddti,thyroid,,1,1,,,,,,,,0.0,0.0,
seg_refiner,ddti_6c5aa6a01f,ddti,thyroid,0.7363643646240234,1,1,0.8481680152741158,0.7363643539348015,18.027756377319946,7.885902297228185,0.1085883514313919,0.35247567105122446,8.650294303894043,,,6.132603168487549
seg_refiner__detstats,ddti_6c5aa6a01f,ddti,thyroid,,1,1,,,,,,,,0.0,0.0,
refiner,ddti_6c5aa6a01f,ddti,thyroid,0.6693476438522339,1,1,0.8019271948608137,0.6693476318141197,26.551809326887764,7.804265583638468,0.14521748423640055,0.20211742059672763,9.149178504943848,,,11.672553062438965
refiner__detstats,ddti_6c5aa6a01f,ddti,thyroid,,1,1,,,,,,,,0.0,0.0,
rough_otsu,ddti_6c5aa6a01f,ddti,thyroid,0.5502029061317444,1,1,0.7098463289698349,0.5502029292394565,26.332380934254505,8.338620301690078,0.22222499635894558,0.12105657148968024,11.538606643676758,,,11.538606643676758
rough_otsu__detstats,ddti_6c5aa6a01f,ddti,thyroid,,1,1,,,,,,,,0.0,0.0,
refiner_box,ddti_6c5aa6a01f,ddti,thyroid,0.8015866279602051,1,1,0.8898674197099506,0.8015866172285936,12.041594578792296,5.475643821590691,0.15270413573700956,0.2343064912843546,5.875079154968262,,,10.005834579467773
refiner_box__detstats,ddti_6c5aa6a01f,ddti,thyroid,,1,1,,,,,,,,0.0,0.0,
refiner_gtbox,ddti_6c5aa6a01f,ddti,thyroid,0.7364309430122375,1,1,0.8482121714421028,0.7364309210526315,32.59744869542322,8.966203102963078,0.19319333816075307,0.1935621858624746,10.640045166015625,,,10.581743240356445
refiner_gtbox__detstats,ddti_6c5aa6a01f,ddti,thyroid,,1,1,,,,,,,,0.0,0.0,
rough_otsu_gtbox,ddti_6c5aa6a01f,ddti,thyroid,0.6464943885803223,1,1,0.7852980208874272,0.646494394831845,27.973162840490676,6.987725241194055,0.27023150922676686,0.14661533525826115,10.650904655456543,,,10.650904655456543
rough_otsu_gtbox__detstats,ddti_6c5aa6a01f,ddti,thyroid,,1,1,,,,,,,,0.0,0.0,
yolo26n_seg,ddti_a94de71ed0,ddti,thyroid,0.5925999283790588,1,1,0.7441918250714374,0.5925999208547685,18.0,7.337899501077471,0.1757549887952193,0.6590683845391476,7.309692859649658,,,
yolo26n_seg__detstats,ddti_a94de71ed0,ddti,thyroid,,1,1,,,,,,,,0.0,0.0,
seg_refiner,ddti_a94de71ed0,ddti,thyroid,0.0,1,1,0.0,0.0,,,0.0,,,,,
seg_refiner__detstats,ddti_a94de71ed0,ddti,thyroid,,1,1,,,,,,,,1.0,1.0,
refiner,ddti_a94de71ed0,ddti,thyroid,0.0,1,1,0.0,0.0,,,0.0,,,,,
refiner__detstats,ddti_a94de71ed0,ddti,thyroid,,1,1,,,,,,,,1.0,1.0,
rough_otsu,ddti_a94de71ed0,ddti,thyroid,0.0,1,1,0.0,0.0,,,0.0,,,,,
rough_otsu__detstats,ddti_a94de71ed0,ddti,thyroid,,1,1,,,,,,,,1.0,1.0,
refiner_box,ddti_a94de71ed0,ddti,thyroid,0.5173913240432739,1,1,0.6819484240687679,0.5173913043478261,20.615528128088304,9.83831410270517,0.09366502165374156,0.7670961347869177,10.838595390319824,,,16.581832885742188
refiner_box__detstats,ddti_a94de71ed0,ddti,thyroid,,1,1,,,,,,,,0.0,0.0,
refiner_gtbox,ddti_a94de71ed0,ddti,thyroid,0.0,1,1,0.0,0.0,,,0.0,,,,,
refiner_gtbox__detstats,ddti_a94de71ed0,ddti,thyroid,,1,1,,,,,,,,1.0,1.0,
rough_otsu_gtbox,ddti_a94de71ed0,ddti,thyroid,0.0,1,1,0.0,0.0,,,0.0,,,,,
rough_otsu_gtbox__detstats,ddti_a94de71ed0,ddti,thyroid,,1,1,,,,,,,,1.0,1.0,
yolo26n_seg,ddti_e217109e28,ddti,thyroid,0.5065104365348816,1,2,0.672428694900605,0.5065104166666666,15.0,6.970952855443986,0.13249211356466878,0.974293059125964,6.764219284057617,,,
yolo26n_seg__detstats,ddti_e217109e28,ddti,thyroid,,1,2,,,,,,,,0.0,1.0,
seg_refiner,ddti_e217109e28,ddti,thyroid,0.5157520174980164,1,2,0.6805229634596044,0.5157520325203252,15.231546211727817,5.951287309144703,0.26798060055721806,0.5561268209083119,6.842617511749268,,,7.728521823883057
seg_refiner__detstats,ddti_e217109e28,ddti,thyroid,,1,2,,,,,,,,0.0,1.0,
refiner,ddti_e217109e28,ddti,thyroid,0.5524115562438965,1,2,0.7116818558409279,0.5524115755627009,13.061313135917418,4.784447066762905,0.4836477529317503,0.06855184233076264,4.855899810791016,,,8.492826461791992
refiner__detstats,ddti_e217109e28,ddti,thyroid,,1,2,,,,,,,,0.0,1.0,
rough_otsu,ddti_e217109e28,ddti,thyroid,0.0,1,2,0.0,0.0,,,0.0,,,,,
rough_otsu__detstats,ddti_e217109e28,ddti,thyroid,,1,2,,,,,,,,1.0,2.0,
refiner_box,ddti_e217109e28,ddti,thyroid,0.5942184329032898,1,2,0.7454667562122229,0.5942184154175589,14.524990489369193,4.821316538077724,0.4426666666666667,0.5518423307626392,5.63461971282959,,,12.309896469116211
refiner_box__detstats,ddti_e217109e28,ddti,thyroid,,1,2,,,,,,,,0.0,1.0,
refiner_gtbox,ddti_e217109e28,ddti,thyroid,0.6735814809799194,1,1,0.8049580751002552,0.673581452104942,10.665191763118239,3.529164712098797,0.5029827315541602,0.350471293916024,3.9906954765319824,,,4.760734558105469
refiner_gtbox__detstats,ddti_e217109e28,ddti,thyroid,,1,1,,,,,,,,0.0,0.0,
rough_otsu_gtbox,ddti_e217109e28,ddti,thyroid,0.6570945978164673,1,1,0.7930682976554536,0.6570945945945946,12.35044194594679,4.202832651715388,0.4685749366894329,0.5218508997429306,4.771584510803223,,,4.771584510803223
rough_otsu_gtbox__detstats,ddti_e217109e28,ddti,thyroid,,1,1,,,,,,,,0.0,0.0,
yolo26n_seg,ddti_27df9b9068,ddti,thyroid,0.5818867683410645,1,2,0.7356870229007634,0.5818867924528301,14.32994099904059,4.017764365969828,0.5266666666666667,0.5623471882640587,3.835937023162842,,,
yolo26n_seg__detstats,ddti_27df9b9068,ddti,thyroid,,1,2,,,,,,,,0.0,1.0,
seg_refiner,ddti_27df9b9068,ddti,thyroid,0.6323024034500122,1,2,0.7747368421052632,0.6323024054982818,9.776452837537915,3.3830355373604837,0.44224422442244227,0.32273838630806845,4.041172027587891,,,5.492181777954102
seg_refiner__detstats,ddti_27df9b9068,ddti,thyroid,,1,2,,,,,,,,0.0,1.0,
refiner,ddti_27df9b9068,ddti,thyroid,0.7301037907600403,1,2,0.844,0.7301038062283737,7.028427124746188,2.0507044617657018,0.6877470355731226,0.16625916870415647,1.7630435228347778,,,2.3810367584228516
refiner__detstats,ddti_27df9b9068,ddti,thyroid,,1,2,,,,,,,,0.0,1.0,
rough_otsu,ddti_27df9b9068,ddti,thyroid,0.7125867009162903,1,2,0.8321759259259259,0.7125867195242814,5.4802561119597595,2.428885694001547,0.5848413881200767,0.11246943765281174,2.3784849643707275,,,2.3784849643707275
rough_otsu__detstats,ddti_27df9b9068,ddti,thyroid,,1,2,,,,,,,,0.0,1.0,
refiner_box,ddti_27df9b9068,ddti,thyroid,0.7426900863647461,1,2,0.8523489932885906,0.7426900584795322,7.0,1.9301018046401808,0.7273191055182382,0.1784841075794621,1.7240989208221436,,,2.452862024307251
refiner_box__detstats,ddti_27df9b9068,ddti,thyroid,,1,2,,,,,,,,0.0,1.0,
refiner_gtbox,ddti_27df9b9068,ddti,thyroid,0.6806039214134216,1,1,0.8099516240497581,0.6806039488966318,7.280109889280518,2.2322102851724024,0.6270612646063122,0.2310513447432763,2.424835205078125,,,2.8307905197143555
refiner_gtbox__detstats,ddti_27df9b9068,ddti,thyroid,,1,1,,,,,,,,0.0,0.0,
rough_otsu_gtbox,ddti_27df9b9068,ddti,thyroid,0.5136054158210754,1,1,0.6786516853932584,0.5136054421768708,9.899494936611665,2.953238475734462,0.60932944606414,0.36797066014669927,2.84887957572937,,,2.84887957572937
rough_otsu_gtbox__detstats,ddti_27df9b9068,ddti,thyroid,,1,1,,,,,,,,0.0,0.0,
yolo26n_seg,ddti_4d1fb97d3c,ddti,thyroid,0.0,1,1,0.0,0.0,,,0.0,,,,,
yolo26n_seg__detstats,ddti_4d1fb97d3c,ddti,thyroid,,1,1,,,,,,,,1.0,1.0,
seg_refiner,ddti_4d1fb97d3c,ddti,thyroid,0.0,1,1,0.0,0.0,,,0.0,,,,,
seg_refiner__detstats,ddti_4d1fb97d3c,ddti,thyroid,,1,1,,,,,,,,1.0,1.0,
refiner,ddti_4d1fb97d3c,ddti,thyroid,0.0,1,1,0.0,0.0,,,0.0,,,,,
refiner__detstats,ddti_4d1fb97d3c,ddti,thyroid,,1,1,,,,,,,,1.0,1.0,
rough_otsu,ddti_4d1fb97d3c,ddti,thyroid,0.0,1,1,0.0,0.0,,,0.0,,,,,
rough_otsu__detstats,ddti_4d1fb97d3c,ddti,thyroid,,1,1,,,,,,,,1.0,1.0,
refiner_box,ddti_4d1fb97d3c,ddti,thyroid,0.0,1,1,0.0,0.0,,,0.0,,,,,
refiner_box__detstats,ddti_4d1fb97d3c,ddti,thyroid,,1,1,,,,,,,,1.0,1.0,
refiner_gtbox,ddti_4d1fb97d3c,ddti,thyroid,0.6586875319480896,1,1,0.794227370901237,0.6586875101774955,21.274192302123787,8.359066669082495,0.19572983052624485,0.17569624787319782,8.299532890319824,,,18.320554733276367
refiner_gtbox__detstats,ddti_4d1fb97d3c,ddti,thyroid,,1,1,,,,,,,,0.0,0.0,
rough_otsu_gtbox,ddti_4d1fb97d3c,ddti,thyroid,0.0,1,1,0.0,0.0,,,0.0,,,,,
rough_otsu_gtbox__detstats,ddti_4d1fb97d3c,ddti,thyroid,,1,1,,,,,,,,1.0,1.0,
yolo26n_seg,ddti_f242f7bf6e,ddti,thyroid,0.8286420702934265,1,1,0.9062922650866233,0.828642091626428,9.848857801796104,4.211697675294273,0.3352303573768651,0.01074851074851075,4.340579509735107,,,
yolo26n_seg__detstats,ddti_f242f7bf6e,ddti,thyroid,,1,1,,,,,,,,0.0,0.0,
seg_refiner,ddti_f242f7bf6e,ddti,thyroid,0.718489944934845,1,1,0.8361875350926445,0.7184899288384996,14.0,6.94538203476937,0.20493827160493827,0.15488215488215487,7.28574275970459,,,4.3668904304504395
seg_refiner__detstats,ddti_f242f7bf6e,ddti,thyroid,,1,1,,,,,,,,0.0,0.0,
refiner,ddti_f242f7bf6e,ddti,thyroid,0.6304125189781189,1,1,0.7733165800445485,0.6304125151317628,31.04834939252005,10.569154398436368,0.09327548806941431,0.2674177674177674,12.8505859375,,,17.235368728637695
refiner__detstats,ddti_f242f7bf6e,ddti,thyroid,,1,1,,,,,,,,0.0,0.0,
rough_otsu,ddti_f242f7bf6e,ddti,thyroid,0.5751984715461731,1,1,0.7303187403993856,0.5751984877126654,37.60318430617811,14.158545695116835,0.18048494329292136,0.6977466977466977,17.23764419555664,,,17.23764419555664
rough_otsu__detstats,ddti_f242f7bf6e,ddti,thyroid,,1,1,,,,,,,,0.0,0.0,
refiner_box,ddti_f242f7bf6e,ddti,thyroid,0.6288478970527649,1,1,0.7721382900469643,0.6288479262672811,31.78049716414141,10.764972861725415,0.055442616891517284,0.28865578865578867,13.139320373535156,,,17.622129440307617
refiner_box__detstats,ddti_f242f7bf6e,ddti,thyroid,,1,1,,,,,,,,0.0,0.0,
refiner_gtbox,ddti_f242f7bf6e,ddti,thyroid,0.0,1,1,0.0,0.0,,,0.0,,,,,
refiner_gtbox__detstats,ddti_f242f7bf6e,ddti,thyroid,,1,1,,,,,,,,1.0,1.0,
rough_otsu_gtbox,ddti_f242f7bf6e,ddti,thyroid,0.0,1,1,0.0,0.0,,,0.0,,,,,
rough_otsu_gtbox__detstats,ddti_f242f7bf6e,ddti,thyroid,,1,1,,,,,,,,1.0,1.0,
yolo26n_seg,ddti_90696b2b43,ddti,thyroid,0.842615008354187,1,2,0.9145860709592641,0.8426150121065376,2.23606797749979,1.2705182365284629,0.8866931346745773,0.007853403141361256,1.2531098127365112,,,
yolo26n_seg__detstats,ddti_90696b2b43,ddti,thyroid,,1,2,,,,,,,,0.0,1.0,
seg_refiner,ddti_90696b2b43,ddti,thyroid,0.8388625383377075,1,2,0.9123711340206185,0.8388625592417062,2.8284271247461903,1.3133939978576716,0.8075461810559413,0.031413612565445025,1.6213561296463013,,,1.459735631942749
seg_refiner__detstats,ddti_90696b2b43,ddti,thyroid,,1,2,,,,,,,,0.0,1.0,
refiner,ddti_90696b2b43,ddti,thyroid,0.6909527778625488,1,2,0.8172348484848485,0.6909527622097679,7.615773105863909,2.727286756940589,0.5628465804066545,0.15706806282722513,2.6279053688049316,,,5.064866065979004
refiner__detstats,ddti_90696b2b43,ddti,thyroid,,1,2,,,,,,,,0.0,1.0,
rough_otsu,ddti_90696b2b43,ddti,thyroid,0.5986078977584839,1,2,0.7489114658925979,0.5986078886310905,9.856453372018438,4.684539523023539,0.2809397287092715,0.4048865619546248,5.071033477783203,,,5.071033477783203
rough_otsu__detstats,ddti_90696b2b43,ddti,thyroid,,1,2,,,,,,,,0.0,1.0,
refiner_box,ddti_90696b2b43,ddti,thyroid,0.6715566515922546,1,2,0.80351048269137,0.6715566422167889,8.523450915439893,2.9483834449620088,0.5451244011744707,0.21029668411867364,2.7840452194213867,,,4.895043849945068
refiner_box__detstats,ddti_90696b2b43,ddti,thyroid,,1,2,,,,,,,,0.0,1.0,
refiner_gtbox,ddti_90696b2b43,ddti,thyroid,0.7544000148773193,1,1,0.8600091199270405,0.7544,5.059411708155667,1.8974838109677539,0.629844608136599,0.08638743455497382,2.099696159362793,,,3.952549457550049
refiner_gtbox__detstats,ddti_90696b2b43,ddti,thyroid,,1,1,,,,,,,,0.0,0.0,
rough_otsu_gtbox,ddti_90696b2b43,ddti,thyroid,0.5673151612281799,1,1,0.7239324726911619,0.5673151750972762,10.198039027185569,3.1332970780412808,0.5062166962699821,0.2425828970331588,3.951658010482788,,,3.951658010482788
rough_otsu_gtbox__detstats,ddti_90696b2b43,ddti,thyroid,,1,1,,,,,,,,0.0,0.0,
yolo26n_seg,ddti_ba1514aeb9,ddti,thyroid,0.8375207781791687,1,1,0.9115769252500141,0.8375207641196013,12.449111968539675,4.125076265096915,0.35901624736388754,0.13936903179016077,4.546712398529053,,,
yolo26n_seg__detstats,ddti_ba1514aeb9,ddti,thyroid,,1,1,,,,,,,,0.0,0.0,
seg_refiner,ddti_ba1514aeb9,ddti,thyroid,0.8438735008239746,1,1,0.9153269024651661,0.8438735177865613,14.866068747318506,3.941859229127012,0.4961024785559091,0.14275353559772755,4.099667549133301,,,4.4857892990112305
seg_refiner__detstats,ddti_ba1514aeb9,ddti,thyroid,,1,1,,,,,,,,0.0,0.0,
refiner,ddti_ba1514aeb9,ddti,thyroid,0.0,1,1,0.0,0.0,,,0.0,,,,,
refiner__detstats,ddti_ba1514aeb9,ddti,thyroid,,1,1,,,,,,,,1.0,1.0,
rough_otsu,ddti_ba1514aeb9,ddti,thyroid,0.0,1,1,0.0,0.0,,,0.0,,,,,
rough_otsu__detstats,ddti_ba1514aeb9,ddti,thyroid,,1,1,,,,,,,,1.0,1.0,
refiner_box,ddti_ba1514aeb9,ddti,thyroid,0.8394469618797302,1,1,0.9127166929324767,0.8394469840561936,7.615773105863909,3.7614109605754873,0.28382319946152124,0.005802006527257343,4.1266398429870605,,,9.684001922607422
refiner_box__detstats,ddti_ba1514aeb9,ddti,thyroid,,1,1,,,,,,,,0.0,0.0,
refiner_gtbox,ddti_ba1514aeb9,ddti,thyroid,0.5260559916496277,1,1,0.6894321173373449,0.5260560146923783,28.23466502074011,10.54893565862304,0.22862054146970348,0.39296506708570045,11.1480073928833,,,14.577202796936035
refiner_gtbox__detstats,ddti_ba1514aeb9,ddti,thyroid,,1,1,,,,,,,,0.0,0.0,
rough_otsu_gtbox,ddti_ba1514aeb9,ddti,thyroid,0.0,1,1,0.0,0.0,,,0.0,,,,,
rough_otsu_gtbox__detstats,ddti_ba1514aeb9,ddti,thyroid,,1,1,,,,,,,,1.0,1.0,
yolo26n_seg,ddti_c8fbd8e3a2,ddti,thyroid,0.8760207891464233,1,1,0.9339137316976652,0.8760207869339273,14.422205101855956,3.673534032478406,0.42581888246628136,0.013989311537252436,3.233105421066284,,,
yolo26n_seg__detstats,ddti_c8fbd8e3a2,ddti,thyroid,,1,1,,,,,,,,0.0,0.0,
seg_refiner,ddti_c8fbd8e3a2,ddti,thyroid,0.8779880404472351,1,1,0.9350304958896845,0.8779880478087649,7.0,3.6879454736071633,0.22753851968784045,0.07458346431939641,4.09333610534668,,,3.785128593444824
seg_refiner__detstats,ddti_c8fbd8e3a2,ddti,thyroid,,1,1,,,,,,,,0.0,0.0,
refiner,ddti_c8fbd8e3a2,ddti,thyroid,0.8737536668777466,1,1,0.9326238419722839,0.8737536762068718,8.602325267042627,3.6591567853870828,0.31212363338725074,0.0529707639107199,4.387721538543701,,,9.516040802001953
refiner__detstats,ddti_c8fbd8e3a2,ddti,thyroid,,1,1,,,,,,,,0.0,0.0,
rough_otsu,ddti_c8fbd8e3a2,ddti,thyroid,0.7768367528915405,1,1,0.8744041944709247,0.7768367562989625,22.47220505424423,6.936806374393001,0.29693021466862185,0.02137692549512732,9.509947776794434,,,9.509947776794434
rough_otsu__detstats,ddti_c8fbd8e3a2,ddti,thyroid,,1,1,,,,,,,,0.0,0.0,
refiner_box,ddti_c8fbd8e3a2,ddti,thyroid,0.8204994201660156,1,1,0.9014003531682477,0.8204994019138756,15.0,5.4342753058649835,0.2375082440878113,0.08621502672115687,5.728354454040527,,,13.354175567626953
refiner_box__detstats,ddti_c8fbd8e3a2,ddti,thyroid,,1,1,,,,,,,,0.0,0.0,
refiner_gtbox,ddti_c8fbd8e3a2,ddti,thyroid,0.8100489974021912,1,1,0.8950575490859851,0.8100490196078431,20.070353866779094,4.7962022074095945,0.36611893335028445,0.026642565231059415,5.13422966003418,,,11.679447174072266
refiner_gtbox__detstats,ddti_c8fbd8e3a2,ddti,thyroid,,1,1,,,,,,,,0.0,0.0,
rough_otsu_gtbox,ddti_c8fbd8e3a2,ddti,thyroid,0.7383548617362976,1,1,0.849486931268151,0.738354873451804,29.598045237946994,8.143221914597973,0.28180753735934433,0.029629047469349263,11.671509742736816,,,11.671509742736816
rough_otsu_gtbox__detstats,ddti_c8fbd8e3a2,ddti,thyroid,,1,1,,,,,,,,0.0,0.0,
yolo26n_seg,ddti_e33a37bf51,ddti,thyroid,0.7955953478813171,1,1,0.8861632809505557,0.7955953200275292,7.0710678118654755,2.82696554877847,0.47926464300983324,0.16604400166044,3.197368621826172,,,
yolo26n_seg__detstats,ddti_e33a37bf51,ddti,thyroid,,1,1,,,,,,,,0.0,0.0,
seg_refiner,ddti_e33a37bf51,ddti,thyroid,0.78725665807724,1,1,0.8809665280253516,0.7872566371681415,7.211102550927978,2.8259753733641544,0.5221120428530434,0.0958904109589041,2.9150147438049316,,,2.85518741607666
seg_refiner__detstats,ddti_e33a37bf51,ddti,thyroid,,1,1,,,,,,,,0.0,0.0,
refiner,ddti_e33a37bf51,ddti,thyroid,0.0,1,1,0.0,0.0,,,0.0,,,,,
refiner__detstats,ddti_e33a37bf51,ddti,thyroid,,1,1,,,,,,,,1.0,1.0,
rough_otsu,ddti_e33a37bf51,ddti,thyroid,0.0,1,1,0.0,0.0,,,0.0,,,,,
rough_otsu__detstats,ddti_e33a37bf51,ddti,thyroid,,1,1,,,,,,,,1.0,1.0,
refiner_box,ddti_e33a37bf51,ddti,thyroid,0.7240533232688904,1,1,0.8399430547081553,0.7240532959326789,9.219544457292887,3.7565698792724267,0.27766599597585506,0.0410958904109589,3.7173233032226562,,,6.885196685791016
refiner_box__detstats,ddti_e33a37bf51,ddti,thyroid,,1,1,,,,,,,,0.0,0.0,
refiner_gtbox,ddti_e33a37bf51,ddti,thyroid,0.5356072187423706,1,1,0.6975835977544544,0.5356071964017991,14.317821063276353,5.080883601746221,0.21754734270006112,0.2992943129929431,5.071732044219971,,,7.0543107986450195
refiner_gtbox__detstats,ddti_e33a37bf51,ddti,thyroid,,1,1,,,,,,,,0.0,0.0,
rough_otsu_gtbox,ddti_e33a37bf51,ddti,thyroid,0.0,1,1,0.0,0.0,,,0.0,,,,,
rough_otsu_gtbox__detstats,ddti_e33a37bf51,ddti,thyroid,,1,1,,,,,,,,1.0,1.0,
yolo26n_seg,ddti_33e5e1f317,ddti,thyroid,0.8758307099342346,1,1,0.9338057224863217,0.8758307394632792,10.0,3.1436967789127497,0.544841970158832,0.0077435620385377275,2.635624885559082,,,
yolo26n_seg__detstats,ddti_33e5e1f317,ddti,thyroid,,1,1,,,,,,,,0.0,0.0,
seg_refiner,ddti_33e5e1f317,ddti,thyroid,0.8267370462417603,1,1,0.9051516610495908,0.8267370272647317,8.602325267042627,4.418109873928438,0.27212089490142394,0.12983972627408608,4.910102844238281,,,3.4396162033081055
seg_refiner__detstats,ddti_33e5e1f317,ddti,thyroid,,1,1,,,,,,,,0.0,0.0,
refiner,ddti_33e5e1f317,ddti,thyroid,0.5679501295089722,1,1,0.7244492208490059,0.5679501221669896,30.047345326874126,11.548336359621564,0.0821023169025035,0.3243291914280569,12.887654304504395,,,19.321226119995117
refiner__detstats,ddti_33e5e1f317,ddti,thyroid,,1,1,,,,,,,,0.0,0.0,
rough_otsu,ddti_33e5e1f317,ddti,thyroid,0.0,1,1,0.0,0.0,,,0.0,,,,,
rough_otsu__detstats,ddti_33e5e1f317,ddti,thyroid,,1,1,,,,,,,,1.0,1.0,
refiner_box,ddti_33e5e1f317,ddti,thyroid,0.8138462901115417,1,1,0.8973707237801575,0.8138462701231955,10.353500688156402,5.262221969198553,0.23063233211055822,0.16090401584728975,6.045844554901123,,,13.062885284423828
refiner_box__detstats,ddti_33e5e1f317,ddti,thyroid,,1,1,,,,,,,,0.0,0.0,
refiner_gtbox,ddti_33e5e1f317,ddti,thyroid,0.5135665535926819,1,1,0.6786177105831533,0.5135665250081726,35.34119409414458,13.74720305355882,0.04375396322130628,0.3324329191428057,14.59450912475586,,,20.28188133239746
refiner_gtbox__detstats,ddti_33e5e1f317,ddti,thyroid,,1,1,,,,,,,,0.0,0.0,
rough_otsu_gtbox,ddti_33e5e1f317,ddti,thyroid,0.0,1,1,0.0,0.0,,,0.0,,,,,
rough_otsu_gtbox__detstats,ddti_33e5e1f317,ddti,thyroid,,1,1,,,,,,,,1.0,1.0,
yolo26n_seg,ddti_cd5c4e3c0d,ddti,thyroid,0.8483353853225708,1,1,0.9179452968645764,0.8483353884093712,4.123105625617661,1.1002310586952642,0.8352272727272728,0.03795811518324607,1.5822185277938843,,,
yolo26n_seg__detstats,ddti_cd5c4e3c0d,ddti,thyroid,,1,1,,,,,,,,0.0,0.0,
seg_refiner,ddti_cd5c4e3c0d,ddti,thyroid,0.6619170904159546,1,1,0.7965705378020265,0.6619170984455959,5.804837248042362,2.375105675790657,0.6101061197558695,0.3206806282722513,2.47688627243042,,,1.1750186681747437
seg_refiner__detstats,ddti_cd5c4e3c0d,ddti,thyroid,,1,1,,,,,,,,0.0,0.0,
refiner,ddti_cd5c4e3c0d,ddti,thyroid,0.6919060349464417,1,1,0.8179012345679012,0.6919060052219321,5.0,2.1324092513798023,0.5822306238185255,0.3036649214659686,2.317255973815918,,,2.277155876159668
refiner__detstats,ddti_cd5c4e3c0d,ddti,thyroid,,1,1,,,,,,,,0.0,0.0,
rough_otsu,ddti_cd5c4e3c0d,ddti,thyroid,0.7092651724815369,1,1,0.8299065420560747,0.7092651757188498,5.830951894845301,2.1868675716653057,0.6693251805574016,0.10078534031413612,2.2620832920074463,,,2.2620832920074463
rough_otsu__detstats,ddti_cd5c4e3c0d,ddti,thyroid,,1,1,,,,,,,,0.0,0.0,
refiner_box,ddti_cd5c4e3c0d,ddti,thyroid,0.812020480632782,1,1,0.8962597035991532,0.8120204603580563,3.1622776601683795,1.3181063882331037,0.8506329113924052,0.14528795811518325,1.3202447891235352,,,2.5512938499450684
refiner_box__detstats,ddti_cd5c4e3c0d,ddti,thyroid,,1,1,,,,,,,,0.0,0.0,
refiner_gtbox,ddti_cd5c4e3c0d,ddti,thyroid,0.7865311503410339,1,1,0.8805120910384068,0.7865311308767471,3.605551275463989,1.47472613518651,0.747807486631016,0.15968586387434555,1.582280158996582,,,1.9369170665740967
refiner_gtbox__detstats,ddti_cd5c4e3c0d,ddti,thyroid,,1,1,,,,,,,,0.0,0.0,
rough_otsu_gtbox,ddti_cd5c4e3c0d,ddti,thyroid,0.7908902764320374,1,1,0.8832369942196532,0.7908902691511387,5.830951894845301,1.7683329318456074,0.7091807218192335,0.2643979057591623,1.9502699375152588,,,1.9502699375152588
rough_otsu_gtbox__detstats,ddti_cd5c4e3c0d,ddti,thyroid,,1,1,,,,,,,,0.0,0.0,
yolo26n_seg,ddti_939c619c88,ddti,thyroid,0.807129442691803,1,1,0.8932724252491694,0.8071294559099437,11.187008318073234,5.340120554186116,0.20655134515219573,0.171815107102593,5.897700309753418,,,
yolo26n_seg__detstats,ddti_939c619c88,ddti,thyroid,,1,1,,,,,,,,0.0,0.0,
seg_refiner,ddti_939c619c88,ddti,thyroid,0.8269211053848267,1,1,0.9052619628767667,0.8269210826506274,12.083045973594572,4.316498262522067,0.35841059602649006,0.013866967305524239,4.568109512329102,,,5.770148277282715
seg_refiner__detstats,ddti_939c619c88,ddti,thyroid,,1,1,,,,,,,,0.0,0.0,
refiner,ddti_939c619c88,ddti,thyroid,0.7899167537689209,1,1,0.8826296156133427,0.7899167795626089,11.40175425099138,4.987731782272648,0.2705454927699049,0.08534385569334836,5.719212055206299,,,11.821857452392578
refiner__detstats,ddti_939c619c88,ddti,thyroid,,1,1,,,,,,,,0.0,0.0,
rough_otsu,ddti_939c619c88,ddti,thyroid,0.5669711828231812,1,1,0.7236523652365237,0.5669712118600241,26.0,8.396759977106223,0.15021966082479096,0.0496054114994363,11.746726989746094,,,11.746726989746094
rough_otsu__detstats,ddti_939c619c88,ddti,thyroid,,1,1,,,,,,,,0.0,0.0,
refiner_box,ddti_939c619c88,ddti,thyroid,0.806374192237854,1,1,0.892809693362385,0.8063741960257271,12.643153312946918,5.187648667177502,0.17647058823529413,0.1214205186020293,5.647713661193848,,,15.378101348876953
refiner_box__detstats,ddti_939c619c88,ddti,thyroid,,1,1,,,,,,,,0.0,0.0,
refiner_gtbox,ddti_939c619c88,ddti,thyroid,0.7373747825622559,1,1,0.8488379076331752,0.7373747913188647,15.0,6.303938002902551,0.2363150867823765,0.12277339346110484,6.036342620849609,,,12.651350021362305
refiner_gtbox__detstats,ddti_939c619c88,ddti,thyroid,,1,1,,,,,,,,0.0,0.0,
rough_otsu_gtbox,ddti_939c619c88,ddti,thyroid,0.5161736607551575,1,1,0.6808898870096147,0.5161736539689296,25.830155926682828,10.81376745180907,0.19416405123420136,0.3935738444193912,12.648711204528809,,,12.648711204528809
rough_otsu_gtbox__detstats,ddti_939c619c88,ddti,thyroid,,1,1,,,,,,,,0.0,0.0,
yolo26n_seg,ddti_a0e522ad71,ddti,thyroid,0.7753973007202148,1,1,0.8734915793661319,0.7753972925250148,19.849433241279208,5.182067776625684,0.5214105793450882,0.252389486260454,3.481069564819336,,,
yolo26n_seg__detstats,ddti_a0e522ad71,ddti,thyroid,,1,1,,,,,,,,0.0,0.0,
seg_refiner,ddti_a0e522ad71,ddti,thyroid,0.8031100630760193,1,1,0.8908053782425642,0.8031100771397086,10.44030650891055,4.508429497351481,0.3066998275254186,0.19922341696535245,5.461459159851074,,,6.987915992736816
seg_refiner__detstats,ddti_a0e522ad71,ddti,thyroid,,1,1,,,,,,,,0.0,0.0,
refiner,ddti_a0e522ad71,ddti,thyroid,0.5120973587036133,1,1,0.6773338568764111,0.512097372717827,30.0,9.775709550018965,0.2483085404469554,0.4786439665471924,9.893793106079102,,,10.120556831359863
refiner__detstats,ddti_a0e522ad71,ddti,thyroid,,1,1,,,,,,,,0.0,0.0,
rough_otsu,ddti_a0e522ad71,ddti,thyroid,0.0,1,1,0.0,0.0,,,0.0,,,,,
rough_otsu__detstats,ddti_a0e522ad71,ddti,thyroid,,1,1,,,,,,,,1.0,1.0,
refiner_box,ddti_a0e522ad71,ddti,thyroid,0.7837062478065491,1,1,0.8787391444194275,0.7837062535857716,14.0,4.808077077180615,0.3716489166360632,0.14277180406212664,4.683413982391357,,,5.157698154449463
refiner_box__detstats,ddti_a0e522ad71,ddti,thyroid,,1,1,,,,,,,,0.0,0.0,
refiner_gtbox,ddti_a0e522ad71,ddti,thyroid,0.8209612965583801,1,1,0.9016790316282702,0.8209613196814562,12.0,3.9566802658203355,0.39588942398847216,0.08766427718040622,3.8125951290130615,,,5.054380893707275
refiner_gtbox__detstats,ddti_a0e522ad71,ddti,thyroid,,1,1,,,,,,,,0.0,0.0,
rough_otsu_gtbox,ddti_a0e522ad71,ddti,thyroid,0.8175824284553528,1,1,0.8996372430471584,0.8175824175824176,13.549724247153833,4.518691919409755,0.4453350920805641,0.22311827956989247,5.041074752807617,,,5.041074752807617
rough_otsu_gtbox__detstats,ddti_a0e522ad71,ddti,thyroid,,1,1,,,,,,,,0.0,0.0,
yolo26n_seg,ddti_37e3d077d2,ddti,thyroid,0.918554961681366,1,1,0.957548774077853,0.9185549887293867,7.683839905378852,2.744123954786767,0.5959780621572213,0.0519785580919111,2.3400375843048096,,,
yolo26n_seg__detstats,ddti_37e3d077d2,ddti,thyroid,,1,1,,,,,,,,0.0,0.0,
seg_refiner,ddti_37e3d077d2,ddti,thyroid,0.8314263224601746,1,1,0.9079549914954861,0.831426346372731,19.697715603592208,5.979436237341742,0.23304075661699664,0.15864602782629644,5.188338279724121,,,2.871676206588745
seg_refiner__detstats,ddti_37e3d077d2,ddti,thyroid,,1,1,,,,,,,,0.0,0.0,
refiner,ddti_37e3d077d2,ddti,thyroid,0.6899229288101196,1,1,0.8165140882698678,0.6899229472670358,22.80350850198276,10.63368132634327,0.047967714038627846,0.30916099500090344,11.382844924926758,,,16.219697952270508
refiner__detstats,ddti_37e3d077d2,ddti,thyroid,,1,1,,,,,,,,0.0,0.0,
rough_otsu,ddti_37e3d077d2,ddti,thyroid,0.5248028635978699,1,1,0.6883550091825644,0.5248028346096697,39.0,13.850259144300468,0.12040435258515228,0.3930012648316569,16.24319076538086,,,16.24319076538086
rough_otsu__detstats,ddti_37e3d077d2,ddti,thyroid,,1,1,,,,,,,,0.0,0.0,
refiner_box,ddti_37e3d077d2,ddti,thyroid,0.7704029679298401,1,1,0.8703136694563517,0.7704029392278504,17.589405445582603,8.271896189905302,0.15989497866754185,0.2295970607721496,8.110594749450684,,,7.475147724151611
refiner_box__detstats,ddti_37e3d077d2,ddti,thyroid,,1,1,,,,,,,,0.0,0.0,
refiner_gtbox,ddti_37e3d077d2,ddti,thyroid,0.7231138944625854,1,1,0.8393106335473067,0.7231139164412383,16.41033977041811,9.294707153258384,0.05751068928252596,0.27356501837017405,10.220108032226562,,,15.312297821044922
refiner_gtbox__detstats,ddti_37e3d077d2,ddti,thyroid,,1,1,,,,,,,,0.0,0.0,
rough_otsu_gtbox,ddti_37e3d077d2,ddti,thyroid,0.5432091951370239,1,1,0.7039994058449998,0.5432091690544413,39.03068873517377,13.234646623306467,0.2948539638386648,0.3780642052641089,15.254554748535156,,,15.254554748535156
rough_otsu_gtbox__detstats,ddti_37e3d077d2,ddti,thyroid,,1,1,,,,,,,,0.0,0.0,
yolo26n_seg,ddti_4c301e1cf4,ddti,thyroid,0.0,1,1,0.0,0.0,,,0.0,,,,,
yolo26n_seg__detstats,ddti_4c301e1cf4,ddti,thyroid,,1,1,,,,,,,,1.0,1.0,
seg_refiner,ddti_4c301e1cf4,ddti,thyroid,0.0,1,1,0.0,0.0,,,0.0,,,,,
seg_refiner__detstats,ddti_4c301e1cf4,ddti,thyroid,,1,1,,,,,,,,1.0,1.0,
refiner,ddti_4c301e1cf4,ddti,thyroid,0.6625546216964722,1,1,0.7970319987633329,0.6625546132099718,13.0,5.153967661012509,0.26328942352492696,0.21051175656984786,5.045145034790039,,,6.8961944580078125
refiner__detstats,ddti_4c301e1cf4,ddti,thyroid,,1,1,,,,,,,,0.0,0.0,
rough_otsu,ddti_4c301e1cf4,ddti,thyroid,0.0,1,1,0.0,0.0,,,0.0,,,,,
rough_otsu__detstats,ddti_4c301e1cf4,ddti,thyroid,,1,1,,,,,,,,1.0,1.0,
refiner_box,ddti_4c301e1cf4,ddti,thyroid,0.6436327695846558,1,1,0.7831831831831831,0.6436327739387957,16.278820596099706,6.861823707631716,0.2591812161348585,0.3029045643153527,7.279932975769043,,,10.343671798706055
refiner_box__detstats,ddti_4c301e1cf4,ddti,thyroid,,1,1,,,,,,,,0.0,0.0,
refiner_gtbox,ddti_4c301e1cf4,ddti,thyroid,0.672450602054596,1,1,0.8041500399042298,0.6724506139882541,13.360350014344435,5.101599504358341,0.3960817717206132,0.2669432918395574,4.927220344543457,,,7.428473472595215
refiner_gtbox__detstats,ddti_4c301e1cf4,ddti,thyroid,,1,1,,,,,,,,0.0,0.0,
rough_otsu_gtbox,ddti_4c301e1cf4,ddti,thyroid,0.0,1,1,0.0,0.0,,,0.0,,,,,
rough_otsu_gtbox__detstats,ddti_4c301e1cf4,ddti,thyroid,,1,1,,,,,,,,1.0,1.0,
yolo26n_seg,ddti_1113200ee2,ddti,thyroid,0.0,1,1,0.0,0.0,,,0.0,,,,,
yolo26n_seg__detstats,ddti_1113200ee2,ddti,thyroid,,1,1,,,,,,,,1.0,1.0,
seg_refiner,ddti_1113200ee2,ddti,thyroid,0.5374670624732971,1,1,0.699159123774838,0.5374670619235836,37.11670727194739,14.849812606716132,0.030364372469635626,0.61205931729155,17.22478675842285,,,21.44493293762207
seg_refiner__detstats,ddti_1113200ee2,ddti,thyroid,,1,1,,,,,,,,0.0,0.0,
refiner,ddti_1113200ee2,ddti,thyroid,0.6044768691062927,1,1,0.7534877927254608,0.6044768661936645,26.1725046566048,10.58861882284577,0.14241634794819208,0.24622271964185785,13.205801963806152,,,23.217628479003906
refiner__detstats,ddti_1113200ee2,ddti,thyroid,,1,1,,,,,,,,0.0,0.0,
rough_otsu,ddti_1113200ee2,ddti,thyroid,0.0,1,1,0.0,0.0,,,0.0,,,,,
rough_otsu__detstats,ddti_1113200ee2,ddti,thyroid,,1,1,,,,,,,,1.0,1.0,
refiner_box,ddti_1113200ee2,ddti,thyroid,0.5776375532150269,1,1,0.7322817151744057,0.5776375744830003,30.217511415394014,13.22507966099202,0.13794224413501655,0.5187465025181869,15.026941299438477,,,25.887958526611328
refiner_box__detstats,ddti_1113200ee2,ddti,thyroid,,1,1,,,,,,,,0.0,0.0,
refiner_gtbox,ddti_1113200ee2,ddti,thyroid,0.7480663061141968,1,1,0.8558786346396966,0.7480662983425415,13.95345238016967,5.410815072881036,0.332414582141557,0.22943480693900392,5.762669086456299,,,12.335369110107422
refiner_gtbox__detstats,ddti_1113200ee2,ddti,thyroid,,1,1,,,,,,,,0.0,0.0,
rough_otsu_gtbox,ddti_1113200ee2,ddti,thyroid,0.5058380961418152,1,1,0.6718359610579823,0.5058380902957966,29.732137494637012,9.910055534627988,0.30619544214983624,0.37618914381645213,12.394068717956543,,,12.394068717956543
rough_otsu_gtbox__detstats,ddti_1113200ee2,ddti,thyroid,,1,1,,,,,,,,0.0,0.0,
yolo26n_seg,ddti_9c9f67679d,ddti,thyroid,0.5743556022644043,1,1,0.7296389588581025,0.5743555849306015,17.403777388090703,6.785349423190459,0.34451901565995524,0.6719012899607403,7.433559894561768,,,
yolo26n_seg__detstats,ddti_9c9f67679d,ddti,thyroid,,1,1,,,,,,,,0.0,0.0,
seg_refiner,ddti_9c9f67679d,ddti,thyroid,0.6127366423606873,1,1,0.759871931696905,0.612736660929432,16.55294535724685,5.991595910641798,0.3324241391067167,0.6275939427930455,7.272625923156738,,,9.464727401733398
seg_refiner__detstats,ddti_9c9f67679d,ddti,thyroid,,1,1,,,,,,,,0.0,0.0,
refiner,ddti_9c9f67679d,ddti,thyroid,0.7258145213127136,1,1,0.8411269241940168,0.7258145363408521,8.0,3.382783234008432,0.3918344596948374,0.06898485698261357,3.5814900398254395,,,6.766991138458252
refiner__detstats,ddti_9c9f67679d,ddti,thyroid,,1,1,,,,,,,,0.0,0.0,
rough_otsu,ddti_9c9f67679d,ddti,thyroid,0.6159802675247192,1,1,0.7623611413635374,0.6159802886307638,13.0,5.981504771095825,0.30777582894846744,0.5748738081884465,6.769861221313477,,,6.769861221313477
rough_otsu__detstats,ddti_9c9f67679d,ddti,thyroid,,1,1,,,,,,,,0.0,0.0,
refiner_box,ddti_9c9f67679d,ddti,thyroid,0.7270446419715881,1,1,0.841952353282975,0.7270446562970396,8.05914486088362,3.3719782113019514,0.3979057591623037,0.06954570947840717,3.490847587585449,,,6.779078006744385
refiner_box__detstats,ddti_9c9f67679d,ddti,thyroid,,1,1,,,,,,,,0.0,0.0,
refiner_gtbox,ddti_9c9f67679d,ddti,thyroid,0.5111960768699646,1,1,0.6765449945789664,0.511196067722556,16.76305461424021,5.808460042188836,0.46648909365776403,0.44812114413909143,5.128929138183594,,,4.844157695770264
refiner_gtbox__detstats,ddti_9c9f67679d,ddti,thyroid,,1,1,,,,,,,,0.0,0.0,
rough_otsu_gtbox,ddti_9c9f67679d,ddti,thyroid,0.0,1,1,0.0,0.0,,,0.0,,,,,
rough_otsu_gtbox__detstats,ddti_9c9f67679d,ddti,thyroid,,1,1,,,,,,,,1.0,1.0,
yolo26n_seg,ddti_6ec5864d97,ddti,thyroid,0.8218298554420471,1,2,0.9022026431718062,0.8218298555377207,5.0,2.020811940938796,0.579179810725552,0.17155612244897958,2.2253289222717285,,,
yolo26n_seg__detstats,ddti_6ec5864d97,ddti,thyroid,,1,2,,,,,,,,0.0,1.0,
seg_refiner,ddti_6ec5864d97,ddti,thyroid,0.8087431788444519,1,2,0.8942598187311178,0.8087431693989071,4.242640687119285,1.972729069034098,0.5954198473282443,0.10012755102040816,2.054786443710327,,,2.1847150325775146
seg_refiner__detstats,ddti_6ec5864d97,ddti,thyroid,,1,2,,,,,,,,0.0,1.0,
refiner,ddti_6ec5864d97,ddti,thyroid,0.8340200185775757,1,1,0.9094993581514762,0.8340200117716303,4.123105625617661,1.7048792090164735,0.6969375110639051,0.012755102040816327,1.9945647716522217,,,7.9626264572143555
refiner__detstats,ddti_6ec5864d97,ddti,thyroid,,1,1,,,,,,,,0.0,0.0,
rough_otsu,ddti_6ec5864d97,ddti,thyroid,0.5548845529556274,1,1,0.7137308658898789,0.5548845470692717,14.380194680137196,7.1581137760743765,0.109404990403071,0.7914540816326531,7.971785545349121,,,7.971785545349121
rough_otsu__detstats,ddti_6ec5864d97,ddti,thyroid,,1,1,,,,,,,,0.0,0.0,
refiner_box,ddti_6ec5864d97,ddti,thyroid,0.856645405292511,1,1,0.9227883713660519,0.8566453859547302,3.605551275463989,1.438299128262662,0.7828073089700996,0.04017857142857143,1.6768128871917725,,,7.876356601715088
refiner_box__detstats,ddti_6ec5864d97,ddti,thyroid,,1,1,,,,,,,,0.0,0.0,
refiner_gtbox,ddti_6ec5864d97,ddti,thyroid,0.6980891823768616,1,1,0.822205551387847,0.6980891719745222,6.0,3.1738195435238223,0.3534579439252337,0.2997448979591837,3.2255516052246094,,,3.033999443054199
refiner_gtbox__detstats,ddti_6ec5864d97,ddti,thyroid,,1,1,,,,,,,,0.0,0.0,
rough_otsu_gtbox,ddti_6ec5864d97,ddti,thyroid,0.738295316696167,1,1,0.8494475138121547,0.7382953181272509,7.895637321748658,2.6233198810827147,0.5343915343915344,0.15306122448979592,3.0197811126708984,,,3.0197811126708984
rough_otsu_gtbox__detstats,ddti_6ec5864d97,ddti,thyroid,,1,1,,,,,,,,0.0,0.0,
yolo26n_seg,ddti_06d0f20618,ddti,thyroid,0.8090766668319702,1,1,0.8944636678200693,0.809076682316119,7.0710678118654755,3.0357923916206953,0.3793661808928985,0.10948905109489052,3.217756748199463,,,
yolo26n_seg__detstats,ddti_06d0f20618,ddti,thyroid,,1,1,,,,,,,,0.0,0.0,
seg_refiner,ddti_06d0f20618,ddti,thyroid,0.7907394766807556,1,1,0.8831429647295093,0.7907394920206788,7.0,3.2012045490777927,0.33764243012620715,0.07690302398331596,3.5695419311523438,,,3.4524598121643066
seg_refiner__detstats,ddti_06d0f20618,ddti,thyroid,,1,1,,,,,,,,0.0,0.0,
refiner,ddti_06d0f20618,ddti,thyroid,0.0,1,1,0.0,0.0,,,0.0,,,,,
refiner__detstats,ddti_06d0f20618,ddti,thyroid,,1,1,,,,,,,,1.0,1.0,
rough_otsu,ddti_06d0f20618,ddti,thyroid,0.0,1,1,0.0,0.0,,,0.0,,,,,
rough_otsu__detstats,ddti_06d0f20618,ddti,thyroid,,1,1,,,,,,,,1.0,1.0,
refiner_box,ddti_06d0f20618,ddti,thyroid,0.8224694132804871,1,1,0.902587890625,0.8224694104560623,5.830951894845301,2.7880588709376797,0.43211291255857226,0.13555787278415016,3.362008810043335,,,7.468263626098633
refiner_box__detstats,ddti_06d0f20618,ddti,thyroid,,1,1,,,,,,,,0.0,0.0,
refiner_gtbox,ddti_06d0f20618,ddti,thyroid,0.0,1,1,0.0,0.0,,,0.0,,,,,
refiner_gtbox__detstats,ddti_06d0f20618,ddti,thyroid,,1,1,,,,,,,,1.0,1.0,
rough_otsu_gtbox,ddti_06d0f20618,ddti,thyroid,0.0,1,1,0.0,0.0,,,0.0,,,,,
rough_otsu_gtbox__detstats,ddti_06d0f20618,ddti,thyroid,,1,1,,,,,,,,1.0,1.0,
yolo26n_seg,ddti_1ab2f73c47,ddti,thyroid,0.6690322160720825,1,1,0.8017007795239485,0.6690322131774855,18.681541692269406,11.165257775406477,0.08748203871185868,0.43592607636068237,12.82186508178711,,,
yolo26n_seg__detstats,ddti_1ab2f73c47,ddti,thyroid,,1,1,,,,,,,,0.0,0.0,
seg_refiner,ddti_1ab2f73c47,ddti,thyroid,0.6141555309295654,1,1,0.76096203538064,0.6141555441478439,25.076880772616068,13.581572733162105,0.12564890060609357,0.5543257514216084,14.534921646118164,,,11.814292907714844
seg_refiner__detstats,ddti_1ab2f73c47,ddti,thyroid,,1,1,,,,,,,,0.0,0.0,
refiner,ddti_1ab2f73c47,ddti,thyroid,0.0,1,1,0.0,0.0,,,0.0,,,,,
refiner__detstats,ddti_1ab2f73c47,ddti,thyroid,,1,1,,,,,,,,1.0,1.0,
rough_otsu,ddti_1ab2f73c47,ddti,thyroid,0.0,1,1,0.0,0.0,,,0.0,,,,,
rough_otsu__detstats,ddti_1ab2f73c47,ddti,thyroid,,1,1,,,,,,,,1.0,1.0,
refiner_box,ddti_1ab2f73c47,ddti,thyroid,0.6479681134223938,1,1,0.786384303444886,0.6479681382476036,24.698178070456937,12.062916728642513,0.1355121249754886,0.4789805036555646,12.344144821166992,,,23.920013427734375
refiner_box__detstats,ddti_1ab2f73c47,ddti,thyroid,,1,1,,,,,,,,0.0,0.0,
refiner_gtbox,ddti_1ab2f73c47,ddti,thyroid,0.0,1,1,0.0,0.0,,,0.0,,,,,
refiner_gtbox__detstats,ddti_1ab2f73c47,ddti,thyroid,,1,1,,,,,,,,1.0,1.0,
rough_otsu_gtbox,ddti_1ab2f73c47,ddti,thyroid,0.0,1,1,0.0,0.0,,,0.0,,,,,
rough_otsu_gtbox__detstats,ddti_1ab2f73c47,ddti,thyroid,,1,1,,,,,,,,1.0,1.0,
yolo26n_seg,ddti_0021c0606c,ddti,thyroid,0.837285578250885,1,1,0.9114375943979129,0.8372855701311807,6.082762530298219,2.6543161670311166,0.47996446763918005,0.08026278206226792,2.7252864837646484,,,
yolo26n_seg__detstats,ddti_0021c0606c,ddti,thyroid,,1,1,,,,,,,,0.0,0.0,
seg_refiner,ddti_0021c0606c,ddti,thyroid,0.8032107949256897,1,1,0.890867317633544,0.8032107716209218,8.06225774829855,3.1516726537129465,0.4510675528837334,0.010854041702370752,3.446666717529297,,,2.9589202404022217
seg_refiner__detstats,ddti_0021c0606c,ddti,thyroid,,1,1,,,,,,,,0.0,0.0,
refiner,ddti_0021c0606c,ddti,thyroid,0.6230961084365845,1,1,0.7677870670534038,0.6230960952644696,12.649110640673518,5.899514144221192,0.15619101883836045,0.3259068837475007,6.489760398864746,,,7.842602252960205
refiner__detstats,ddti_0021c0606c,ddti,thyroid,,1,1,,,,,,,,0.0,0.0,
rough_otsu,ddti_0021c0606c,ddti,thyroid,0.0,1,1,0.0,0.0,,,0.0,,,,,
rough_otsu__detstats,ddti_0021c0606c,ddti,thyroid,,1,1,,,,,,,,1.0,1.0,
refiner_box,ddti_0021c0606c,ddti,thyroid,0.8167298436164856,1,1,0.8991208463716287,0.8167298321602598,5.385164807134504,2.855389692160313,0.38756855575868376,0.0831191088260497,3.1941616535186768,,,7.8486480712890625
refiner_box__detstats,ddti_0021c0606c,ddti,thyroid,,1,1,,,,,,,,0.0,0.0,
refiner_gtbox,ddti_0021c0606c,ddti,thyroid,0.8554471135139465,1,1,0.9220926926357691,0.855447111580058,5.830951894845301,2.2494148033376806,0.5472087078420055,0.009140245644101685,2.511915683746338,,,5.687036037445068
refiner_gtbox__detstats,ddti_0021c0606c,ddti,thyroid,,1,1,,,,,,,,0.0,0.0,
rough_otsu_gtbox,ddti_0021c0606c,ddti,thyroid,0.7480769157409668,1,1,0.8558855885588559,0.7480769230769231,12.806248474865697,4.982471206168473,0.3633213431514718,0.33676092544987146,5.661527633666992,,,5.661527633666992
rough_otsu_gtbox__detstats,ddti_0021c0606c,ddti,thyroid,,1,1,,,,,,,,0.0,0.0,
yolo26n_seg,ddti_7e1535d854,ddti,thyroid,0.8047232627868652,1,1,0.8917968430522614,0.8047232472324723,9.369650129627473,4.251978869933287,0.22967831200276723,0.08367416496250853,4.334693908691406,,,
yolo26n_seg__detstats,ddti_7e1535d854,ddti,thyroid,,1,1,,,,,,,,0.0,0.0,
seg_refiner,ddti_7e1535d854,ddti,thyroid,0.759785532951355,1,1,0.8634978671541743,0.7597855227882038,11.313708498984761,5.6836203021937095,0.1561221277935159,0.23721881390593047,5.966485023498535,,,4.3724565505981445
seg_refiner__detstats,ddti_7e1535d854,ddti,thyroid,,1,1,,,,,,,,0.0,0.0,
refiner,ddti_7e1535d854,ddti,thyroid,0.0,1,1,0.0,0.0,,,0.0,,,,,
refiner__detstats,ddti_7e1535d854,ddti,thyroid,,1,1,,,,,,,,1.0,1.0,
rough_otsu,ddti_7e1535d854,ddti,thyroid,0.0,1,1,0.0,0.0,,,0.0,,,,,
rough_otsu__detstats,ddti_7e1535d854,ddti,thyroid,,1,1,,,,,,,,1.0,1.0,
refiner_box,ddti_7e1535d854,ddti,thyroid,0.7589274048805237,1,1,0.8629433962264151,0.7589273861675295,17.0,5.747160225361638,0.24639783386519679,0.2580095432856169,6.348654747009277,,,10.925056457519531
refiner_box__detstats,ddti_7e1535d854,ddti,thyroid,,1,1,,,,,,,,0.0,0.0,
refiner_gtbox,ddti_7e1535d854,ddti,thyroid,0.7380403876304626,1,1,0.8492787524366472,0.7380403848759994,14.212670403551895,6.247935802705446,0.12886799843321586,0.18558282208588958,6.802417755126953,,,7.141387939453125
refiner_gtbox__detstats,ddti_7e1535d854,ddti,thyroid,,1,1,,,,,,,,0.0,0.0,
rough_otsu_gtbox,ddti_7e1535d854,ddti,thyroid,0.7484694123268127,1,1,0.856142398599358,0.7484693877551021,19.0,6.3280625227198355,0.31854181949296895,0.33605998636673484,7.154958724975586,,,7.154958724975586
rough_otsu_gtbox__detstats,ddti_7e1535d854,ddti,thyroid,,1,1,,,,,,,,0.0,0.0,
yolo26n_seg,ddti_7d9bfb7978,ddti,thyroid,0.8203356266021729,1,1,0.9013015184381779,0.8203356367226061,2.871320343559643,1.43671924848557,0.7826466246141458,0.08597285067873303,1.5070171356201172,,,
yolo26n_seg__detstats,ddti_7d9bfb7978,ddti,thyroid,,1,1,,,,,,,,0.0,0.0,
seg_refiner,ddti_7d9bfb7978,ddti,thyroid,0.7916666865348816,1,1,0.8837209302325582,0.7916666666666666,4.0,1.74353229984216,0.6356164383561643,0.23755656108597284,1.9629919528961182,,,1.6496543884277344
seg_refiner__detstats,ddti_7d9bfb7978,ddti,thyroid,,1,1,,,,,,,,0.0,0.0,
refiner,ddti_7d9bfb7978,ddti,thyroid,0.7856502532958984,1,1,0.8799598191863385,0.7856502242152467,5.0,1.8705113394094564,0.6353936289915804,0.252262443438914,2.073089122772217,,,4.7273430824279785
refiner__detstats,ddti_7d9bfb7978,ddti,thyroid,,1,1,,,,,,,,0.0,0.0,
rough_otsu,ddti_7d9bfb7978,ddti,thyroid,0.6138888597488403,1,1,0.7607573149741824,0.6138888888888889,9.478905203237856,4.307738725191925,0.2848101265822785,0.6289592760180995,4.73266077041626,,,4.73266077041626
rough_otsu__detstats,ddti_7d9bfb7978,ddti,thyroid,,1,1,,,,,,,,0.0,0.0,
refiner_box,ddti_7d9bfb7978,ddti,thyroid,0.7899008393287659,1,1,0.8826196473551637,0.7899008115419297,5.0,1.8262159880977986,0.6410653453081449,0.24547511312217193,2.003422975540161,,,4.525501728057861
refiner_box__detstats,ddti_7d9bfb7978,ddti,thyroid,,1,1,,,,,,,,0.0,0.0,
refiner_gtbox,ddti_7d9bfb7978,ddti,thyroid,0.8355640769004822,1,1,0.9104166666666667,0.8355640535372849,4.0,1.3478991969462446,0.7463094587206124,0.17194570135746606,1.4257023334503174,,,3.0890069007873535
refiner_gtbox__detstats,ddti_7d9bfb7978,ddti,thyroid,,1,1,,,,,,,,0.0,0.0,
rough_otsu_gtbox,ddti_7d9bfb7978,ddti,thyroid,0.7222222089767456,1,1,0.8387096774193549,0.7222222222222222,8.0,2.7840352143863374,0.5451960784313726,0.38461538461538464,3.0856854915618896,,,3.0856854915618896
rough_otsu_gtbox__detstats,ddti_7d9bfb7978,ddti,thyroid,,1,1,,,,,,,,0.0,0.0,
yolo26n_seg,tn3k_ba14c8a36b,tn3k,thyroid,0.9392929673194885,1,1,0.9686962983605034,0.9392929520378294,6.082762530298219,2.285424454737398,0.5802040645646902,0.03237681706626392,2.5519216060638428,,,
yolo26n_seg__detstats,tn3k_ba14c8a36b,tn3k,thyroid,,1,1,,,,,,,,0.0,0.0,
seg_refiner,tn3k_ba14c8a36b,tn3k,thyroid,0.9311850666999817,1,1,0.9643664754469068,0.9311850694125219,7.211102550927978,2.65202497886163,0.537773727762494,0.01722673211251652,2.9654860496520996,,,2.57961368560791
seg_refiner__detstats,tn3k_ba14c8a36b,tn3k,thyroid,,1,1,,,,,,,,0.0,0.0,
refiner,tn3k_ba14c8a36b,tn3k,thyroid,0.847125232219696,1,1,0.9172363709212932,0.8471252139321893,18.027756377319946,5.943478062110556,0.202602884277172,0.11530111383802152,6.36607551574707,,,15.401153564453125
refiner__detstats,tn3k_ba14c8a36b,tn3k,thyroid,,1,1,,,,,,,,0.0,0.0,
rough_otsu,tn3k_ba14c8a36b,tn3k,thyroid,0.6680179238319397,1,1,0.8009721288587828,0.6680179403139554,44.0,11.434680623348202,0.2172021720217202,0.17453275438927696,15.439022064208984,,,15.439022064208984
rough_otsu__detstats,tn3k_ba14c8a36b,tn3k,thyroid,,1,1,,,,,,,,0.0,0.0,
refiner_box,tn3k_ba14c8a36b,tn3k,thyroid,0.8997276425361633,1,1,0.9472175097369239,0.8997276441216523,8.06225774829855,3.8827545713064118,0.364559949715869,0.02477817632622239,4.321225166320801,,,12.228046417236328
refiner_box__detstats,tn3k_ba14c8a36b,tn3k,thyroid,,1,1,,,,,,,,0.0,0.0,
refiner_gtbox,tn3k_ba14c8a36b,tn3k,thyroid,0.832168459892273,1,1,0.9083973297194198,0.832168475262093,22.59422267166324,6.572496292694568,0.30654833293355727,0.11940721162922409,7.8719305992126465,,,16.983938217163086
refiner_gtbox__detstats,tn3k_ba14c8a36b,tn3k,thyroid,,1,1,,,,,,,,0.0,0.0,
rough_otsu_gtbox,tn3k_ba14c8a36b,tn3k,thyroid,0.632194459438324,1,1,0.774655824812817,0.6321944809461235,47.0,13.73876149194353,0.22558808182190673,0.24131583915423824,16.929948806762695,,,16.929948806762695
rough_otsu_gtbox__detstats,tn3k_ba14c8a36b,tn3k,thyroid,,1,1,,,,,,,,0.0,0.0,
yolo26n_seg,tn3k_e432497cb7,tn3k,thyroid,0.0,1,1,0.0,0.0,,,0.0,,,,,
yolo26n_seg__detstats,tn3k_e432497cb7,tn3k,thyroid,,1,1,,,,,,,,1.0,1.0,
seg_refiner,tn3k_e432497cb7,tn3k,thyroid,0.0,1,1,0.0,0.0,,,0.0,,,,,
seg_refiner__detstats,tn3k_e432497cb7,tn3k,thyroid,,1,1,,,,,,,,1.0,1.0,
refiner,tn3k_e432497cb7,tn3k,thyroid,0.0,1,0,0.0,0.0,,,0.0,,,,,
refiner__detstats,tn3k_e432497cb7,tn3k,thyroid,,1,0,,,,,,,,1.0,0.0,
rough_otsu,tn3k_e432497cb7,tn3k,thyroid,0.0,1,0,0.0,0.0,,,0.0,,,,,
rough_otsu__detstats,tn3k_e432497cb7,tn3k,thyroid,,1,0,,,,,,,,1.0,0.0,
refiner_gtbox,tn3k_e432497cb7,tn3k,thyroid,0.7255717515945435,1,1,0.8409638554216867,0.7255717255717256,3.605551275463989,1.5443462154570997,0.6922453390975412,0.25630252100840334,1.7012137174606323,,,1.242790699005127
refiner_gtbox__detstats,tn3k_e432497cb7,tn3k,thyroid,,1,1,,,,,,,,0.0,0.0,
rough_otsu_gtbox,tn3k_e432497cb7,tn3k,thyroid,0.8278260827064514,1,1,0.9058039961941009,0.8278260869565217,3.1622776601683795,1.1541485843612782,0.8115942028985507,0.20798319327731093,1.246593713760376,,,1.246593713760376
rough_otsu_gtbox__detstats,tn3k_e432497cb7,tn3k,thyroid,,1,1,,,,,,,,0.0,0.0,
yolo26n_seg,tn3k_e12b0ef506,tn3k,thyroid,0.8884922862052917,1,1,0.9409541126369683,0.8884922965707315,9.899494936611665,4.4675232085409995,0.38964467749624143,0.11474829243612446,4.694784164428711,,,
yolo26n_seg__detstats,tn3k_e12b0ef506,tn3k,thyroid,,1,1,,,,,,,,0.0,0.0,
seg_refiner,tn3k_e12b0ef506,tn3k,thyroid,0.9110212326049805,1,1,0.9534391534391534,0.9110212335692619,7.810249675906654,3.3196255475432723,0.43693234869705455,0.008095117632178092,3.805738925933838,,,4.700362205505371
seg_refiner__detstats,tn3k_e12b0ef506,tn3k,thyroid,,1,1,,,,,,,,0.0,0.0,
refiner,tn3k_e12b0ef506,tn3k,thyroid,0.8078776001930237,1,1,0.893730407523511,0.8078775857183338,27.946325680981353,6.298788358614565,0.3556059880406118,0.06324310650139135,7.645511150360107,,,21.657577514648438
refiner__detstats,tn3k_e12b0ef506,tn3k,thyroid,,1,1,,,,,,,,0.0,0.0,
rough_otsu,tn3k_e12b0ef506,tn3k,thyroid,0.6339350938796997,1,1,0.7759611573523583,0.6339350764996358,49.06372751306673,15.933962652763762,0.060485248889395146,0.04239817859853276,21.762020111083984,,,21.762020111083984
rough_otsu__detstats,tn3k_e12b0ef506,tn3k,thyroid,,1,1,,,,,,,,0.0,0.0,
refiner_box,tn3k_e12b0ef506,tn3k,thyroid,0.914094865322113,1,1,0.9551196971931377,0.9140948438088069,9.219544457292887,3.246322404905734,0.46198804340827254,0.05848722489248672,3.8064701557159424,,,14.721099853515625
refiner_box__detstats,tn3k_e12b0ef506,tn3k,thyroid,,1,1,,,,,,,,0.0,0.0,
refiner_gtbox,tn3k_e12b0ef506,tn3k,thyroid,0.7386711239814758,1,1,0.8496962125944012,0.7386711422647843,34.002940540677976,8.730426099012922,0.35006661869661465,0.21796104224639515,10.973909378051758,,,20.16340446472168
refiner_gtbox__detstats,tn3k_e12b0ef506,tn3k,thyroid,,1,1,,,,,,,,0.0,0.0,
rough_otsu_gtbox,tn3k_e12b0ef506,tn3k,thyroid,0.0,1,1,0.0,0.0,,,0.0,,,,,
rough_otsu_gtbox__detstats,tn3k_e12b0ef506,tn3k,thyroid,,1,1,,,,,,,,1.0,1.0,
yolo26n_seg,tn3k_a984c41da4,tn3k,thyroid,0.5721668601036072,2,1,0.7278703921108242,0.5721668512366187,27.171673254871042,8.976251291963699,0.34767025089605735,0.5633463737586518,9.149313926696777,,,
yolo26n_seg__detstats,tn3k_a984c41da4,tn3k,thyroid,,2,1,,,,,,,,1.0,0.0,
seg_refiner,tn3k_a984c41da4,tn3k,thyroid,0.5319767594337463,2,1,0.6944971537001897,0.5319767441860465,26.92582403567252,9.957882352041821,0.16363636363636366,0.37887451098405056,11.468701362609863,,,11.108769416809082
seg_refiner__detstats,tn3k_a984c41da4,tn3k,thyroid,,2,1,,,,,,,,1.0,0.0,
refiner,tn3k_a984c41da4,tn3k,thyroid,0.0,2,1,0.0,0.0,,,0.0,,,,,
refiner__detstats,tn3k_a984c41da4,tn3k,thyroid,,2,1,,,,,,,,2.0,1.0,
rough_otsu,tn3k_a984c41da4,tn3k,thyroid,0.0,2,1,0.0,0.0,,,0.0,,,,,
rough_otsu__detstats,tn3k_a984c41da4,tn3k,thyroid,,2,1,,,,,,,,2.0,1.0,
refiner_box,tn3k_a984c41da4,tn3k,thyroid,0.0,2,1,0.0,0.0,,,0.0,,,,,
refiner_box__detstats,tn3k_a984c41da4,tn3k,thyroid,,2,1,,,,,,,,2.0,1.0,
refiner_gtbox,tn3k_a984c41da4,tn3k,thyroid,0.6973605155944824,2,2,0.8216999469871002,0.6973605278944212,10.207798138565709,4.820052318540083,0.33587786259541985,0.2970207643695456,4.981593608856201,,,6.375683784484863
refiner_gtbox,tn3k_a984c41da4,tn3k,thyroid,0.6822429895401001,2,2,0.8111111111111111,0.6822429906542056,7.046194077712557,3.0001911358241578,0.45116995936668064,0.31513260530421217,3.11851167678833,,,5.489124298095703
refiner_gtbox__detstats,tn3k_a984c41da4,tn3k,thyroid,,2,2,,,,,,,,0.0,0.0,
rough_otsu_gtbox,tn3k_a984c41da4,tn3k,thyroid,0.6171396970748901,2,2,0.7632484514796972,0.6171396772398442,17.0,6.679972251261441,0.32645494115750445,0.25097803189888657,6.372627258300781,,,6.372627258300781
rough_otsu_gtbox__detstats,tn3k_a984c41da4,tn3k,thyroid,,2,2,,,,,,,,1.0,1.0,
yolo26n_seg,tn3k_be4c155142,tn3k,thyroid,0.7418056130409241,1,1,0.8517662594915814,0.7418056354226567,13.028803607803974,4.283130454291529,0.4444444444444444,0.18241824182418243,3.467682361602783,,,
yolo26n_seg__detstats,tn3k_be4c155142,tn3k,thyroid,,1,1,,,,,,,,0.0,0.0,
seg_refiner,tn3k_be4c155142,tn3k,thyroid,0.7658637166023254,1,1,0.8674097487938779,0.7658636897767332,12.068537985413775,3.8096482663172315,0.4424171155451027,0.19651965196519652,3.335623264312744,,,4.094081878662109
seg_refiner__detstats,tn3k_be4c155142,tn3k,thyroid,,1,1,,,,,,,,0.0,0.0,
refiner,tn3k_be4c155142,tn3k,thyroid,0.8001781702041626,1,1,0.8889988454560449,0.8001781472684085,11.031752712031082,3.185111443820831,0.6508290155440415,0.18091809180918092,2.792377471923828,,,2.7494723796844482
refiner__detstats,tn3k_be4c155142,tn3k,thyroid,,1,1,,,,,,,,0.0,0.0,
rough_otsu,tn3k_be4c155142,tn3k,thyroid,0.8256248235702515,1,1,0.9044846577498034,0.8256248204538925,8.0,2.554934035242157,0.5638246498900037,0.0933093309330933,2.7541465759277344,,,2.7541465759277344
rough_otsu__detstats,tn3k_be4c155142,tn3k,thyroid,,1,1,,,,,,,,0.0,0.0,
refiner_box,tn3k_be4c155142,tn3k,thyroid,0.796640157699585,1,1,0.8868110236220472,0.7966401414677277,9.219544457292887,3.2116142303805395,0.496356115816427,0.171017101710171,3.1697700023651123,,,4.897100448608398
refiner_box__detstats,tn3k_be4c155142,tn3k,thyroid,,1,1,,,,,,,,0.0,0.0,
refiner_gtbox,tn3k_be4c155142,tn3k,thyroid,0.9152691960334778,1,1,0.9557603686635945,0.9152691968225949,4.123105625617661,1.2364765113130392,0.7897582392300465,0.046804680468046804,1.363006830215454,,,2.2995998859405518
refiner_gtbox__detstats,tn3k_be4c155142,tn3k,thyroid,,1,1,,,,,,,,0.0,0.0,
rough_otsu_gtbox,tn3k_be4c155142,tn3k,thyroid,0.8701226115226746,1,1,0.9305514157973175,0.8701226309921962,6.324555320336759,1.9676907637527044,0.6704776837726891,0.013201320132013201,2.3126797676086426,,,2.3126797676086426
rough_otsu_gtbox__detstats,tn3k_be4c155142,tn3k,thyroid,,1,1,,,,,,,,0.0,0.0,
yolo26n_seg,tn3k_8b669ded91,tn3k,thyroid,0.7794015407562256,1,2,0.8760265936644506,0.7794015309672929,4.164942897143225,2.178975622351742,0.5577834487787096,0.2830357142857143,2.634032726287842,,,
yolo26n_seg__detstats,tn3k_8b669ded91,tn3k,thyroid,,1,2,,,,,,,,0.0,1.0,
seg_refiner,tn3k_8b669ded91,tn3k,thyroid,0.834080696105957,1,2,0.9095354523227384,0.8340807174887892,4.0,1.489035709432928,0.7681474029755917,0.19107142857142856,1.832094430923462,,,2.3599629402160645
seg_refiner__detstats,tn3k_8b669ded91,tn3k,thyroid,,1,2,,,,,,,,0.0,1.0,
refiner,tn3k_8b669ded91,tn3k,thyroid,0.8059163093566895,1,1,0.89252896524171,0.8059163059163059,5.0,1.787903806168798,0.7096705519186757,0.23482142857142857,2.1431703567504883,,,3.235257148742676
refiner__detstats,tn3k_8b669ded91,tn3k,thyroid,,1,1,,,,,,,,0.0,0.0,
rough_otsu,tn3k_8b669ded91,tn3k,thyroid,0.7071220874786377,1,1,0.8284376330353341,0.7071220930232558,6.082762530298219,2.735344747706664,0.49286215773461267,0.09732142857142857,3.2140567302703857,,,3.2140567302703857
rough_otsu__detstats,tn3k_8b669ded91,tn3k,thyroid,,1,1,,,,,,,,0.0,0.0,
refiner_box,tn3k_8b669ded91,tn3k,thyroid,0.8199121356010437,1,1,0.9010458567980691,0.8199121522693997,4.920820393249919,1.6466693310824514,0.7749458767959064,0.21964285714285714,1.8566172122955322,,,7.421765327453613
refiner_box__detstats,tn3k_8b669ded91,tn3k,thyroid,,1,1,,,,,,,,0.0,0.0,
refiner_gtbox,tn3k_8b669ded91,tn3k,thyroid,0.8623853325843811,1,1,0.9261083743842364,0.8623853211009175,2.23606797749979,1.1346746835820773,0.9123329763955491,0.00625,1.3328734636306763,,,2.3991546630859375
refiner_gtbox__detstats,tn3k_8b669ded91,tn3k,thyroid,,1,1,,,,,,,,0.0,0.0,
rough_otsu_gtbox,tn3k_8b669ded91,tn3k,thyroid,0.7778688669204712,1,1,0.8750576302443522,0.7778688524590164,7.017766952966369,2.1704317814912018,0.6257628596338274,0.06339285714285714,2.4012606143951416,,,2.4012606143951416
rough_otsu_gtbox__detstats,tn3k_8b669ded91,tn3k,thyroid,,1,1,,,,,,,,0.0,0.0,
yolo26n_seg,tn3k_33814ec0d8,tn3k,thyroid,0.5683174729347229,1,1,0.7247479778459577,0.5683174503983752,101.7582047474635,23.08782818093482,0.3561253561253561,0.4176413101730715,13.71969223022461,,,
yolo26n_seg__detstats,tn3k_33814ec0d8,tn3k,thyroid,,1,1,,,,,,,,0.0,0.0,
seg_refiner,tn3k_33814ec0d8,tn3k,thyroid,0.5195215940475464,1,1,0.6837962581389598,0.5195215880271769,104.36018632810564,26.559084800142415,0.21069994403589556,0.47003562308880553,16.683670043945312,,,12.556723594665527
seg_refiner__detstats,tn3k_33814ec0d8,tn3k,thyroid,,1,1,,,,,,,,0.0,0.0,
refiner,tn3k_33814ec0d8,tn3k,thyroid,0.5487213134765625,1,1,0.7086120823817127,0.5487213196857295,99.43313956017819,24.38196276761019,0.19971671388101983,0.44024463289303617,15.017023086547852,,,15.196542739868164
refiner__detstats,tn3k_33814ec0d8,tn3k,thyroid,,1,1,,,,,,,,0.0,0.0,
rough_otsu,tn3k_33814ec0d8,tn3k,thyroid,0.5193607807159424,1,1,0.6836569413404958,0.5193607675773341,97.0185548935125,25.402414256674064,0.17680074836295603,0.4624381324674506,15.22800064086914,,,15.22800064086914
rough_otsu__detstats,tn3k_33814ec0d8,tn3k,thyroid,,1,1,,,,,,,,0.0,0.0,
refiner_box,tn3k_33814ec0d8,tn3k,thyroid,0.5565184950828552,1,1,0.7150811038974091,0.5565184744861246,102.00367638224976,23.932900677262264,0.20056899004267423,0.43160682197913053,13.478553771972656,,,9.930571556091309
refiner_box__detstats,tn3k_33814ec0d8,tn3k,thyroid,,1,1,,,,,,,,0.0,0.0,
refiner_gtbox,tn3k_33814ec0d8,tn3k,thyroid,0.6740977764129639,1,1,0.8053266406952353,0.6740977643997116,57.0,16.599722035001406,0.1963350785340314,0.31682481636770593,13.458030700683594,,,15.466564178466797
refiner_gtbox__detstats,tn3k_33814ec0d8,tn3k,thyroid,,1,1,,,,,,,,0.0,0.0,
rough_otsu_gtbox,tn3k_33814ec0d8,tn3k,thyroid,0.5291864275932312,1,1,0.6921149897330595,0.5291864225829749,95.24806988346712,25.37123687591542,0.18169304886441848,0.4647394470540021,15.51051139831543,,,15.51051139831543
rough_otsu_gtbox__detstats,tn3k_33814ec0d8,tn3k,thyroid,,1,1,,,,,,,,0.0,0.0,
yolo26n_seg,tn3k_07164549ce,tn3k,thyroid,0.8952879309654236,1,2,0.9447513812154696,0.8952879581151832,2.23606797749979,0.9291071579274264,0.9407104839707885,0.08903544929925804,1.1921272277832031,,,
yolo26n_seg__detstats,tn3k_07164549ce,tn3k,thyroid,,1,2,,,,,,,,0.0,1.0,
seg_refiner,tn3k_07164549ce,tn3k,thyroid,0.9100077748298645,1,2,0.9528838342810723,0.9100077579519007,2.0,0.7786603052753654,0.9780358901191648,0.02967848309975268,0.9030771255493164,,,1.032625436782837
seg_refiner__detstats,tn3k_07164549ce,tn3k,thyroid,,1,2,,,,,,,,0.0,1.0,
refiner,tn3k_07164549ce,tn3k,thyroid,0.9105431437492371,1,1,0.9531772575250836,0.9105431309904153,2.0,0.7196824616063353,0.9843823946994794,0.028029678483099753,0.8341481685638428,,,1.5558820962905884
refiner__detstats,tn3k_07164549ce,tn3k,thyroid,,1,1,,,,,,,,0.0,0.0,
rough_otsu,tn3k_07164549ce,tn3k,thyroid,0.8442559838294983,1,1,0.9155518394648829,0.8442559753276793,3.605551275463989,1.344001664711459,0.7682926829268293,0.028029678483099753,1.5449254512786865,,,1.5449254512786865
rough_otsu__detstats,tn3k_07164549ce,tn3k,thyroid,,1,1,,,,,,,,0.0,0.0,
refiner_box,tn3k_07164549ce,tn3k,thyroid,0.8984000086784363,1,1,0.9464812473662031,0.8984,2.0,0.8343151829739787,0.962099724585851,0.043693322341302555,0.9639806747436523,,,5.0045857429504395
refiner_box__detstats,tn3k_07164549ce,tn3k,thyroid,,1,1,,,,,,,,0.0,0.0,
refiner_gtbox,tn3k_07164549ce,tn3k,thyroid,0.9040767550468445,1,1,0.9496221662468514,0.9040767386091128,2.23606797749979,0.8147304839238789,0.9216070971594302,0.036273701566364384,0.9581218957901001,,,1.3430832624435425
refiner_gtbox__detstats,tn3k_07164549ce,tn3k,thyroid,,1,1,,,,,,,,0.0,0.0,
rough_otsu_gtbox,tn3k_07164549ce,tn3k,thyroid,0.8621236085891724,1,1,0.9259574468085107,0.8621236133122029,3.605551275463989,1.215704511779875,0.8106449316279184,0.06265457543281121,1.3313976526260376,,,1.3313976526260376
rough_otsu_gtbox__detstats,tn3k_07164549ce,tn3k,thyroid,,1,1,,,,,,,,0.0,0.0,
yolo26n_seg,tn3k_242c29b639,tn3k,thyroid,0.9309114217758179,1,1,0.9642197157968521,0.9309114399089483,11.0,3.1688429113307346,0.5471540277893138,0.014635085692278067,2.8651742935180664,,,
yolo26n_seg__detstats,tn3k_242c29b639,tn3k,thyroid,,1,1,,,,,,,,0.0,0.0,
seg_refiner,tn3k_242c29b639,tn3k,thyroid,0.864534854888916,1,1,0.9273464083579843,0.8645348466492381,21.400934559032695,6.616251543956441,0.44530244530244534,0.12301816547917067,6.122312545776367,,,3.57737398147583
seg_refiner__detstats,tn3k_242c29b639,tn3k,thyroid,,1,1,,,,,,,,0.0,0.0,
refiner,tn3k_242c29b639,tn3k,thyroid,0.828170120716095,1,1,0.9060098936954005,0.8281700981335386,29.53726339868148,8.251415488020026,0.3428053546815702,0.170421721548238,7.751792907714844,,,7.649677276611328
refiner__detstats,tn3k_242c29b639,tn3k,thyroid,,1,1,,,,,,,,0.0,0.0,
rough_otsu,tn3k_242c29b639,tn3k,thyroid,0.86285400390625,1,1,0.9263785686351192,0.8628540205810036,15.652475842498529,5.9811991548045835,0.2197581554843658,0.030425572886578087,7.530111312866211,,,7.530111312866211
rough_otsu__detstats,tn3k_242c29b639,tn3k,thyroid,,1,1,,,,,,,,0.0,0.0,
refiner_box,tn3k_242c29b639,tn3k,thyroid,0.901142954826355,1,1,0.9480012727546765,0.90114298449489,12.004159457879226,4.6073068365046606,0.345842757622365,0.08354194749342063,4.928890228271484,,,13.392496109008789
refiner_box__detstats,tn3k_242c29b639,tn3k,thyroid,,1,1,,,,,,,,0.0,0.0,
refiner_gtbox,tn3k_242c29b639,tn3k,thyroid,0.8727594614028931,1,1,0.9320571901217063,0.8727594600575349,17.899689437998475,5.957607783861699,0.22566206122420698,0.09869054496437513,5.957925319671631,,,9.583012580871582
refiner_gtbox__detstats,tn3k_242c29b639,tn3k,thyroid,,1,1,,,,,,,,0.0,0.0,
rough_otsu_gtbox,tn3k_242c29b639,tn3k,thyroid,0.8320810198783875,1,1,0.9083452269632691,0.8320810290935321,23.129946245729297,7.310165064797476,0.2021313166036439,0.043616406701328714,9.48508358001709,,,9.48508358001709
rough_otsu_gtbox__detstats,tn3k_242c29b639,tn3k,thyroid,,1,1,,,,,,,,0.0,0.0,
yolo26n_seg,tn3k_4501e10e3f,tn3k,thyroid,0.9203284382820129,1,1,0.9585114989021148,0.9203284509542832,3.1622776601683795,1.2646828684110334,0.7657826462957625,0.006221198156682027,1.5494335889816284,,,
yolo26n_seg__detstats,tn3k_4501e10e3f,tn3k,thyroid,,1,1,,,,,,,,0.0,0.0,
seg_refiner,tn3k_4501e10e3f,tn3k,thyroid,0.8390489220619202,1,1,0.912481352560915,0.8390489254686786,5.453087167723973,2.711421014876522,0.3941635018988607,0.14654377880184333,2.9233415126800537,,,1.5294580459594727
seg_refiner__detstats,tn3k_4501e10e3f,tn3k,thyroid,,1,1,,,,,,,,0.0,0.0,
refiner,tn3k_4501e10e3f,tn3k,thyroid,0.7852534651756287,1,1,0.879710893133712,0.7852534562211981,7.280109889280518,3.8069864002418514,0.3047448453106443,0.21474654377880184,4.091612815856934,,,5.844995021820068
refiner__detstats,tn3k_4501e10e3f,tn3k,thyroid,,1,1,,,,,,,,0.0,0.0,
rough_otsu,tn3k_4501e10e3f,tn3k,thyroid,0.6793016195297241,1,1,0.8090287277701779,0.6793016310590397,11.661903789690601,5.589801765534416,0.2749787887358086,0.315668202764977,5.8899431228637695,,,5.8899431228637695
rough_otsu__detstats,tn3k_4501e10e3f,tn3k,thyroid,,1,1,,,,,,,,0.0,0.0,
refiner_box,tn3k_4501e10e3f,tn3k,thyroid,0.822880744934082,1,1,0.902835538752363,0.822880771881461,5.830951894845301,3.0062895070710867,0.3887852791247047,0.1716589861751152,3.25341796875,,,7.459461212158203
refiner_box__detstats,tn3k_4501e10e3f,tn3k,thyroid,,1,1,,,,,,,,0.0,0.0,
refiner_gtbox,tn3k_4501e10e3f,tn3k,thyroid,0.8154377937316895,1,1,0.8983373524558954,0.8154377880184331,5.830951894845301,3.1158614895419445,0.32810466965447455,0.18456221198156683,3.420368194580078,,,6.199005126953125
refiner_gtbox__detstats,tn3k_4501e10e3f,tn3k,thyroid,,1,1,,,,,,,,0.0,0.0,
rough_otsu_gtbox,tn3k_4501e10e3f,tn3k,thyroid,0.7532106637954712,1,1,0.8592357948921006,0.7532106907323846,13.848797967342657,5.4094320081115495,0.3390021217771491,0.32764976958525344,6.195317268371582,,,6.195317268371582
rough_otsu_gtbox__detstats,tn3k_4501e10e3f,tn3k,thyroid,,1,1,,,,,,,,0.0,0.0,
yolo26n_seg,tn3k_398c97384e,tn3k,thyroid,0.939801812171936,1,1,0.9689668465690054,0.9398018321181529,7.565423623376369,2.5743063108335713,0.574438202247191,0.015681774717919296,3.3139474391937256,,,
yolo26n_seg__detstats,tn3k_398c97384e,tn3k,thyroid,,1,1,,,,,,,,0.0,0.0,
seg_refiner,tn3k_398c97384e,tn3k,thyroid,0.821419358253479,1,1,0.9019552281099461,0.8214193548387096,23.476188047886033,8.017204786587065,0.22837897302237417,0.1103078982597055,7.62064790725708,,,2.8050012588500977
seg_refiner__detstats,tn3k_398c97384e,tn3k,thyroid,,1,1,,,,,,,,0.0,0.0,
refiner,tn3k_398c97384e,tn3k,thyroid,0.5160222053527832,1,1,0.6807581272750094,0.5160222256051149,67.26812023536856,24.083810414087385,0.12171684817424729,0.4763817173455728,22.111114501953125,,,23.152212142944336
refiner__detstats,tn3k_398c97384e,tn3k,thyroid,,1,1,,,,,,,,0.0,0.0,
rough_otsu,tn3k_398c97384e,tn3k,thyroid,0.5139386057853699,1,1,0.6789424661460199,0.5139386050547782,61.20906482692194,20.42055510061683,0.20653984599792644,0.3985083189902467,23.342418670654297,,,23.342418670654297
rough_otsu__detstats,tn3k_398c97384e,tn3k,thyroid,,1,1,,,,,,,,0.0,0.0,
refiner_box,tn3k_398c97384e,tn3k,thyroid,0.6942250728607178,1,1,0.8195193072369003,0.6942250832740746,46.93608329051593,13.99452559995116,0.10774198629597544,0.26857907821763244,11.603432655334473,,,12.707103729248047
refiner_box__detstats,tn3k_398c97384e,tn3k,thyroid,,1,1,,,,,,,,0.0,0.0,
refiner_gtbox,tn3k_398c97384e,tn3k,thyroid,0.6155095100402832,1,1,0.7620004567252797,0.6155094812956541,57.1834632309149,18.85172080873005,0.1325506064160649,0.32510996366418055,20.617843627929688,,,23.239154815673828
refiner_gtbox__detstats,tn3k_398c97384e,tn3k,thyroid,,1,1,,,,,,,,0.0,0.0,
rough_otsu_gtbox,tn3k_398c97384e,tn3k,thyroid,0.5014888048171997,1,1,0.6679887323943662,0.5014888001624146,60.8830787698528,18.05626590436802,0.2490927831538776,0.30273474851788107,23.301652908325195,,,23.301652908325195
rough_otsu_gtbox__detstats,tn3k_398c97384e,tn3k,thyroid,,1,1,,,,,,,,0.0,0.0,
yolo26n_seg,tn3k_2e8606665e,tn3k,thyroid,0.8399440050125122,1,1,0.9130103981739792,0.8399440037330844,5.0,1.7522427019588847,0.6730164339989397,0.007579585649317837,1.9380334615707397,,,
yolo26n_seg__detstats,tn3k_2e8606665e,tn3k,thyroid,,1,1,,,,,,,,0.0,0.0,
seg_refiner,tn3k_2e8606665e,tn3k,thyroid,0.8549095988273621,1,1,0.9217803529101922,0.8549096238397655,4.0,1.5832885842891709,0.6747715991655276,0.08135421930267812,1.7782753705978394,,,2.0056586265563965
seg_refiner__detstats,tn3k_2e8606665e,tn3k,thyroid,,1,1,,,,,,,,0.0,0.0,
refiner,tn3k_2e8606665e,tn3k,thyroid,0.6376957893371582,1,1,0.7787719839555692,0.6376958059626073,13.0,4.048803133082923,0.3397169025811823,0.3623041940373926,4.6860671043396,,,6.991824150085449
refiner__detstats,tn3k_2e8606665e,tn3k,thyroid,,1,1,,,,,,,,0.0,0.0,
rough_otsu,tn3k_2e8606665e,tn3k,thyroid,0.0,1,1,0.0,0.0,,,0.0,,,,,
rough_otsu__detstats,tn3k_2e8606665e,tn3k,thyroid,,1,1,,,,,,,,1.0,1.0,
refiner_box,tn3k_2e8606665e,tn3k,thyroid,0.8272040486335754,1,1,0.9054314860766474,0.8272040302267003,4.0,1.9194501494812646,0.5656565656565656,0.16725618999494693,2.173096179962158,,,2.9709982872009277
refiner_box__detstats,tn3k_2e8606665e,tn3k,thyroid,,1,1,,,,,,,,0.0,0.0,
refiner_gtbox,tn3k_2e8606665e,tn3k,thyroid,0.681086540222168,1,1,0.8102932375822861,0.6810865191146881,13.45362404707371,3.4883851397227676,0.499588176077606,0.31126831733198584,3.8877310752868652,,,6.928065299987793
refiner_gtbox__detstats,tn3k_2e8606665e,tn3k,thyroid,,1,1,,,,,,,,0.0,0.0,
rough_otsu_gtbox,tn3k_2e8606665e,tn3k,thyroid,0.0,1,1,0.0,0.0,,,0.0,,,,,
rough_otsu_gtbox__detstats,tn3k_2e8606665e,tn3k,thyroid,,1,1,,,,,,,,1.0,1.0,
yolo26n_seg,tn3k_e82f9f01a7,tn3k,thyroid,0.9032869935035706,1,1,0.9491863168382597,0.9032869785082175,2.23606797749979,0.9270117179549007,0.9195053156866999,0.004638833664678595,1.1584783792495728,,,
yolo26n_seg__detstats,tn3k_e82f9f01a7,tn3k,thyroid,,1,1,,,,,,,,0.0,0.0,
seg_refiner,tn3k_e82f9f01a7,tn3k,thyroid,0.8632534146308899,1,1,0.926608695652174,0.863253402462735,3.8816653826391923,1.335757136639081,0.7955300261096606,0.09476474486414845,1.3569139242172241,,,1.1173560619354248
seg_refiner__detstats,tn3k_e82f9f01a7,tn3k,thyroid,,1,1,,,,,,,,0.0,0.0,
refiner,tn3k_e82f9f01a7,tn3k,thyroid,0.847169816493988,1,1,0.9172625127681308,0.8471698113207548,4.0369316876853,1.4968568514389342,0.7431351212955258,0.0536779324055666,1.5744926929473877,,,2.802079677581787
refiner__detstats,tn3k_e82f9f01a7,tn3k,thyroid,,1,1,,,,,,,,0.0,0.0,
rough_otsu,tn3k_e82f9f01a7,tn3k,thyroid,0.7399073243141174,1,1,0.8505135032331685,0.7399073461283918,7.0319805153394634,2.561903361118544,0.5852003090166648,0.2577866136514248,2.7845778465270996,,,2.7845778465270996
rough_otsu__detstats,tn3k_e82f9f01a7,tn3k,thyroid,,1,1,,,,,,,,0.0,0.0,
refiner_box,tn3k_e82f9f01a7,tn3k,thyroid,0.8829452395439148,1,1,0.9378342245989305,0.8829452485840151,3.0,1.074750943598901,0.8956916099773242,0.017229953611663355,1.2253222465515137,,,4.208396911621094
refiner_box__detstats,tn3k_e82f9f01a7,tn3k,thyroid,,1,1,,,,,,,,0.0,0.0,
refiner_gtbox,tn3k_e82f9f01a7,tn3k,thyroid,0.8617834448814392,1,1,0.9257612042422169,0.8617834394904459,3.605551275463989,1.3281933964266734,0.7846521997013887,0.06295559973492379,1.352612853050232,,,3.0868759155273438
refiner_gtbox__detstats,tn3k_e82f9f01a7,tn3k,thyroid,,1,1,,,,,,,,0.0,0.0,
rough_otsu_gtbox,tn3k_e82f9f01a7,tn3k,thyroid,0.7003300189971924,1,1,0.8237577639751553,0.7003300330033003,7.280109889280518,3.0085075969017008,0.5099043255625927,0.292909211398277,3.074824810028076,,,3.074824810028076
rough_otsu_gtbox__detstats,tn3k_e82f9f01a7,tn3k,thyroid,,1,1,,,,,,,,0.0,0.0,
yolo26n_seg,tn3k_c1be980a7c,tn3k,thyroid,0.8362919092178345,2,2,0.9108485499462943,0.8362919132149902,4.152989390993067,1.2129115292197268,0.850670365233472,0.08277404921700224,1.4358880519866943,,,
yolo26n_seg,tn3k_c1be980a7c,tn3k,thyroid,0.8271257877349854,2,2,0.9053846153846153,0.8271257905832747,3.605551275463989,1.607009301010224,0.6827237099934682,0.18855218855218855,1.8170616626739502,,,
yolo26n_seg__detstats,tn3k_c1be980a7c,tn3k,thyroid,,2,2,,,,,,,,0.0,0.0,
seg_refiner,tn3k_c1be980a7c,tn3k,thyroid,0.8776823878288269,2,2,0.9348571428571428,0.8776824034334764,2.0,0.8517655024074373,0.996282527881041,0.042505592841163314,1.0241011381149292,,,1.3575077056884766
seg_refiner,tn3k_c1be980a7c,tn3k,thyroid,0.7728168368339539,2,2,0.8718518518518519,0.7728168089297439,5.141941307624036,2.248300339549278,0.5239911664324433,0.2727272727272727,2.547214984893799,,,1.9296150207519531
seg_refiner__detstats,tn3k_c1be980a7c,tn3k,thyroid,,2,2,,,,,,,,0.0,0.0,
refiner,tn3k_c1be980a7c,tn3k,thyroid,0.8121508359909058,2,2,0.8963391136801542,0.8121508379888268,3.1622776601683795,1.7087151703479546,0.7261904761904763,0.18434343434343434,2.049121856689453,,,1.1022419929504395
refiner__detstats,tn3k_c1be980a7c,tn3k,thyroid,,2,2,,,,,,,,1.0,1.0,
rough_otsu,tn3k_c1be980a7c,tn3k,thyroid,0.8918083310127258,2,2,0.9428104575163399,0.8918083462132921,2.0826237921249184,0.8589886893002772,0.9493934011111531,0.06060606060606061,1.0966036319732666,,,1.0966036319732666
rough_otsu__detstats,tn3k_c1be980a7c,tn3k,thyroid,,2,2,,,,,,,,1.0,1.0,
refiner_box,tn3k_c1be980a7c,tn3k,thyroid,0.8100436925888062,2,2,0.8950542822677925,0.8100436681222707,3.0,1.3959833285621928,0.8026867554829852,0.14541387024608501,1.4863715171813965,,,2.7809295654296875
refiner_box,tn3k_c1be980a7c,tn3k,thyroid,0.7913278937339783,2,2,0.8835098335854765,0.7913279132791328,4.123105625617661,2.020595431567471,0.5872251050160614,0.2255892255892256,2.219299793243408,,,5.305564880371094
refiner_box__detstats,tn3k_c1be980a7c,tn3k,thyroid,,2,2,,,,,,,,0.0,0.0,
refiner_gtbox,tn3k_c1be980a7c,tn3k,thyroid,0.8627889752388,2,2,0.9263410728582866,0.8627889634601044,2.0,1.1836460273372924,0.9632597224936488,0.1026936026936027,1.340348482131958,,,0.9178460240364075
refiner_gtbox,tn3k_c1be980a7c,tn3k,thyroid,0.5115766525268555,2,2,0.6768781911013858,0.5115766262403528,15.030533606302692,3.6889723864901214,0.6243863340346658,0.4664429530201342,2.4558451175689697,,,3.4725842475891113
refiner_gtbox__detstats,tn3k_c1be980a7c,tn3k,thyroid,,2,2,,,,,,,,0.0,0.0,
rough_otsu_gtbox,tn3k_c1be980a7c,tn3k,thyroid,0.910459578037262,2,2,0.9531314807133969,0.910459587955626,2.0,0.7436133836412793,0.9723265084955683,0.029461279461279462,0.8967563509941101,,,0.8967563509941101
rough_otsu_gtbox__detstats,tn3k_c1be980a7c,tn3k,thyroid,,2,2,,,,,,,,1.0,1.0,
yolo26n_seg,tn3k_75f6fec10b,tn3k,thyroid,0.854125440120697,1,1,0.9213243147027412,0.8541254125412542,4.0,1.442687073576454,0.7174847990508676,0.15910837817063797,2.2058255672454834,,,
yolo26n_seg__detstats,tn3k_75f6fec10b,tn3k,thyroid,,1,1,,,,,,,,0.0,0.0,
seg_refiner,tn3k_75f6fec10b,tn3k,thyroid,0.8531986474990845,1,1,0.9207848837209303,0.8531986531986532,4.47213595499958,1.4028354892078232,0.7740627714788497,0.11529592621060722,1.6698929071426392,,,1.7597432136535645
seg_refiner__detstats,tn3k_75f6fec10b,tn3k,thyroid,,1,1,,,,,,,,0.0,0.0,
refiner,tn3k_75f6fec10b,tn3k,thyroid,0.7900280952453613,1,1,0.8826990976853668,0.7900280898876404,5.0198039027185555,2.067969664248805,0.5818181818181818,0.04073789392774789,2.5450830459594727,,,1.7775599956512451
refiner__detstats,tn3k_75f6fec10b,tn3k,thyroid,,1,1,,,,,,,,0.0,0.0,
rough_otsu,tn3k_75f6fec10b,tn3k,thyroid,0.8370423316955566,1,1,0.9112934740132864,0.8370423546302943,4.0,1.486617966102941,0.7351556842867487,0.033051498847040735,1.8010152578353882,,,1.8010152578353882
rough_otsu__detstats,tn3k_75f6fec10b,tn3k,thyroid,,1,1,,,,,,,,0.0,0.0,
refiner_box,tn3k_75f6fec10b,tn3k,thyroid,0.8669467568397522,1,1,0.9287321830457614,0.8669467787114846,3.605551275463989,1.2405954677330713,0.8175448779072176,0.04919292851652575,1.3250772953033447,,,4.581846714019775
refiner_box__detstats,tn3k_75f6fec10b,tn3k,thyroid,,1,1,,,,,,,,0.0,0.0,
refiner_gtbox,tn3k_75f6fec10b,tn3k,thyroid,0.8437719941139221,1,1,0.9152671755725191,0.8437719915552427,4.123105625617661,1.4971652170017486,0.7409875238379706,0.013835511145272867,1.7965724468231201,,,1.7557315826416016
refiner_gtbox__detstats,tn3k_75f6fec10b,tn3k,thyroid,,1,1,,,,,,,,0.0,0.0,
rough_otsu_gtbox,tn3k_75f6fec10b,tn3k,thyroid,0.8384780883789062,1,1,0.9121436938695822,0.8384781048097631,4.0,1.4574857050444134,0.7402588869176687,0.03151421983089931,1.763309121131897,,,1.763309121131897
rough_otsu_gtbox__detstats,tn3k_75f6fec10b,tn3k,thyroid,,1,1,,,,,,,,0.0,0.0,
yolo26n_seg,tn3k_a66f54501a,tn3k,thyroid,0.936011016368866,1,1,0.9669480321366826,0.9360110257924789,7.19009734006859,1.9896259077675031,0.7066508656819956,0.015234321628637791,2.0064849853515625,,,
yolo26n_seg__detstats,tn3k_a66f54501a,tn3k,thyroid,,1,1,,,,,,,,0.0,0.0,
seg_refiner,tn3k_a66f54501a,tn3k,thyroid,0.9519856572151184,1,1,0.9754023066716565,0.9519856554655333,5.0,1.444380825088654,0.7624309392265193,0.007992895204262877,1.8186962604522705,,,2.4533395767211914
seg_refiner__detstats,tn3k_a66f54501a,tn3k,thyroid,,1,1,,,,,,,,0.0,0.0,
refiner,tn3k_a66f54501a,tn3k,thyroid,0.9173503518104553,1,1,0.9568938081261714,0.9173503288358533,7.0710678118654755,2.6598584545911526,0.5308714404523213,0.06811039759529991,2.850005626678467,,,6.006511211395264
refiner__detstats,tn3k_a66f54501a,tn3k,thyroid,,1,1,,,,,,,,0.0,0.0,
rough_otsu,tn3k_a66f54501a,tn3k,thyroid,0.839506983757019,1,1,0.9127521588018201,0.8395069865541788,13.45362404707371,5.204775352820019,0.3464848204512876,0.09338707473698593,5.994228363037109,,,5.994228363037109
rough_otsu__detstats,tn3k_a66f54501a,tn3k,thyroid,,1,1,,,,,,,,0.0,0.0,
refiner_box,tn3k_a66f54501a,tn3k,thyroid,0.8899887204170227,1,1,0.941792618629174,0.8899887065701189,7.053300858899107,3.4634121738780514,0.35729062001300316,0.05642847383522339,3.8710134029388428,,,10.567153930664062
refiner_box__detstats,tn3k_a66f54501a,tn3k,thyroid,,1,1,,,,,,,,0.0,0.0,
refiner_gtbox,tn3k_a66f54501a,tn3k,thyroid,0.9113588333129883,1,1,0.9536240130877018,0.9113588471212019,7.0710678118654755,2.8486723215809624,0.4762866374336488,0.07910916791911464,3.0195436477661133,,,5.5684661865234375
refiner_gtbox__detstats,tn3k_a66f54501a,tn3k,thyroid,,1,1,,,,,,,,0.0,0.0,
rough_otsu_gtbox,tn3k_a66f54501a,tn3k,thyroid,0.8533138036727905,1,1,0.9208519211397324,0.8533137751700227,13.152946437965905,4.841942880952731,0.390221194901923,0.10110670856674409,5.539628028869629,,,5.539628028869629
rough_otsu_gtbox__detstats,tn3k_a66f54501a,tn3k,thyroid,,1,1,,,,,,,,0.0,0.0,
yolo26n_seg,tn3k_be632d42a2,tn3k,thyroid,0.903943657875061,1,1,0.9495487498150614,0.903943661971831,7.945256015572991,1.8971631655394376,0.8176970175785108,0.024261911721718796,2.643261671066284,,,
yolo26n_seg__detstats,tn3k_be632d42a2,tn3k,thyroid,,1,1,,,,,,,,0.0,0.0,
seg_refiner,tn3k_be632d42a2,tn3k,thyroid,0.8506081700325012,1,1,0.9192741820260037,0.8506081438392386,14.939730936293321,3.2390073210041654,0.6165061181983857,0.045893013738672904,4.394582748413086,,,3.4544737339019775
seg_refiner__detstats,tn3k_be632d42a2,tn3k,thyroid,,1,1,,,,,,,,0.0,0.0,
refiner,tn3k_be632d42a2,tn3k,thyroid,0.7546186447143555,1,1,0.8601511879049676,0.7546186641402179,15.811388300841896,4.333949528588851,0.47505341208998364,0.16544869921075708,4.826358795166016,,,10.615674018859863
refiner__detstats,tn3k_be632d42a2,tn3k,thyroid,,1,1,,,,,,,,0.0,0.0,
rough_otsu,tn3k_be632d42a2,tn3k,thyroid,0.5845864415168762,1,1,0.7378410438908659,0.5845864661654135,21.213203435596427,9.629501482384818,0.031468531468531465,0.7106109324758842,10.626726150512695,,,10.626726150512695
rough_otsu__detstats,tn3k_be632d42a2,tn3k,thyroid,,1,1,,,,,,,,0.0,0.0,
refiner_box,tn3k_be632d42a2,tn3k,thyroid,0.7927072644233704,1,1,0.8843689049874617,0.7927072927072927,13.026883367283705,3.582156122536479,0.46706045125585355,0.09821689564454837,3.857377529144287,,,10.752673149108887
refiner_box__detstats,tn3k_be632d42a2,tn3k,thyroid,,1,1,,,,,,,,0.0,0.0,
refiner_gtbox,tn3k_be632d42a2,tn3k,thyroid,0.7797116041183472,1,1,0.8762224084939927,0.7797115862754849,13.45362404707371,3.805701357874594,0.49236921363670877,0.0923706518561824,4.099764347076416,,,6.132282257080078
refiner_gtbox__detstats,tn3k_be632d42a2,tn3k,thyroid,,1,1,,,,,,,,0.0,0.0,
rough_otsu_gtbox,tn3k_be632d42a2,tn3k,thyroid,0.7309828996658325,1,1,0.8445870880138254,0.7309829059829059,16.0,5.375604135866089,0.36427235316124207,0.3680210464776381,6.140853404998779,,,6.140853404998779
rough_otsu_gtbox__detstats,tn3k_be632d42a2,tn3k,thyroid,,1,1,,,,,,,,0.0,0.0,
yolo26n_seg,tn3k_123cbf01bd,tn3k,thyroid,0.8928914070129395,2,3,0.9434153482348967,0.8928913993392306,8.94427190999916,2.5523984470679704,0.5469107551487414,0.11415307701464111,2.451740264892578,,,
yolo26n_seg,tn3k_123cbf01bd,tn3k,thyroid,0.7745013236999512,2,3,0.8729227761485826,0.7745013009540329,7.625496934366037,2.755721599209981,0.5273708558211258,0.25206384149697303,2.3762142658233643,,,
yolo26n_seg__detstats,tn3k_123cbf01bd,tn3k,thyroid,,2,3,,,,,,,,0.0,1.0,
seg_refiner,tn3k_123cbf01bd,tn3k,thyroid,0.9041494131088257,2,3,0.9496622613803231,0.9041494240017895,6.0,2.2736504649224183,0.5814316273247829,0.026544458992977027,2.6012160778045654,,,2.894521713256836
seg_refiner,tn3k_123cbf01bd,tn3k,thyroid,0.8959627151489258,2,3,0.9451269451269452,0.8959627329192547,2.23606797749979,1.0168885895390924,0.9031044214487299,0.015960374243258118,1.2701929807662964,,,3.4916937351226807
seg_refiner__detstats,tn3k_123cbf01bd,tn3k,thyroid,,2,3,,,,,,,,0.0,1.0,
refiner,tn3k_123cbf01bd,tn3k,thyroid,0.7265625,2,2,0.8416289592760181,0.7265625,8.108246124032743,3.231845311121641,0.4480075453902382,0.18932305998899285,3.627340316772461,,,8.890600204467773
refiner,tn3k_123cbf01bd,tn3k,thyroid,0.6718986630439758,2,2,0.8037552606021366,0.6718986793678285,28.653860020225054,7.080577465494123,0.2784310481345356,0.16152838947744316,10.273628234863281,,,16.08426284790039
refiner__detstats,tn3k_123cbf01bd,tn3k,thyroid,,2,2,,,,,,,,0.0,0.0,
rough_otsu,tn3k_123cbf01bd,tn3k,thyroid,0.5398274064064026,2,2,0.7011531415023171,0.5398274145370063,36.0,9.987732682233782,0.3822546810659623,0.20902273538864422,16.082096099853516,,,16.082096099853516
rough_otsu__detstats,tn3k_123cbf01bd,tn3k,thyroid,,2,2,,,,,,,,1.0,1.0,
refiner_box,tn3k_123cbf01bd,tn3k,thyroid,0.8997150659561157,2,2,0.9472105232792938,0.8997150372643578,6.708203932499369,2.4280883838253606,0.5242240105107571,0.06320676109986906,2.87485933303833,,,20.577409744262695
refiner_box,tn3k_123cbf01bd,tn3k,thyroid,0.7774674296379089,2,2,0.8748035620743845,0.7774674115456238,6.0486832980505065,2.525184893710697,0.5146908020865842,0.10126582278481013,2.8609204292297363,,,10.487442016601562
refiner_box__detstats,tn3k_123cbf01bd,tn3k,thyroid,,2,2,,,,,,,,0.0,0.0,
refiner_gtbox,tn3k_123cbf01bd,tn3k,thyroid,0.8409876823425293,2,2,0.9136266094420601,0.8409876543209877,4.47213595499958,1.7612005249215046,0.634001371637583,0.051733626857457346,2.016089677810669,,,4.785651683807373
refiner_gtbox,tn3k_123cbf01bd,tn3k,thyroid,0.5762472152709961,2,2,0.7311634867190423,0.5762471989621417,31.681480105770415,9.139925922318959,0.11268734750784244,0.4091179621473634,11.336284637451172,,,11.037710189819336
refiner_gtbox__detstats,tn3k_123cbf01bd,tn3k,thyroid,,2,2,,,,,,,,0.0,0.0,
rough_otsu_gtbox,tn3k_123cbf01bd,tn3k,thyroid,0.7042299509048462,2,2,0.8264494612621858,0.7042299704885779,31.673729495456676,6.342277312506405,0.4996564816488881,0.14403047256279014,10.956324577331543,,,10.956324577331543
rough_otsu_gtbox,tn3k_123cbf01bd,tn3k,thyroid,0.6514869928359985,2,2,0.7889701744513224,0.6514869888475836,13.360350014344435,4.430201933100774,0.40852974186307517,0.04402861860209136,4.775766849517822,,,4.775766849517822
rough_otsu_gtbox__detstats,tn3k_123cbf01bd,tn3k,thyroid,,2,2,,,,,,,,0.0,0.0,
yolo26n_seg,tn3k_e050c0f8dd,tn3k,thyroid,0.0,1,0,0.0,0.0,,,0.0,,,,,
yolo26n_seg__detstats,tn3k_e050c0f8dd,tn3k,thyroid,,1,0,,,,,,,,1.0,0.0,
seg_refiner,tn3k_e050c0f8dd,tn3k,thyroid,0.0,1,0,0.0,0.0,,,0.0,,,,,
seg_refiner__detstats,tn3k_e050c0f8dd,tn3k,thyroid,,1,0,,,,,,,,1.0,0.0,
refiner,tn3k_e050c0f8dd,tn3k,thyroid,0.0,1,0,0.0,0.0,,,0.0,,,,,
refiner__detstats,tn3k_e050c0f8dd,tn3k,thyroid,,1,0,,,,,,,,1.0,0.0,
rough_otsu,tn3k_e050c0f8dd,tn3k,thyroid,0.0,1,0,0.0,0.0,,,0.0,,,,,
rough_otsu__detstats,tn3k_e050c0f8dd,tn3k,thyroid,,1,0,,,,,,,,1.0,0.0,
refiner_gtbox,tn3k_e050c0f8dd,tn3k,thyroid,0.8165745735168457,1,1,0.8990267639902676,0.8165745856353591,3.1622776601683795,1.3354253789792558,0.787351443123939,0.09059233449477352,1.5327879190444946,,,2.3133456707000732
refiner_gtbox__detstats,tn3k_e050c0f8dd,tn3k,thyroid,,1,1,,,,,,,,0.0,0.0,
rough_otsu_gtbox,tn3k_e050c0f8dd,tn3k,thyroid,0.7539840340614319,1,1,0.8597387847813742,0.7539840637450199,5.0,2.0740620850236544,0.5878957169459963,0.04529616724738676,2.324881076812744,,,2.324881076812744
rough_otsu_gtbox__detstats,tn3k_e050c0f8dd,tn3k,thyroid,,1,1,,,,,,,,0.0,0.0,
yolo26n_seg,tn3k_8f32288f9c,tn3k,thyroid,0.8297906517982483,1,1,0.9069787754389029,0.829790634489372,8.06225774829855,3.4892602213817936,0.41493919591465794,0.20512326656394453,3.078562021255493,,,
yolo26n_seg__detstats,tn3k_8f32288f9c,tn3k,thyroid,,1,1,,,,,,,,0.0,0.0,
seg_refiner,tn3k_8f32288f9c,tn3k,thyroid,0.8295648694038391,1,1,0.9068439090248208,0.8295648869466083,7.810249675906654,3.2012731440429016,0.3887127534224943,0.1454160246533128,3.413987874984741,,,3.913774013519287
seg_refiner__detstats,tn3k_8f32288f9c,tn3k,thyroid,,1,1,,,,,,,,0.0,0.0,
refiner,tn3k_8f32288f9c,tn3k,thyroid,0.8593155741691589,1,1,0.9243353783231084,0.8593155893536122,7.0710678118654755,2.5903250646736424,0.5439033403492987,0.11633281972265024,2.8705387115478516,,,8.328763961791992
refiner__detstats,tn3k_8f32288f9c,tn3k,thyroid,,1,1,,,,,,,,0.0,0.0,
rough_otsu,tn3k_8f32288f9c,tn3k,thyroid,0.6454052329063416,1,1,0.7844939554401039,0.6454052276837087,20.518284528683193,6.336484152089284,0.21467234221451467,0.07222650231124808,8.299417495727539,,,8.299417495727539
rough_otsu__detstats,tn3k_8f32288f9c,tn3k,thyroid,,1,1,,,,,,,,0.0,0.0,
refiner_box,tn3k_8f32288f9c,tn3k,thyroid,0.7886756062507629,1,1,0.8818542762098938,0.7886756238003839,9.433981132056603,4.017348538538287,0.3169538740606375,0.20512326656394453,4.160024166107178,,,10.04949951171875
refiner_box__detstats,tn3k_8f32288f9c,tn3k,thyroid,,1,1,,,,,,,,0.0,0.0,
refiner_gtbox,tn3k_8f32288f9c,tn3k,thyroid,0.7185755372047424,1,1,0.8362455197132617,0.7185755534167468,11.704699910719626,5.459531742631903,0.17896123915367593,0.28043143297380585,5.473828315734863,,,6.676875114440918
refiner_gtbox__detstats,tn3k_8f32288f9c,tn3k,thyroid,,1,1,,,,,,,,0.0,0.0,
rough_otsu_gtbox,tn3k_8f32288f9c,tn3k,thyroid,0.7113761305809021,1,1,0.8313498445373646,0.7113761467889909,19.6468827043885,5.163598833235062,0.37629299316495485,0.2035824345146379,6.692536354064941,,,6.692536354064941
rough_otsu_gtbox__detstats,tn3k_8f32288f9c,tn3k,thyroid,,1,1,,,,,,,,0.0,0.0,
yolo26n_seg,tn3k_053bfdf068,tn3k,thyroid,0.7021524310112,1,1,0.8250170881749829,0.702152414194299,7.211102550927978,3.4861120603553637,0.4113398338750452,0.4141914191419142,4.768621921539307,,,
yolo26n_seg__detstats,tn3k_053bfdf068,tn3k,thyroid,,1,1,,,,,,,,0.0,0.0,
seg_refiner,tn3k_053bfdf068,tn3k,thyroid,0.7595177888870239,1,1,0.8633249188604399,0.7595177664974619,6.082762530298219,2.5883406098778385,0.5158225587541967,0.28795379537953797,2.783378839492798,,,3.6902575492858887
seg_refiner__detstats,tn3k_053bfdf068,tn3k,thyroid,,1,1,,,,,,,,0.0,0.0,
refiner,tn3k_053bfdf068,tn3k,thyroid,0.7178247570991516,1,1,0.8357368976433345,0.7178247734138973,7.280109889280518,3.168186875974217,0.44095775108278173,0.3457095709570957,3.623149871826172,,,6.36976957321167
refiner__detstats,tn3k_053bfdf068,tn3k,thyroid,,1,1,,,,,,,,0.0,0.0,
rough_otsu,tn3k_053bfdf068,tn3k,thyroid,0.5956403017044067,1,1,0.7465846994535519,0.5956403269754769,13.435015956036224,5.140913188618656,0.30880169671261926,0.4158415841584158,6.362575531005859,,,6.362575531005859
rough_otsu__detstats,tn3k_053bfdf068,tn3k,thyroid,,1,1,,,,,,,,0.0,0.0,
refiner_box,tn3k_053bfdf068,tn3k,thyroid,0.7482951283454895,1,1,0.8560283687943262,0.7482951022938623,7.0710678118654755,2.7573041120402237,0.48867193322402747,0.32673267326732675,3.0712034702301025,,,7.640152931213379
refiner_box__detstats,tn3k_053bfdf068,tn3k,thyroid,,1,1,,,,,,,,0.0,0.0,
refiner_gtbox,tn3k_053bfdf068,tn3k,thyroid,0.8274894952774048,1,1,0.9056024558710668,0.8274894810659187,4.123105625617661,1.6700114826310388,0.6691195492828192,0.15016501650165018,1.9188907146453857,,,2.287139654159546
refiner_gtbox__detstats,tn3k_053bfdf068,tn3k,thyroid,,1,1,,,,,,,,0.0,0.0,
rough_otsu_gtbox,tn3k_053bfdf068,tn3k,thyroid,0.7940320372581482,1,1,0.8851926977687626,0.7940320232896652,5.094068537913144,2.089050896034845,0.5786963434022258,0.03382838283828383,2.289576292037964,,,2.289576292037964
rough_otsu_gtbox__detstats,tn3k_053bfdf068,tn3k,thyroid,,1,1,,,,,,,,0.0,0.0,
yolo26n_seg,tn3k_3538cd8e63,tn3k,thyroid,0.770370364189148,1,1,0.8702928870292888,0.7703703703703704,3.1622776601683795,1.5912741435644577,0.7010720518573922,0.13392857142857142,2.0691299438476562,,,
yolo26n_seg__detstats,tn3k_3538cd8e63,tn3k,thyroid,,1,1,,,,,,,,0.0,0.0,
seg_refiner,tn3k_3538cd8e63,tn3k,thyroid,0.7347826361656189,1,1,0.8471177944862155,0.7347826086956522,3.561223913934418,1.8292939042763103,0.6726726726726727,0.1375,2.008085250854492,,,1.6227104663848877
seg_refiner__detstats,tn3k_3538cd8e63,tn3k,thyroid,,1,1,,,,,,,,0.0,0.0,
refiner,tn3k_3538cd8e63,tn3k,thyroid,0.8120915293693542,1,1,0.8963029756537421,0.8120915032679739,3.605551275463989,1.097866545375292,0.8596847991865786,0.019642857142857142,1.1280484199523926,,,1.9237074851989746
refiner__detstats,tn3k_3538cd8e63,tn3k,thyroid,,1,1,,,,,,,,0.0,0.0,
rough_otsu,tn3k_3538cd8e63,tn3k,thyroid,0.6855241060256958,1,1,0.8134254689042448,0.6855241264559068,5.385164807134504,1.860027037612071,0.6916542916542916,0.19107142857142856,1.9282783269882202,,,1.9282783269882202
rough_otsu__detstats,tn3k_3538cd8e63,tn3k,thyroid,,1,1,,,,,,,,0.0,0.0,
refiner_box,tn3k_3538cd8e63,tn3k,thyroid,0.7854137420654297,1,1,0.8798114689709348,0.7854137447405329,3.129822128134701,1.4471470277649632,0.8011287687509283,0.2732142857142857,1.6505954265594482,,,3.195340633392334
refiner_box__detstats,tn3k_3538cd8e63,tn3k,thyroid,,1,1,,,,,,,,0.0,0.0,
refiner_gtbox,tn3k_3538cd8e63,tn3k,thyroid,0.871835470199585,1,1,0.9315300084530854,0.8718354430379747,2.0,0.7306677203037676,0.9637795275590552,0.1125,0.8971978425979614,,,1.8451935052871704
refiner_gtbox__detstats,tn3k_3538cd8e63,tn3k,thyroid,,1,1,,,,,,,,0.0,0.0,
rough_otsu_gtbox,tn3k_3538cd8e63,tn3k,thyroid,0.7777777910232544,1,1,0.875,0.7777777777777778,4.242640687119285,1.6922374296634286,0.660486995019369,0.2857142857142857,1.8470622301101685,,,1.8470622301101685
rough_otsu_gtbox__detstats,tn3k_3538cd8e63,tn3k,thyroid,,1,1,,,,,,,,0.0,0.0,
yolo26n_seg,tn3k_12b9b2e7b0,tn3k,thyroid,0.8508490324020386,1,1,0.9194148276717085,0.8508490133088573,4.123105625617661,1.728291426894331,0.7402597402597402,0.07993811242908716,1.8206230401992798,,,
yolo26n_seg__detstats,tn3k_12b9b2e7b0,tn3k,thyroid,,1,1,,,,,,,,0.0,0.0,
seg_refiner,tn3k_12b9b2e7b0,tn3k,thyroid,0.8673218488693237,1,1,0.9289473684210526,0.8673218673218673,3.605551275463989,1.5225789472578146,0.6574390455782707,0.040226921093347086,1.6717455387115479,,,1.969118356704712
seg_refiner__detstats,tn3k_12b9b2e7b0,tn3k,thyroid,,1,1,,,,,,,,0.0,0.0,
refiner,tn3k_12b9b2e7b0,tn3k,thyroid,0.8831291198730469,1,1,0.9379379379379379,0.883129123468426,3.0,1.3409111191426026,0.8252921609608195,0.060856111397627644,1.6028836965560913,,,2.5752081871032715
refiner__detstats,tn3k_12b9b2e7b0,tn3k,thyroid,,1,1,,,,,,,,0.0,0.0,
rough_otsu,tn3k_12b9b2e7b0,tn3k,thyroid,0.792069137096405,1,1,0.8839716312056738,0.7920691408235893,6.0,2.3979733968282044,0.5472536928151441,0.1820526044352759,2.5887975692749023,,,2.5887975692749023
rough_otsu__detstats,tn3k_12b9b2e7b0,tn3k,thyroid,,1,1,,,,,,,,0.0,0.0,
refiner_box,tn3k_12b9b2e7b0,tn3k,thyroid,0.8591682314872742,1,1,0.9242501270971022,0.8591682419659735,3.605551275463989,1.621163966362797,0.7445192673604791,0.02888086642599278,1.8697657585144043,,,7.349407196044922
refiner_box__detstats,tn3k_12b9b2e7b0,tn3k,thyroid,,1,1,,,,,,,,0.0,0.0,
refiner_gtbox,tn3k_12b9b2e7b0,tn3k,thyroid,0.8692810535430908,1,1,0.9300699300699301,0.869281045751634,4.0,1.4419399584276538,0.7184004286958269,0.08251676121712223,1.8057422637939453,,,4.209102630615234
refiner_gtbox__detstats,tn3k_12b9b2e7b0,tn3k,thyroid,,1,1,,,,,,,,0.0,0.0,
rough_otsu_gtbox,tn3k_12b9b2e7b0,tn3k,thyroid,0.7062118053436279,1,1,0.8278125932557445,0.7062118126272913,8.59940919095637,3.5833634524390576,0.3929712460063898,0.2717895822588963,4.191649436950684,,,4.191649436950684
rough_otsu_gtbox__detstats,tn3k_12b9b2e7b0,tn3k,thyroid,,1,1,,,,,,,,0.0,0.0,
yolo26n_seg,tn3k_ac15c997d4,tn3k,thyroid,0.7639649510383606,1,1,0.8661906240298044,0.7639649507119387,11.0,2.531801066788048,0.7279250790561907,0.2152682255845942,2.4526617527008057,,,
yolo26n_seg__detstats,tn3k_ac15c997d4,tn3k,thyroid,,1,1,,,,,,,,0.0,0.0,
seg_refiner,tn3k_ac15c997d4,tn3k,thyroid,0.7871508598327637,1,1,0.8809002813379181,0.7871508379888268,9.0,2.2833648034311436,0.6978316919565493,0.20013755158184318,2.9847092628479004,,,3.227191925048828
seg_refiner__detstats,tn3k_ac15c997d4,tn3k,thyroid,,1,1,,,,,,,,0.0,0.0,
refiner,tn3k_ac15c997d4,tn3k,thyroid,0.7714776396751404,1,1,0.8709990300678953,0.7714776632302406,7.0,2.4521587113036194,0.5784919653893696,0.12723521320495185,2.8421013355255127,,,2.530580759048462
refiner__detstats,tn3k_ac15c997d4,tn3k,thyroid,,1,1,,,,,,,,0.0,0.0,
rough_otsu,tn3k_ac15c997d4,tn3k,thyroid,0.7759259343147278,1,1,0.8738269030239834,0.7759259259259259,5.0,2.273399810183835,0.5325779036827196,0.021320495185694635,2.547471046447754,,,2.547471046447754
rough_otsu__detstats,tn3k_ac15c997d4,tn3k,thyroid,,1,1,,,,,,,,0.0,0.0,
refiner_box,tn3k_ac15c997d4,tn3k,thyroid,0.7560700178146362,1,1,0.8610932475884244,0.7560700169395822,8.06225774829855,2.6495490866602305,0.57991930477964,0.13892709766162312,3.1518325805664062,,,8.105546951293945
refiner_box__detstats,tn3k_ac15c997d4,tn3k,thyroid,,1,1,,,,,,,,0.0,0.0,
refiner_gtbox,tn3k_ac15c997d4,tn3k,thyroid,0.8901540637016296,1,1,0.9418851878100638,0.8901540522438044,2.8284271247461903,1.0087197966668056,0.8908045977011495,0.059147180192572216,1.241201639175415,,,2.0013787746429443
refiner_gtbox__detstats,tn3k_ac15c997d4,tn3k,thyroid,,1,1,,,,,,,,0.0,0.0,
rough_otsu_gtbox,tn3k_ac15c997d4,tn3k,thyroid,0.8096166253089905,1,1,0.8947935368043088,0.8096166341780376,4.2247104278940375,1.906959062657212,0.6045627376425856,0.08459422283356259,2.007094621658325,,,2.007094621658325
rough_otsu_gtbox__detstats,tn3k_ac15c997d4,tn3k,thyroid,,1,1,,,,,,,,0.0,0.0,
yolo26n_seg,tn3k_00daec2730,tn3k,thyroid,0.8707386255264282,1,1,0.9309035687167806,0.8707386363636364,19.390667858167692,3.961083185595113,0.6718655797006474,0.13193039255362202,3.9767959117889404,,,
yolo26n_seg__detstats,tn3k_00daec2730,tn3k,thyroid,,1,1,,,,,,,,0.0,0.0,
seg_refiner,tn3k_00daec2730,tn3k,thyroid,0.8705036044120789,1,1,0.9307692307692308,0.8705035971223022,11.180339887498949,3.835402452426952,0.471564559433732,0.021853500607041682,4.355718612670898,,,4.857318878173828
seg_refiner__detstats,tn3k_00daec2730,tn3k,thyroid,,1,1,,,,,,,,0.0,0.0,
refiner,tn3k_00daec2730,tn3k,thyroid,0.8962974548339844,1,1,0.945313153273685,0.896297470863395,9.486832980505138,2.965603976839697,0.5543513657112497,0.0641036017806556,3.9164071083068848,,,12.038426399230957
refiner__detstats,tn3k_00daec2730,tn3k,thyroid,,1,1,,,,,,,,0.0,0.0,
rough_otsu,tn3k_00daec2730,tn3k,thyroid,0.7109970450401306,1,1,0.8310909246722085,0.7109970674486803,34.19931270666025,9.215663027026013,0.1491919700274003,0.11104815864022663,12.056203842163086,,,12.056203842163086
rough_otsu__detstats,tn3k_00daec2730,tn3k,thyroid,,1,1,,,,,,,,0.0,0.0,
refiner_box,tn3k_00daec2730,tn3k,thyroid,0.8477631211280823,1,1,0.9176101860920666,0.8477631388446504,16.428580377540897,4.782251825004006,0.44672739676552026,0.06596519627681101,5.494939804077148,,,15.34912109375
refiner_box__detstats,tn3k_00daec2730,tn3k,thyroid,,1,1,,,,,,,,0.0,0.0,
refiner_gtbox,tn3k_00daec2730,tn3k,thyroid,0.8453384637832642,1,1,0.9161879895561358,0.8453384726571911,13.397721914780638,4.4238068361795,0.3518813248851386,0.14002428166734115,5.1766791343688965,,,12.274177551269531
refiner_gtbox__detstats,tn3k_00daec2730,tn3k,thyroid,,1,1,,,,,,,,0.0,0.0,
rough_otsu_gtbox,tn3k_00daec2730,tn3k,thyroid,0.7074062824249268,1,1,0.828632646814465,0.7074063013289532,37.16916536979387,9.50327556839821,0.14304422882314421,0.1490084985835694,12.337450981140137,,,12.337450981140137
rough_otsu_gtbox__detstats,tn3k_00daec2730,tn3k,thyroid,,1,1,,,,,,,,0.0,0.0,
yolo26n_seg,tn3k_cee3119b00,tn3k,thyroid,0.8300672769546509,1,1,0.907143998721432,0.8300672711319099,12.535921413868255,3.5346778708603694,0.5902908558275789,0.002880921895006402,2.5134494304656982,,,
yolo26n_seg__detstats,tn3k_cee3119b00,tn3k,thyroid,,1,1,,,,,,,,0.0,0.0,
seg_refiner,tn3k_cee3119b00,tn3k,thyroid,0.7427579760551453,1,1,0.8523937321444031,0.7427579963789982,18.98551627855565,5.66826205186549,0.332669889110037,0.1512483994878361,5.226032257080078,,,3.92948055267334
seg_refiner__detstats,tn3k_cee3119b00,tn3k,thyroid,,1,1,,,,,,,,0.0,0.0,
refiner,tn3k_cee3119b00,tn3k,thyroid,0.7101790904998779,1,1,0.8305318269495728,0.7101790763430725,20.108452436581494,6.314489720956859,0.27366020524515394,0.2575224071702945,6.661953926086426,,,5.296820640563965
refiner__detstats,tn3k_cee3119b00,tn3k,thyroid,,1,1,,,,,,,,0.0,0.0,
rough_otsu,tn3k_cee3119b00,tn3k,thyroid,0.7482275366783142,1,1,0.8559841384282625,0.7482275090593982,16.235656434956034,4.6938391940493,0.4001285647498831,0.22407170294494239,5.305794715881348,,,5.305794715881348
rough_otsu__detstats,tn3k_cee3119b00,tn3k,thyroid,,1,1,,,,,,,,0.0,0.0,
refiner_box,tn3k_cee3119b00,tn3k,thyroid,0.7682638168334961,1,1,0.8689470602994062,0.7682638272700385,16.12916233531806,5.042634600459714,0.2949564576810755,0.08626760563380281,4.9538798332214355,,,10.033777236938477
refiner_box__detstats,tn3k_cee3119b00,tn3k,thyroid,,1,1,,,,,,,,0.0,0.0,
refiner_gtbox,tn3k_cee3119b00,tn3k,thyroid,0.7464473843574524,1,1,0.8548180654598647,0.7464473894299857,13.601470508735444,5.425158916530158,0.2720033403918995,0.24935979513444304,5.279328346252441,,,6.960493087768555
refiner_gtbox__detstats,tn3k_cee3119b00,tn3k,thyroid,,1,1,,,,,,,,0.0,0.0,
rough_otsu_gtbox,tn3k_cee3119b00,tn3k,thyroid,0.6634691953659058,1,1,0.7976934166266219,0.6634692246203038,18.439088914585774,7.175041929989561,0.22185382730286868,0.33466709346991036,6.9358906745910645,,,6.9358906745910645
rough_otsu_gtbox__detstats,tn3k_cee3119b00,tn3k,thyroid,,1,1,,,,,,,,0.0,0.0,
yolo26n_seg,tn3k_49c7c236dd,tn3k,thyroid,0.8933106064796448,1,1,0.9436492843559203,0.8933105931400417,5.0,1.867298207274739,0.6502230133258192,0.005788423153692615,1.9967222213745117,,,
yolo26n_seg__detstats,tn3k_49c7c236dd,tn3k,thyroid,,1,1,,,,,,,,0.0,0.0,
seg_refiner,tn3k_49c7c236dd,tn3k,thyroid,0.8816447257995605,1,1,0.9371001082783739,0.8816447490275977,5.0,2.03783030892714,0.6058805724301533,0.027744510978043913,2.2744932174682617,,,2.0569167137145996
seg_refiner__detstats,tn3k_49c7c236dd,tn3k,thyroid,,1,1,,,,,,,,0.0,0.0,
refiner,tn3k_49c7c236dd,tn3k,thyroid,0.8659625053405762,1,1,0.9281670895959399,0.8659624840648333,5.0990195135927845,2.3900494542019572,0.5094226261497973,0.045109780439121755,2.6759040355682373,,,5.532618522644043
refiner__detstats,tn3k_49c7c236dd,tn3k,thyroid,,1,1,,,,,,,,0.0,0.0,
rough_otsu,tn3k_49c7c236dd,tn3k,thyroid,0.7714330554008484,1,1,0.8709705908328181,0.771433041301627,13.0,4.910362647054091,0.38110656127987813,0.26007984031936127,5.55008602142334,,,5.55008602142334
rough_otsu__detstats,tn3k_49c7c236dd,tn3k,thyroid,,1,1,,,,,,,,0.0,0.0,
refiner_box,tn3k_49c7c236dd,tn3k,thyroid,0.8734200596809387,1,1,0.93243375378899,0.8734200403004213,5.385164807134504,2.2452003108199325,0.5547122773245815,0.04131736526946108,2.526625633239746,,,5.5679144859313965
refiner_box__detstats,tn3k_49c7c236dd,tn3k,thyroid,,1,1,,,,,,,,0.0,0.0,
refiner_gtbox,tn3k_49c7c236dd,tn3k,thyroid,0.8369649648666382,1,1,0.9112476170302902,0.8369649805447471,12.440580463632228,2.8869255231093254,0.5855269568249768,0.1153692614770459,3.116015672683716,,,6.193154335021973
refiner_gtbox__detstats,tn3k_49c7c236dd,tn3k,thyroid,,1,1,,,,,,,,0.0,0.0,
rough_otsu_gtbox,tn3k_49c7c236dd,tn3k,thyroid,0.7216822504997253,1,1,0.838345456519379,0.7216822429906542,17.321469932204714,4.4998655513624195,0.4234523453645096,0.16147704590818363,6.223071098327637,,,6.223071098327637
rough_otsu_gtbox__detstats,tn3k_49c7c236dd,tn3k,thyroid,,1,1,,,,,,,,0.0,0.0,
yolo26n_seg,tn3k_791faec81f,tn3k,thyroid,0.8817635178565979,1,1,0.9371671991480298,0.8817635270541082,3.1622776601683795,1.3003389771158766,0.7486837124470904,0.08088642659279778,1.4314045906066895,,,
yolo26n_seg__detstats,tn3k_791faec81f,tn3k,thyroid,,1,1,,,,,,,,0.0,0.0,
seg_refiner,tn3k_791faec81f,tn3k,thyroid,0.87578946352005,1,1,0.9337822671156004,0.8757894736842106,3.1622776601683795,1.2625286957391457,0.7919026231855757,0.02548476454293629,1.4460623264312744,,,1.3544628620147705
seg_refiner__detstats,tn3k_791faec81f,tn3k,thyroid,,1,1,,,,,,,,0.0,0.0,
refiner,tn3k_791faec81f,tn3k,thyroid,0.8403041958808899,1,1,0.9132231404958677,0.8403041825095057,4.123105625617661,1.6495361054650264,0.6675542031190567,0.12299168975069252,1.8523268699645996,,,3.6653435230255127
refiner__detstats,tn3k_791faec81f,tn3k,thyroid,,1,1,,,,,,,,0.0,0.0,
rough_otsu,tn3k_791faec81f,tn3k,thyroid,0.7317298650741577,1,1,0.8450854700854701,0.7317298797409806,8.602325267042627,2.8809387410287624,0.4809815950920245,0.0742382271468144,3.6723146438598633,,,3.6723146438598633
rough_otsu__detstats,tn3k_791faec81f,tn3k,thyroid,,1,1,,,,,,,,0.0,0.0,
refiner_box,tn3k_791faec81f,tn3k,thyroid,0.8450479507446289,1,1,0.9160173160173161,0.8450479233226837,4.242640687119285,1.6089821007604286,0.7141275227719236,0.08033240997229917,1.7732315063476562,,,5.359634876251221
refiner_box__detstats,tn3k_791faec81f,tn3k,thyroid,,1,1,,,,,,,,0.0,0.0,
refiner_gtbox,tn3k_791faec81f,tn3k,thyroid,0.8482532501220703,1,1,0.9178972238629651,0.8482532751091703,4.0,1.6068006503704013,0.7046698250024171,0.12409972299168975,1.7093374729156494,,,3.1220169067382812
refiner_gtbox__detstats,tn3k_791faec81f,tn3k,thyroid,,1,1,,,,,,,,0.0,0.0,
rough_otsu_gtbox,tn3k_791faec81f,tn3k,thyroid,0.7572815418243408,1,1,0.861878453038674,0.7572815533980582,7.0,2.655415929315082,0.48470588235294115,0.00554016620498615,3.13765287399292,,,3.13765287399292
rough_otsu_gtbox__detstats,tn3k_791faec81f,tn3k,thyroid,,1,1,,,,,,,,0.0,0.0,
yolo26n_seg,tn3k_d2c8216947,tn3k,thyroid,0.8573390245437622,1,1,0.9231906557255859,0.8573390086502815,6.708203932499369,3.023915035241776,0.41389882473173223,0.036892034332178886,3.256869316101074,,,
yolo26n_seg__detstats,tn3k_d2c8216947,tn3k,thyroid,,1,1,,,,,,,,0.0,0.0,
seg_refiner,tn3k_d2c8216947,tn3k,thyroid,0.8338216543197632,1,1,0.9093814197671765,0.833821682712432,10.294946019875557,3.5097178764699564,0.43672887979838565,0.020930582743562718,3.635024309158325,,,3.321704864501953
seg_refiner__detstats,tn3k_d2c8216947,tn3k,thyroid,,1,1,,,,,,,,0.0,0.0,
refiner,tn3k_d2c8216947,tn3k,thyroid,0.0,1,1,0.0,0.0,,,0.0,,,,,
refiner__detstats,tn3k_d2c8216947,tn3k,thyroid,,1,1,,,,,,,,1.0,1.0,
rough_otsu,tn3k_d2c8216947,tn3k,thyroid,0.0,1,1,0.0,0.0,,,0.0,,,,,
rough_otsu__detstats,tn3k_d2c8216947,tn3k,thyroid,,1,1,,,,,,,,1.0,1.0,
refiner_box,tn3k_d2c8216947,tn3k,thyroid,0.7555943131446838,1,1,0.8607846383049164,0.7555943039814007,14.0,5.074533697834749,0.2829617673761727,0.1806956783616925,5.369983196258545,,,10.38387680053711
refiner_box__detstats,tn3k_d2c8216947,tn3k,thyroid,,1,1,,,,,,,,0.0,0.0,
refiner_gtbox,tn3k_d2c8216947,tn3k,thyroid,0.0,1,1,0.0,0.0,,,0.0,,,,,
refiner_gtbox__detstats,tn3k_d2c8216947,tn3k,thyroid,,1,1,,,,,,,,1.0,1.0,
rough_otsu_gtbox,tn3k_d2c8216947,tn3k,thyroid,0.0,1,1,0.0,0.0,,,0.0,,,,,
rough_otsu_gtbox__detstats,tn3k_d2c8216947,tn3k,thyroid,,1,1,,,,,,,,1.0,1.0,
yolo26n_seg,tn3k_606e589ecf,tn3k,thyroid,0.8973289728164673,1,1,0.9458865396692485,0.8973289643530931,6.0,2.530304323900803,0.4923800084393982,0.020101543881463062,2.7438454627990723,,,
yolo26n_seg__detstats,tn3k_606e589ecf,tn3k,thyroid,,1,1,,,,,,,,0.0,0.0,
seg_refiner,tn3k_606e589ecf,tn3k,thyroid,0.7907975316047668,1,1,0.8831791709489552,0.7907975460122699,12.0,5.40039602776814,0.28456295706681256,0.18526577556729873,5.722317695617676,,,2.916152000427246
seg_refiner__detstats,tn3k_606e589ecf,tn3k,thyroid,,1,1,,,,,,,,0.0,0.0,
refiner,tn3k_606e589ecf,tn3k,thyroid,0.6706071496009827,1,1,0.8028304557033682,0.6706071496122564,21.02379604162864,9.69497626994169,0.17315220459203082,0.16961972852554139,11.618858337402344,,,17.195907592773438
refiner__detstats,tn3k_606e589ecf,tn3k,thyroid,,1,1,,,,,,,,0.0,0.0,
rough_otsu,tn3k_606e589ecf,tn3k,thyroid,0.5383417010307312,1,1,0.6998987044836594,0.5383416714508324,34.904840442274555,13.687550348500313,0.15039343680359712,0.05647083203813076,17.160888671875,,,17.160888671875
rough_otsu__detstats,tn3k_606e589ecf,tn3k,thyroid,,1,1,,,,,,,,0.0,0.0,
refiner_box,tn3k_606e589ecf,tn3k,thyroid,0.8390447497367859,1,1,0.9124788851351351,0.8390447529366081,10.981665382639193,4.2496647088105055,0.31607985050277343,0.037094601595689565,4.593148231506348,,,11.942188262939453
refiner_box__detstats,tn3k_606e589ecf,tn3k,thyroid,,1,1,,,,,,,,0.0,0.0,
refiner_gtbox,tn3k_606e589ecf,tn3k,thyroid,0.6783044934272766,1,1,0.8083211322596389,0.6783044947271424,23.0,9.730019150993385,0.20454477767519436,0.3015231582219459,11.553552627563477,,,15.873456954956055
refiner_gtbox__detstats,tn3k_606e589ecf,tn3k,thyroid,,1,1,,,,,,,,0.0,0.0,
rough_otsu_gtbox,tn3k_606e589ecf,tn3k,thyroid,0.573862612247467,1,1,0.7292410457215248,0.5738626064890339,35.20504745093928,12.077654432230403,0.21886897761476667,0.2006009739923324,15.87836742401123,,,15.87836742401123
rough_otsu_gtbox__detstats,tn3k_606e589ecf,tn3k,thyroid,,1,1,,,,,,,,0.0,0.0,
yolo26n_seg,tn3k_9667cba6ba,tn3k,thyroid,0.5340105891227722,1,1,0.6962280449179383,0.5340106007067138,24.03434836884772,9.45338236875494,0.20078740157480318,0.46293427749502103,10.30564022064209,,,
yolo26n_seg__detstats,tn3k_9667cba6ba,tn3k,thyroid,,1,1,,,,,,,,0.0,0.0,
seg_refiner,tn3k_9667cba6ba,tn3k,thyroid,0.509626030921936,1,1,0.6751685722661976,0.509626023456517,24.091479436545043,10.078992404951991,0.09465741940400883,0.4903739765434831,9.008321762084961,,,8.2800874710083
seg_refiner__detstats,tn3k_9667cba6ba,tn3k,thyroid,,1,1,,,,,,,,0.0,0.0,
refiner,tn3k_9667cba6ba,tn3k,thyroid,0.7243764400482178,1,2,0.8401604473076456,0.7243764409976944,14.0,5.1589007582434485,0.3553287005719205,0.17946448329276388,5.788811206817627,,,10.726816177368164
refiner__detstats,tn3k_9667cba6ba,tn3k,thyroid,,1,2,,,,,,,,0.0,1.0,
rough_otsu,tn3k_9667cba6ba,tn3k,thyroid,0.543176531791687,1,2,0.7039720209842618,0.5431765612952968,23.641840417138027,9.805906733207886,0.19514553226134743,0.22836910820978093,10.703256607055664,,,10.703256607055664
rough_otsu__detstats,tn3k_9667cba6ba,tn3k,thyroid,,1,2,,,,,,,,0.0,1.0,
refiner_box,tn3k_9667cba6ba,tn3k,thyroid,0.768878698348999,1,2,0.869340232858991,0.7688787185354691,8.94427190999916,4.584052085418063,0.2565031280869279,0.05266651914140297,4.87600040435791,,,6.724625587463379
refiner_box__detstats,tn3k_9667cba6ba,tn3k,thyroid,,1,2,,,,,,,,0.0,1.0,
refiner_gtbox,tn3k_9667cba6ba,tn3k,thyroid,0.6861074566841125,1,1,0.8138359891177613,0.6861074705111402,13.427572719621228,5.712222721433543,0.2201467645096731,0.29187873423323746,6.0176100730896,,,10.162155151367188
refiner_gtbox__detstats,tn3k_9667cba6ba,tn3k,thyroid,,1,1,,,,,,,,0.0,0.0,
rough_otsu_gtbox,tn3k_9667cba6ba,tn3k,thyroid,0.5656424760818481,1,1,0.7225691347011597,0.5656424581005587,23.746476242396444,9.28065067224573,0.2660228775076163,0.26355388360256693,10.126272201538086,,,10.126272201538086
rough_otsu_gtbox__detstats,tn3k_9667cba6ba,tn3k,thyroid,,1,1,,,,,,,,0.0,0.0,
yolo26n_seg,tn3k_604aad6ea1,tn3k,thyroid,0.6809481382369995,1,2,0.8101952854786356,0.6809481216457961,23.194827009486403,9.412510340501305,0.15953862498102897,0.46854065414422696,9.022035598754883,,,
yolo26n_seg__detstats,tn3k_604aad6ea1,tn3k,thyroid,,1,2,,,,,,,,0.0,1.0,
seg_refiner,tn3k_604aad6ea1,tn3k,thyroid,0.6539244055747986,1,2,0.7907549087796265,0.6539244314662419,25.495097567963924,9.763425457925546,0.0586608442503639,0.4551425193747537,11.258450508117676,,,11.151248931884766
seg_refiner__detstats,tn3k_604aad6ea1,tn3k,thyroid,,1,2,,,,,,,,0.0,1.0,
refiner,tn3k_604aad6ea1,tn3k,thyroid,0.5180124044418335,1,1,0.6824877250409165,0.5180124223602485,28.861739379323623,11.857674107974919,0.09055358670414274,0.394850912912124,13.423591613769531,,,13.382989883422852
refiner__detstats,tn3k_604aad6ea1,tn3k,thyroid,,1,1,,,,,,,,0.0,0.0,
rough_otsu,tn3k_604aad6ea1,tn3k,thyroid,0.0,1,1,0.0,0.0,,,0.0,,,,,
rough_otsu__detstats,tn3k_604aad6ea1,tn3k,thyroid,,1,1,,,,,,,,1.0,1.0,
refiner_box,tn3k_604aad6ea1,tn3k,thyroid,0.7655321359634399,1,1,0.8671970624235006,0.7655321447866018,17.125781658413764,5.855810972831353,0.3258480027357553,0.14632864836463944,6.285572052001953,,,13.42393684387207
refiner_box__detstats,tn3k_604aad6ea1,tn3k,thyroid,,1,1,,,,,,,,0.0,0.0,
refiner_gtbox,tn3k_604aad6ea1,tn3k,thyroid,0.0,1,1,0.0,0.0,,,0.0,,,,,
refiner_gtbox__detstats,tn3k_604aad6ea1,tn3k,thyroid,,1,1,,,,,,,,1.0,1.0,
rough_otsu_gtbox,tn3k_604aad6ea1,tn3k,thyroid,0.0,1,1,0.0,0.0,,,0.0,,,,,
rough_otsu_gtbox__detstats,tn3k_604aad6ea1,tn3k,thyroid,,1,1,,,,,,,,1.0,1.0,
yolo26n_seg,tn3k_ed0acccbea,tn3k,thyroid,0.8636617660522461,1,1,0.9268438936638017,0.8636617619668467,8.003112887414925,2.4758578099898836,0.6047720364741642,0.13986313088109495,2.526151657104492,,,
yolo26n_seg__detstats,tn3k_ed0acccbea,tn3k,thyroid,,1,1,,,,,,,,0.0,0.0,
seg_refiner,tn3k_ed0acccbea,tn3k,thyroid,0.8852132558822632,1,1,0.9391120507399577,0.8852132323634915,5.0,1.9801374620011951,0.6162348571933857,0.023096663815226688,2.223534107208252,,,2.8870630264282227
seg_refiner__detstats,tn3k_ed0acccbea,tn3k,thyroid,,1,1,,,,,,,,0.0,0.0,
refiner,tn3k_ed0acccbea,tn3k,thyroid,0.8621209263801575,1,1,0.9259558972284038,0.8621209267281974,7.0,2.484413889662348,0.5824715439795434,0.11420017108639863,3.053927421569824,,,10.42088508605957
refiner__detstats,tn3k_ed0acccbea,tn3k,thyroid,,1,1,,,,,,,,0.0,0.0,
rough_otsu,tn3k_ed0acccbea,tn3k,thyroid,0.6253008842468262,1,1,0.7694586144479184,0.6253008825889276,20.0,9.416406744303941,0.03293413173652695,0.5992301112061591,10.426671981811523,,,10.426671981811523
rough_otsu__detstats,tn3k_ed0acccbea,tn3k,thyroid,,1,1,,,,,,,,0.0,0.0,
refiner_box,tn3k_ed0acccbea,tn3k,thyroid,0.8586853742599487,1,1,0.9239706481858948,0.8586853570752037,7.211102550927978,2.5529386478790164,0.5895922586057102,0.09837467921300257,3.194845676422119,,,10.546205520629883
refiner_box__detstats,tn3k_ed0acccbea,tn3k,thyroid,,1,1,,,,,,,,0.0,0.0,
refiner_gtbox,tn3k_ed0acccbea,tn3k,thyroid,0.730777382850647,1,1,0.8444498837351609,0.7307773776742216,12.320488498517186,4.541335268118661,0.22061497434239769,0.2525662959794696,4.977383613586426,,,8.351505279541016
refiner_gtbox__detstats,tn3k_ed0acccbea,tn3k,thyroid,,1,1,,,,,,,,0.0,0.0,
rough_otsu_gtbox,tn3k_ed0acccbea,tn3k,thyroid,0.5834273099899292,1,1,0.7369170523317907,0.5834272829763247,22.09162149002852,7.085207354329411,0.36279069767441857,0.1978186484174508,8.342610359191895,,,8.342610359191895
rough_otsu_gtbox__detstats,tn3k_ed0acccbea,tn3k,thyroid,,1,1,,,,,,,,0.0,0.0,
yolo26n_seg,tn3k_553977c522,tn3k,thyroid,0.933321475982666,1,1,0.9655108900861077,0.9333214635449123,5.656854249492381,1.8128513869757428,0.7088879572371869,0.04318374259102455,1.9389164447784424,,,
yolo26n_seg__detstats,tn3k_553977c522,tn3k,thyroid,,1,1,,,,,,,,0.0,0.0,
seg_refiner,tn3k_553977c522,tn3k,thyroid,0.8548778295516968,1,1,0.9217618839947667,0.854877851480343,9.0,4.388099375615193,0.2342549083888828,0.15730548499388466,4.63346529006958,,,2.0141382217407227
seg_refiner__detstats,tn3k_553977c522,tn3k,thyroid,,1,1,,,,,,,,0.0,0.0,
refiner,tn3k_553977c522,tn3k,thyroid,0.8371675610542297,1,1,0.9113676566427706,0.837167536132729,9.848857801796104,3.95209725595626,0.3632694438550581,0.02107441904224292,4.877854824066162,,,9.914070129394531
refiner__detstats,tn3k_553977c522,tn3k,thyroid,,1,1,,,,,,,,0.0,0.0,
rough_otsu,tn3k_553977c522,tn3k,thyroid,0.7455249428749084,1,1,0.8542128603104213,0.7455249153362361,24.758836806279895,6.873602731467706,0.21806739151728868,0.0366920688681908,9.90981674194336,,,9.90981674194336
rough_otsu__detstats,tn3k_553977c522,tn3k,thyroid,,1,1,,,,,,,,0.0,0.0,
refiner_box,tn3k_553977c522,tn3k,thyroid,0.9265925288200378,1,1,0.9618977834768273,0.926592553379213,5.0,1.9365186617137127,0.6160266127381774,0.05437952770721611,2.3922667503356934,,,10.830696105957031
refiner_box__detstats,tn3k_553977c522,tn3k,thyroid,,1,1,,,,,,,,0.0,0.0,
refiner_gtbox,tn3k_553977c522,tn3k,thyroid,0.6177536249160767,1,1,0.7637178051511758,0.6177536231884058,41.61039061152345,8.903023963715636,0.28607764808688596,0.31969141029259573,10.032380104064941,,,15.042335510253906
refiner_gtbox__detstats,tn3k_553977c522,tn3k,thyroid,,1,1,,,,,,,,0.0,0.0,
rough_otsu_gtbox,tn3k_553977c522,tn3k,thyroid,0.6806765198707581,1,1,0.8100029889409186,0.6806764902880107,42.45938589893844,9.240401298437206,0.25772939206011497,0.11139335779471257,15.016735076904297,,,15.016735076904297
rough_otsu_gtbox__detstats,tn3k_553977c522,tn3k,thyroid,,1,1,,,,,,,,0.0,0.0,
yolo26n_seg,tn3k_b067593212,tn3k,thyroid,0.0,1,1,0.0,0.0,,,0.0,,,,,
yolo26n_seg__detstats,tn3k_b067593212,tn3k,thyroid,,1,1,,,,,,,,1.0,1.0,
seg_refiner,tn3k_b067593212,tn3k,thyroid,0.0,1,1,0.0,0.0,,,0.0,,,,,
seg_refiner__detstats,tn3k_b067593212,tn3k,thyroid,,1,1,,,,,,,,1.0,1.0,
refiner,tn3k_b067593212,tn3k,thyroid,0.0,1,1,0.0,0.0,,,0.0,,,,,
refiner__detstats,tn3k_b067593212,tn3k,thyroid,,1,1,,,,,,,,1.0,1.0,
rough_otsu,tn3k_b067593212,tn3k,thyroid,0.0,1,1,0.0,0.0,,,0.0,,,,,
rough_otsu__detstats,tn3k_b067593212,tn3k,thyroid,,1,1,,,,,,,,1.0,1.0,
refiner_box,tn3k_b067593212,tn3k,thyroid,0.0,1,1,0.0,0.0,,,0.0,,,,,
refiner_box__detstats,tn3k_b067593212,tn3k,thyroid,,1,1,,,,,,,,1.0,1.0,
refiner_gtbox,tn3k_b067593212,tn3k,thyroid,0.6283118724822998,1,1,0.7717340771734077,0.6283118849356548,8.0,3.645002569746575,0.29979633401221994,0.2568881685575365,3.5525002479553223,,,5.315286159515381
refiner_gtbox__detstats,tn3k_b067593212,tn3k,thyroid,,1,1,,,,,,,,0.0,0.0,
rough_otsu_gtbox,tn3k_b067593212,tn3k,thyroid,0.0,1,1,0.0,0.0,,,0.0,,,,,
rough_otsu_gtbox__detstats,tn3k_b067593212,tn3k,thyroid,,1,1,,,,,,,,1.0,1.0,
yolo26n_seg,tn3k_5c8ad8600c,tn3k,thyroid,0.0,1,1,0.0,0.0,,,0.0,,,,,
yolo26n_seg__detstats,tn3k_5c8ad8600c,tn3k,thyroid,,1,1,,,,,,,,1.0,1.0,
seg_refiner,tn3k_5c8ad8600c,tn3k,thyroid,0.0,1,1,0.0,0.0,,,0.0,,,,,
seg_refiner__detstats,tn3k_5c8ad8600c,tn3k,thyroid,,1,1,,,,,,,,1.0,1.0,
refiner,tn3k_5c8ad8600c,tn3k,thyroid,0.0,1,1,0.0,0.0,,,0.0,,,,,
refiner__detstats,tn3k_5c8ad8600c,tn3k,thyroid,,1,1,,,,,,,,1.0,1.0,
rough_otsu,tn3k_5c8ad8600c,tn3k,thyroid,0.0,1,1,0.0,0.0,,,0.0,,,,,
rough_otsu__detstats,tn3k_5c8ad8600c,tn3k,thyroid,,1,1,,,,,,,,1.0,1.0,
refiner_box,tn3k_5c8ad8600c,tn3k,thyroid,0.0,1,1,0.0,0.0,,,0.0,,,,,
refiner_box__detstats,tn3k_5c8ad8600c,tn3k,thyroid,,1,1,,,,,,,,1.0,1.0,
refiner_gtbox,tn3k_5c8ad8600c,tn3k,thyroid,0.8985018134117126,1,1,0.9465377348004891,0.8985017936273475,5.0,1.7114173803852761,0.7388535031847133,0.026540908093880235,2.041865825653076,,,4.24405574798584
refiner_gtbox__detstats,tn3k_5c8ad8600c,tn3k,thyroid,,1,1,,,,,,,,0.0,0.0,
rough_otsu_gtbox,tn3k_5c8ad8600c,tn3k,thyroid,0.7980325222015381,1,1,0.8876730683340777,0.7980325235896406,9.0,3.854249748215172,0.3435148295706065,0.035534108357095855,4.245234489440918,,,4.245234489440918
rough_otsu_gtbox__detstats,tn3k_5c8ad8600c,tn3k,thyroid,,1,1,,,,,,,,0.0,0.0,
yolo26n_seg,tn3k_e2a0bb299b,tn3k,thyroid,0.85467129945755,1,1,0.9216417910447762,0.8546712802768166,2.8284271247461903,1.0636521498480227,0.8975222696309604,0.05102040816326531,1.3266191482543945,,,
yolo26n_seg__detstats,tn3k_e2a0bb299b,tn3k,thyroid,,1,1,,,,,,,,0.0,0.0,
seg_refiner,tn3k_e2a0bb299b,tn3k,thyroid,0.8327525854110718,1,1,0.908745247148289,0.8327526132404182,2.8284271247461903,1.1919235720521,0.8560849726980327,0.012755102040816327,1.377332091331482,,,1.2203760147094727
seg_refiner__detstats,tn3k_e2a0bb299b,tn3k,thyroid,,1,1,,,,,,,,0.0,0.0,
refiner,tn3k_e2a0bb299b,tn3k,thyroid,0.7058823704719543,1,1,0.8275862068965517,0.7058823529411765,7.235255119351367,2.1753289495742423,0.6774193548387096,0.15051020408163265,2.0658302307128906,,,3.295769214630127
refiner__detstats,tn3k_e2a0bb299b,tn3k,thyroid,,1,1,,,,,,,,0.0,0.0,
rough_otsu,tn3k_e2a0bb299b,tn3k,thyroid,0.6064356565475464,1,1,0.7550077041602465,0.6064356435643564,9.03323108288245,2.7274018665800206,0.5839651250947688,0.34438775510204084,3.2904794216156006,,,3.2904794216156006
rough_otsu__detstats,tn3k_e2a0bb299b,tn3k,thyroid,,1,1,,,,,,,,0.0,0.0,
refiner_box,tn3k_e2a0bb299b,tn3k,thyroid,0.845433235168457,1,1,0.916243654822335,0.8454332552693209,2.23606797749979,1.100885016305168,0.934483496114636,0.01020408163265306,1.2423350811004639,,,3.056459426879883
refiner_box__detstats,tn3k_e2a0bb299b,tn3k,thyroid,,1,1,,,,,,,,0.0,0.0,
refiner_gtbox,tn3k_e2a0bb299b,tn3k,thyroid,0.6834532618522644,1,1,0.811965811965812,0.6834532374100719,8.98885438199983,2.359884970979316,0.7584935475375297,0.20918367346938777,2.1466031074523926,,,3.3979287147521973
refiner_gtbox__detstats,tn3k_e2a0bb299b,tn3k,thyroid,,1,1,,,,,,,,0.0,0.0,
rough_otsu_gtbox,tn3k_e2a0bb299b,tn3k,thyroid,0.5843672752380371,1,1,0.7376664056382146,0.5843672456575683,9.262431792245629,2.9773298180591654,0.5659574468085107,0.3711734693877551,3.4045772552490234,,,3.4045772552490234
rough_otsu_gtbox__detstats,tn3k_e2a0bb299b,tn3k,thyroid,,1,1,,,,,,,,0.0,0.0,
yolo26n_seg,tn3k_e22a0835fe,tn3k,thyroid,0.9687036871910095,1,1,0.9841030810147796,0.9687036771386219,4.0,1.5676256952517515,0.732914369339701,0.0017230082267575897,1.7642794847488403,,,
yolo26n_seg__detstats,tn3k_e22a0835fe,tn3k,thyroid,,1,1,,,,,,,,0.0,0.0,
seg_refiner,tn3k_e22a0835fe,tn3k,thyroid,0.9155253767967224,1,1,0.9559000300510868,0.9155253879548125,17.0,4.775776964551941,0.4463576877088547,0.061882689834251464,5.529527187347412,,,2.159214496612549
seg_refiner__detstats,tn3k_e22a0835fe,tn3k,thyroid,,1,1,,,,,,,,0.0,0.0,
refiner,tn3k_e22a0835fe,tn3k,thyroid,0.0,1,1,0.0,0.0,,,0.0,,,,,
refiner__detstats,tn3k_e22a0835fe,tn3k,thyroid,,1,1,,,,,,,,1.0,1.0,
rough_otsu,tn3k_e22a0835fe,tn3k,thyroid,0.0,1,1,0.0,0.0,,,0.0,,,,,
rough_otsu__detstats,tn3k_e22a0835fe,tn3k,thyroid,,1,1,,,,,,,,1.0,1.0,
refiner_box,tn3k_e22a0835fe,tn3k,thyroid,0.9195172786712646,1,1,0.9580713838447088,0.9195172960888482,11.0,4.384356707210382,0.3577502362029678,0.06222243793530226,4.650174140930176,,,9.129650115966797
refiner_box__detstats,tn3k_e22a0835fe,tn3k,thyroid,,1,1,,,,,,,,0.0,0.0,
refiner_gtbox,tn3k_e22a0835fe,tn3k,thyroid,0.0,1,1,0.0,0.0,,,0.0,,,,,
refiner_gtbox__detstats,tn3k_e22a0835fe,tn3k,thyroid,,1,1,,,,,,,,1.0,1.0,
rough_otsu_gtbox,tn3k_e22a0835fe,tn3k,thyroid,0.0,1,1,0.0,0.0,,,0.0,,,,,
rough_otsu_gtbox__detstats,tn3k_e22a0835fe,tn3k,thyroid,,1,1,,,,,,,,1.0,1.0,
yolo26n_seg,tn3k_dbc5b57a99,tn3k,thyroid,0.8863269090652466,1,1,0.9397383992525693,0.8863269202526068,5.385164807134504,2.152507029473566,0.5744985514324723,0.024271079590228527,2.341860294342041,,,
yolo26n_seg__detstats,tn3k_dbc5b57a99,tn3k,thyroid,,1,1,,,,,,,,0.0,0.0,
seg_refiner,tn3k_dbc5b57a99,tn3k,thyroid,0.8407769799232483,1,1,0.9135022722021104,0.8407769743371615,9.25170995850744,3.2489223199447297,0.4199006311266281,0.04617809298660362,3.453648328781128,,,2.364670753479004
seg_refiner__detstats,tn3k_dbc5b57a99,tn3k,thyroid,,1,1,,,,,,,,0.0,0.0,
refiner,tn3k_dbc5b57a99,tn3k,thyroid,0.5293212532997131,1,1,0.6922302737520128,0.5293212251808527,46.86643290388883,10.299171965615255,0.35663302978094996,0.4340425531914894,5.509544372558594,,,8.359940528869629
refiner__detstats,tn3k_dbc5b57a99,tn3k,thyroid,,1,1,,,,,,,,0.0,0.0,
rough_otsu,tn3k_dbc5b57a99,tn3k,thyroid,0.0,1,1,0.0,0.0,,,0.0,,,,,
rough_otsu__detstats,tn3k_dbc5b57a99,tn3k,thyroid,,1,1,,,,,,,,1.0,1.0,
refiner_box,tn3k_dbc5b57a99,tn3k,thyroid,0.826350748538971,1,1,0.9049201075779149,0.8263507656746605,8.602325267042627,3.4626945562146965,0.4297489910987722,0.007565011820330969,3.644761562347412,,,9.337990760803223
refiner_box__detstats,tn3k_dbc5b57a99,tn3k,thyroid,,1,1,,,,,,,,0.0,0.0,
refiner_gtbox,tn3k_dbc5b57a99,tn3k,thyroid,0.5367771983146667,1,1,0.6985751555287979,0.5367771781033154,45.803929962395145,10.113951189972006,0.3194268953068592,0.4293144208037825,5.278339385986328,,,8.280172348022461
refiner_gtbox__detstats,tn3k_dbc5b57a99,tn3k,thyroid,,1,1,,,,,,,,0.0,0.0,
rough_otsu_gtbox,tn3k_dbc5b57a99,tn3k,thyroid,0.0,1,1,0.0,0.0,,,0.0,,,,,
rough_otsu_gtbox__detstats,tn3k_dbc5b57a99,tn3k,thyroid,,1,1,,,,,,,,1.0,1.0,
yolo26n_seg,tn3k_c0ac76817a,tn3k,thyroid,0.7664859890937805,1,1,0.8678087445666071,0.7664859981933153,8.0,2.796416185886338,0.41921625544267055,0.1910268270120259,2.065539836883545,,,
yolo26n_seg__detstats,tn3k_c0ac76817a,tn3k,thyroid,,1,1,,,,,,,,0.0,0.0,
seg_refiner,tn3k_c0ac76817a,tn3k,thyroid,0.7085038423538208,1,1,0.8293851477242481,0.7085038653933606,8.145036824620094,3.545409816465086,0.3178013186161938,0.2622571692876966,3.505343198776245,,,2.869657516479492
seg_refiner__detstats,tn3k_c0ac76817a,tn3k,thyroid,,1,1,,,,,,,,0.0,0.0,
refiner,tn3k_c0ac76817a,tn3k,thyroid,0.6896709203720093,1,1,0.8163375710035163,0.6896709323583181,9.055385138137417,3.7518507092110474,0.24707543364259785,0.290009250693802,3.8571157455444336,,,3.89638614654541
refiner__detstats,tn3k_c0ac76817a,tn3k,thyroid,,1,1,,,,,,,,0.0,0.0,
rough_otsu,tn3k_c0ac76817a,tn3k,thyroid,0.7368826866149902,1,1,0.8485117725455353,0.7368827160493827,9.0,3.637212480740362,0.4163052905464007,0.08233117483811286,3.885544776916504,,,3.885544776916504
rough_otsu__detstats,tn3k_c0ac76817a,tn3k,thyroid,,1,1,,,,,,,,0.0,0.0,
refiner_box,tn3k_c0ac76817a,tn3k,thyroid,0.6952337026596069,1,1,0.8202216815355502,0.6952337305224565,9.848857801796104,3.727701307389324,0.281893747741236,0.28908418131359853,3.8805670738220215,,,4.186074733734131
refiner_box__detstats,tn3k_c0ac76817a,tn3k,thyroid,,1,1,,,,,,,,0.0,0.0,
refiner_gtbox,tn3k_c0ac76817a,tn3k,thyroid,0.787866473197937,1,1,0.8813482122523343,0.7878664495114006,6.37169667059441,2.422823803175252,0.5455090318821277,0.030989824236817762,2.7711844444274902,,,5.203777313232422
refiner_gtbox__detstats,tn3k_c0ac76817a,tn3k,thyroid,,1,1,,,,,,,,0.0,0.0,
rough_otsu_gtbox,tn3k_c0ac76817a,tn3k,thyroid,0.6797106266021729,1,1,0.8093187157400157,0.6797106215060835,12.041594578792296,4.511484060037063,0.33959425102474966,0.36262719703977797,5.197947978973389,,,5.197947978973389
rough_otsu_gtbox__detstats,tn3k_c0ac76817a,tn3k,thyroid,,1,1,,,,,,,,0.0,0.0,
yolo26n_seg,tn3k_c6079fc26e,tn3k,thyroid,0.6242976188659668,1,1,0.7686985400954819,0.6242975949651607,30.727688452910392,9.62821232385361,0.10128440366972477,0.24790883743484057,7.347254276275635,,,
yolo26n_seg__detstats,tn3k_c6079fc26e,tn3k,thyroid,,1,1,,,,,,,,0.0,0.0,
seg_refiner,tn3k_c6079fc26e,tn3k,thyroid,0.5549970865249634,1,1,0.7138239494850785,0.5549970777323203,34.713109915419565,11.647776619807953,0.06888633754305395,0.38731967511213483,9.268985748291016,,,7.799749851226807
seg_refiner__detstats,tn3k_c6079fc26e,tn3k,thyroid,,1,1,,,,,,,,0.0,0.0,
refiner,tn3k_c6079fc26e,tn3k,thyroid,0.5325272083282471,1,1,0.6949660722739467,0.5325272067714631,37.0,11.753804520335569,0.1390636213957023,0.46357134198084615,8.843477249145508,,,8.703022003173828
refiner__detstats,tn3k_c6079fc26e,tn3k,thyroid,,1,1,,,,,,,,0.0,0.0,
rough_otsu,tn3k_c6079fc26e,tn3k,thyroid,0.5048465132713318,1,1,0.6709608158883521,0.5048465266558966,34.756214207820875,10.562820979483007,0.25441906653426016,0.41908110073948357,8.712759971618652,,,8.712759971618652
rough_otsu__detstats,tn3k_c6079fc26e,tn3k,thyroid,,1,1,,,,,,,,0.0,0.0,
refiner_box,tn3k_c6079fc26e,tn3k,thyroid,0.5053479075431824,1,1,0.6714034807600192,0.5053479149140728,42.076082910497405,13.057410677643205,0.1852363837434338,0.48151291065583707,9.837116241455078,,,6.823129653930664
refiner_box__detstats,tn3k_c6079fc26e,tn3k,thyroid,,1,1,,,,,,,,0.0,0.0,
refiner_gtbox,tn3k_c6079fc26e,tn3k,thyroid,0.7791270613670349,1,1,0.8758532134892207,0.7791270890946255,14.317821063276353,4.895121796291731,0.2893125454398578,0.2062068129470239,5.081480026245117,,,6.2192792892456055
refiner_gtbox__detstats,tn3k_c6079fc26e,tn3k,thyroid,,1,1,,,,,,,,0.0,0.0,
rough_otsu_gtbox,tn3k_c6079fc26e,tn3k,thyroid,0.7309054732322693,1,1,0.8445353968152459,0.7309054682311269,17.796048947955306,5.386494285565132,0.4629865823172287,0.10437628803491332,6.203853607177734,,,6.203853607177734
rough_otsu_gtbox__detstats,tn3k_c6079fc26e,tn3k,thyroid,,1,1,,,,,,,,0.0,0.0,
yolo26n_seg,tn3k_f066f1047a,tn3k,thyroid,0.8587114810943604,1,1,0.9239857800083647,0.8587114954814887,14.560219778561036,3.8064123851407965,0.528966720803785,0.13148383315424442,4.361945152282715,,,
yolo26n_seg__detstats,tn3k_f066f1047a,tn3k,thyroid,,1,1,,,,,,,,0.0,0.0,
seg_refiner,tn3k_f066f1047a,tn3k,thyroid,0.824988842010498,1,1,0.9041028901168762,0.8249888442659526,13.0,4.956232543888202,0.228258320363303,0.002442121715346293,5.271983623504639,,,4.050467014312744
seg_refiner__detstats,tn3k_f066f1047a,tn3k,thyroid,,1,1,,,,,,,,0.0,0.0,
refiner,tn3k_f066f1047a,tn3k,thyroid,0.8271378874778748,1,1,0.9053918726611501,0.827137904468413,11.704699910719626,4.651722228892558,0.3031922742699743,0.14662498778939143,4.664435386657715,,,5.238628387451172
refiner__detstats,tn3k_f066f1047a,tn3k,thyroid,,1,1,,,,,,,,0.0,0.0,
rough_otsu,tn3k_f066f1047a,tn3k,thyroid,0.8467921614646912,1,1,0.9170411170701068,0.8467921834567681,13.015361924162118,4.07935020779611,0.34250043261188623,0.021783725700888934,5.256195068359375,,,5.256195068359375
rough_otsu__detstats,tn3k_f066f1047a,tn3k,thyroid,,1,1,,,,,,,,0.0,0.0,
refiner_box,tn3k_f066f1047a,tn3k,thyroid,0.8654289841651917,1,1,0.9278605682462744,0.8654290111581378,10.0,3.6768773097427476,0.40771152261044097,0.10559734297157371,3.922646999359131,,,6.732586860656738
refiner_box__detstats,tn3k_f066f1047a,tn3k,thyroid,,1,1,,,,,,,,0.0,0.0,
refiner_gtbox,tn3k_f066f1047a,tn3k,thyroid,0.8509382605552673,1,1,0.9194669453880324,0.850938285935384,10.935828839237185,3.914131489805232,0.35794553415298697,0.13080003907394744,3.911698818206787,,,5.214938163757324
refiner_gtbox__detstats,tn3k_f066f1047a,tn3k,thyroid,,1,1,,,,,,,,0.0,0.0,
rough_otsu_gtbox,tn3k_f066f1047a,tn3k,thyroid,0.8578914999961853,1,1,0.9235108833623243,0.8578915189099484,15.0,3.9042237271363573,0.4663936316987505,0.07785484028523981,5.247809410095215,,,5.247809410095215
rough_otsu_gtbox__detstats,tn3k_f066f1047a,tn3k,thyroid,,1,1,,,,,,,,0.0,0.0,
yolo26n_seg,tn3k_fb0bfb7ba1,tn3k,thyroid,0.9080436825752258,1,1,0.9518059748100344,0.9080436941410129,9.0,2.1538854858043037,0.7218910009118329,0.04621938232161874,1.9802536964416504,,,
yolo26n_seg__detstats,tn3k_fb0bfb7ba1,tn3k,thyroid,,1,1,,,,,,,,0.0,0.0,
seg_refiner,tn3k_fb0bfb7ba1,tn3k,thyroid,0.8769568204879761,1,1,0.9344453888652784,0.8769568252069,7.615773105863909,2.883042047985349,0.3976930399238479,0.004685835995740149,3.5517373085021973,,,2.6174159049987793
seg_refiner__detstats,tn3k_fb0bfb7ba1,tn3k,thyroid,,1,1,,,,,,,,0.0,0.0,
refiner,tn3k_fb0bfb7ba1,tn3k,thyroid,0.564092218875885,1,1,0.721303032253911,0.5640922364313765,32.74445605636344,10.406266450359022,0.21506744484090762,0.3457933972310969,10.87002182006836,,,16.7827205657959
refiner__detstats,tn3k_fb0bfb7ba1,tn3k,thyroid,,1,1,,,,,,,,0.0,0.0,
rough_otsu,tn3k_fb0bfb7ba1,tn3k,thyroid,0.0,1,1,0.0,0.0,,,0.0,,,,,
rough_otsu__detstats,tn3k_fb0bfb7ba1,tn3k,thyroid,,1,1,,,,,,,,1.0,1.0,
refiner_box,tn3k_fb0bfb7ba1,tn3k,thyroid,0.8400756120681763,1,1,0.9130881446476269,0.8400756143667297,11.0,4.203102642940052,0.32623391829168,0.07326943556975506,4.647578239440918,,,13.483829498291016
refiner_box__detstats,tn3k_fb0bfb7ba1,tn3k,thyroid,,1,1,,,,,,,,0.0,0.0,
refiner_gtbox,tn3k_fb0bfb7ba1,tn3k,thyroid,0.0,1,1,0.0,0.0,,,0.0,,,,,
refiner_gtbox__detstats,tn3k_fb0bfb7ba1,tn3k,thyroid,,1,1,,,,,,,,1.0,1.0,
rough_otsu_gtbox,tn3k_fb0bfb7ba1,tn3k,thyroid,0.0,1,1,0.0,0.0,,,0.0,,,,,
rough_otsu_gtbox__detstats,tn3k_fb0bfb7ba1,tn3k,thyroid,,1,1,,,,,,,,1.0,1.0,
yolo26n_seg,tn3k_1ebd8193e5,tn3k,thyroid,0.8948218822479248,1,1,0.9444918063843895,0.894821861258189,18.0,4.5713984784298205,0.4897466827503016,0.052453572746279674,4.721055507659912,,,
yolo26n_seg__detstats,tn3k_1ebd8193e5,tn3k,thyroid,,1,1,,,,,,,,0.0,0.0,
seg_refiner,tn3k_1ebd8193e5,tn3k,thyroid,0.8423646688461304,1,1,0.9144385909864086,0.8423646818997779,27.0,7.603041677520385,0.37170263788968827,0.13820563276349773,7.950079917907715,,,5.032773971557617
seg_refiner__detstats,tn3k_1ebd8193e5,tn3k,thyroid,,1,1,,,,,,,,0.0,0.0,
refiner,tn3k_1ebd8193e5,tn3k,thyroid,0.5779046416282654,1,1,0.7324962676568542,0.5779046238410196,64.95998104714097,19.402406218838834,0.15572328887586104,0.39361702127659576,16.39823341369629,,,17.85696029663086
refiner__detstats,tn3k_1ebd8193e5,tn3k,thyroid,,1,1,,,,,,,,0.0,0.0,
rough_otsu,tn3k_1ebd8193e5,tn3k,thyroid,0.0,1,1,0.0,0.0,,,0.0,,,,,
rough_otsu__detstats,tn3k_1ebd8193e5,tn3k,thyroid,,1,1,,,,,,,,1.0,1.0,
refiner_box,tn3k_1ebd8193e5,tn3k,thyroid,0.8183430433273315,1,1,0.9000975478489017,0.8183430685953699,23.63225434205436,8.646357222807023,0.2680912503609587,0.17187307834214735,8.636627197265625,,,9.406601905822754
refiner_box__detstats,tn3k_1ebd8193e5,tn3k,thyroid,,1,1,,,,,,,,0.0,0.0,
refiner_gtbox,tn3k_1ebd8193e5,tn3k,thyroid,0.535351037979126,1,1,0.69736632718014,0.5353510674037198,68.00477915339019,21.462694051181536,0.11644952019084422,0.45431066289509286,18.844072341918945,,,21.832141876220703
refiner_gtbox__detstats,tn3k_1ebd8193e5,tn3k,thyroid,,1,1,,,,,,,,0.0,0.0,
rough_otsu_gtbox,tn3k_1ebd8193e5,tn3k,thyroid,0.0,1,1,0.0,0.0,,,0.0,,,,,
rough_otsu_gtbox__detstats,tn3k_1ebd8193e5,tn3k,thyroid,,1,1,,,,,,,,1.0,1.0,
yolo26n_seg,tn3k_0e4f3eb55d,tn3k,thyroid,0.6714460253715515,1,1,0.8034312830808542,0.6714460036607688,14.142135623730951,4.917422823131496,0.38703307553068955,0.48480725623582765,5.99116849899292,,,
yolo26n_seg__detstats,tn3k_0e4f3eb55d,tn3k,thyroid,,1,1,,,,,,,,0.0,0.0,
seg_refiner,tn3k_0e4f3eb55d,tn3k,thyroid,0.6880530714988708,1,1,0.8152031454783748,0.6880530973451328,12.36931687685298,4.535601496768635,0.3835616438356165,0.4222222222222222,4.724788665771484,,,5.262867450714111
seg_refiner__detstats,tn3k_0e4f3eb55d,tn3k,thyroid,,1,1,,,,,,,,0.0,0.0,
refiner,tn3k_0e4f3eb55d,tn3k,thyroid,0.7236495614051819,1,2,0.8396713166443722,0.7236495388669302,10.770329614269007,3.866409895287247,0.45781548182240966,0.37324263038548755,4.008547306060791,,,4.67517614364624
refiner__detstats,tn3k_0e4f3eb55d,tn3k,thyroid,,1,2,,,,,,,,0.0,1.0,
rough_otsu,tn3k_0e4f3eb55d,tn3k,thyroid,0.7069571614265442,1,2,0.8283244133388226,0.7069571328179901,11.704699910719626,3.5045551539467175,0.4981739863283079,0.20317460317460317,4.653685569763184,,,4.653685569763184
rough_otsu__detstats,tn3k_0e4f3eb55d,tn3k,thyroid,,1,2,,,,,,,,0.0,1.0,
refiner_box,tn3k_0e4f3eb55d,tn3k,thyroid,0.7557093501091003,1,2,0.8608592826172645,0.7557093425605537,6.737383539249422,3.304523552497133,0.3562605467431657,0.30113378684807257,3.5865659713745117,,,9.003662109375
refiner_box__detstats,tn3k_0e4f3eb55d,tn3k,thyroid,,1,2,,,,,,,,0.0,1.0,
refiner_gtbox,tn3k_0e4f3eb55d,tn3k,thyroid,0.7739256024360657,1,1,0.872557003257329,0.7739256049115204,8.246211251235321,2.866003543449711,0.5089161834937419,0.2276643990929705,2.9654440879821777,,,4.347566604614258
refiner_gtbox__detstats,tn3k_0e4f3eb55d,tn3k,thyroid,,1,1,,,,,,,,0.0,0.0,
rough_otsu_gtbox,tn3k_0e4f3eb55d,tn3k,thyroid,0.7084664702415466,1,1,0.8293595137914913,0.7084664536741214,11.180339887498949,3.3701333952797525,0.5495327102803739,0.05986394557823129,4.341413497924805,,,4.341413497924805
rough_otsu_gtbox__detstats,tn3k_0e4f3eb55d,tn3k,thyroid,,1,1,,,,,,,,0.0,0.0,
yolo26n_seg,tn3k_407579313b,tn3k,thyroid,0.8997613191604614,1,1,0.9472361809045227,0.8997613365155132,8.564416277921309,2.792277242206931,0.5246914215711507,0.07594541910331384,2.6897542476654053,,,
yolo26n_seg__detstats,tn3k_407579313b,tn3k,thyroid,,1,1,,,,,,,,0.0,0.0,
seg_refiner,tn3k_407579313b,tn3k,thyroid,0.8290363550186157,1,1,0.9065280090994029,0.8290363325655695,12.083045973594572,5.154609130953139,0.29673858906909245,0.0805458089668616,5.361988067626953,,,2.9426894187927246
seg_refiner__detstats,tn3k_407579313b,tn3k,thyroid,,1,1,,,,,,,,0.0,0.0,
refiner,tn3k_407579313b,tn3k,thyroid,0.8734782338142395,1,1,0.9324669111784405,0.8734782283964448,9.433981132056603,3.6527418839001573,0.43290205491481765,0.044132553606237815,3.911391019821167,,,12.270601272583008
refiner__detstats,tn3k_407579313b,tn3k,thyroid,,1,1,,,,,,,,0.0,0.0,
rough_otsu,tn3k_407579313b,tn3k,thyroid,0.702768087387085,1,1,0.8254419296216752,0.7027680882187465,26.0,11.03087694498515,0.15857817418677858,0.3598440545808967,12.288379669189453,,,12.288379669189453
rough_otsu__detstats,tn3k_407579313b,tn3k,thyroid,,1,1,,,,,,,,0.0,0.0,
refiner_box,tn3k_407579313b,tn3k,thyroid,0.854343831539154,1,1,0.921451355661882,0.8543438077634011,12.206555615733702,4.266241122992368,0.3752096898669538,0.044444444444444446,4.660330295562744,,,12.220553398132324
refiner_box__detstats,tn3k_407579313b,tn3k,thyroid,,1,1,,,,,,,,0.0,0.0,
refiner_gtbox,tn3k_407579313b,tn3k,thyroid,0.8339616656303406,1,1,0.9094646821807417,0.8339616950686171,10.63014581273465,4.8440998375899635,0.21274866727343647,0.10354775828460039,5.190146446228027,,,11.951592445373535
refiner_gtbox__detstats,tn3k_407579313b,tn3k,thyroid,,1,1,,,,,,,,0.0,0.0,
rough_otsu_gtbox,tn3k_407579313b,tn3k,thyroid,0.7176029682159424,1,1,0.8355865394012444,0.7176029543419875,23.839002713603733,10.539670648403485,0.21980127640504998,0.39352826510721245,11.918312072753906,,,11.918312072753906
rough_otsu_gtbox__detstats,tn3k_407579313b,tn3k,thyroid,,1,1,,,,,,,,0.0,0.0,
yolo26n_seg,tn3k_4be0dbda19,tn3k,thyroid,0.6206185817718506,1,1,0.7659033078880407,0.6206185567010309,21.0,4.680452714230756,0.5054649870322342,0.4593241551939925,6.865387916564941,,,
yolo26n_seg__detstats,tn3k_4be0dbda19,tn3k,thyroid,,1,1,,,,,,,,0.0,0.0,
seg_refiner,tn3k_4be0dbda19,tn3k,thyroid,0.5952768921852112,1,1,0.7462991322103114,0.5952768729641694,19.0,5.324494238820927,0.4165360713320724,0.4518147684605757,6.5651373863220215,,,6.604991436004639
seg_refiner__detstats,tn3k_4be0dbda19,tn3k,thyroid,,1,1,,,,,,,,0.0,0.0,
refiner,tn3k_4be0dbda19,tn3k,thyroid,0.0,1,1,0.0,0.0,,,0.0,,,,,
refiner__detstats,tn3k_4be0dbda19,tn3k,thyroid,,1,1,,,,,,,,1.0,1.0,
rough_otsu,tn3k_4be0dbda19,tn3k,thyroid,0.0,1,1,0.0,0.0,,,0.0,,,,,
rough_otsu__detstats,tn3k_4be0dbda19,tn3k,thyroid,,1,1,,,,,,,,1.0,1.0,
refiner_box,tn3k_4be0dbda19,tn3k,thyroid,0.5023728609085083,1,1,0.6687725631768953,0.5023728813559322,19.72308292331602,7.937382224589419,0.1408,0.7734668335419274,9.247815132141113,,,14.374896049499512
refiner_box__detstats,tn3k_4be0dbda19,tn3k,thyroid,,1,1,,,,,,,,0.0,0.0,
refiner_gtbox,tn3k_4be0dbda19,tn3k,thyroid,0.8445820212364197,1,1,0.9157435381000336,0.8445820433436533,4.061552812808831,1.5252762453450552,0.741391481684838,0.1357947434292866,1.7043640613555908,,,3.5623629093170166
refiner_gtbox__detstats,tn3k_4be0dbda19,tn3k,thyroid,,1,1,,,,,,,,0.0,0.0,
rough_otsu_gtbox,tn3k_4be0dbda19,tn3k,thyroid,0.725511908531189,1,1,0.8409236690186017,0.7255118981737687,7.810249675906654,3.096662333749332,0.4472422789879255,0.04881101376720901,3.5671074390411377,,,3.5671074390411377
rough_otsu_gtbox__detstats,tn3k_4be0dbda19,tn3k,thyroid,,1,1,,,,,,,,0.0,0.0,
yolo26n_seg,tn3k_750d2c44a9,tn3k,thyroid,0.8599338531494141,1,1,0.9246929361418329,0.8599338432912963,18.82812824608457,4.805967809096376,0.42516817743432894,0.10838996953363018,4.080764293670654,,,
yolo26n_seg__detstats,tn3k_750d2c44a9,tn3k,thyroid,,1,1,,,,,,,,0.0,0.0,
seg_refiner,tn3k_750d2c44a9,tn3k,thyroid,0.8229129910469055,1,1,0.90285494251609,0.8229130107796441,12.918376618407368,6.458378821688486,0.09013209013209013,0.130185141785798,6.99562406539917,,,6.319492816925049
seg_refiner__detstats,tn3k_750d2c44a9,tn3k,thyroid,,1,1,,,,,,,,0.0,0.0,
refiner,tn3k_750d2c44a9,tn3k,thyroid,0.6720668077468872,1,1,0.8038755531715167,0.6720668198890072,26.92582403567252,11.640625030630261,0.09995240361732509,0.25240215608155614,11.861936569213867,,,15.434804916381836
refiner__detstats,tn3k_750d2c44a9,tn3k,thyroid,,1,1,,,,,,,,0.0,0.0,
rough_otsu,tn3k_750d2c44a9,tn3k,thyroid,0.664000391960144,1,1,0.7980772232106627,0.6640004155196593,39.20459156782532,12.722537175560646,0.10895689793302354,0.1229786735411296,15.449969291687012,,,15.449969291687012
rough_otsu__detstats,tn3k_750d2c44a9,tn3k,thyroid,,1,1,,,,,,,,0.0,0.0,
refiner_box,tn3k_750d2c44a9,tn3k,thyroid,0.7545177340507507,1,1,0.8600856238754111,0.7545177443936425,23.017358552246083,9.065712887612143,0.11924245966799159,0.11143660651511601,9.325088500976562,,,15.18281078338623
refiner_box__detstats,tn3k_750d2c44a9,tn3k,thyroid,,1,1,,,,,,,,0.0,0.0,
refiner_gtbox,tn3k_750d2c44a9,tn3k,thyroid,0.7556437253952026,1,1,0.8608167032687227,0.7556437192668752,24.24335774153859,9.016864729434777,0.14717771571365573,0.15918678228263416,9.882566452026367,,,15.834842681884766
refiner_gtbox__detstats,tn3k_750d2c44a9,tn3k,thyroid,,1,1,,,,,,,,0.0,0.0,
rough_otsu_gtbox,tn3k_750d2c44a9,tn3k,thyroid,0.6822357773780823,1,1,0.8111060259344012,0.6822357953087307,41.01584912829254,12.521736836063635,0.20166793025018953,0.07973986407311928,15.860143661499023,,,15.860143661499023
rough_otsu_gtbox__detstats,tn3k_750d2c44a9,tn3k,thyroid,,1,1,,,,,,,,0.0,0.0,
yolo26n_seg,tn3k_c7f6f5dc5a,tn3k,thyroid,0.8242517709732056,1,1,0.9036601002447838,0.8242517675827973,18.37661134280091,5.569221290831685,0.24492485913989473,0.03672979003375479,6.417525291442871,,,
yolo26n_seg__detstats,tn3k_c7f6f5dc5a,tn3k,thyroid,,1,1,,,,,,,,0.0,0.0,
seg_refiner,tn3k_c7f6f5dc5a,tn3k,thyroid,0.8101313710212708,1,1,0.8951078316686163,0.8101313932023021,20.712090087386557,6.590298022474909,0.3635017887248653,0.09262543623777104,6.422835350036621,,,6.376702785491943
seg_refiner__detstats,tn3k_c7f6f5dc5a,tn3k,thyroid,,1,1,,,,,,,,0.0,0.0,
refiner,tn3k_c7f6f5dc5a,tn3k,thyroid,0.0,1,1,0.0,0.0,,,0.0,,,,,
refiner__detstats,tn3k_c7f6f5dc5a,tn3k,thyroid,,1,1,,,,,,,,1.0,1.0,
rough_otsu,tn3k_c7f6f5dc5a,tn3k,thyroid,0.0,1,1,0.0,0.0,,,0.0,,,,,
rough_otsu__detstats,tn3k_c7f6f5dc5a,tn3k,thyroid,,1,1,,,,,,,,1.0,1.0,
refiner_box,tn3k_c7f6f5dc5a,tn3k,thyroid,0.8493695855140686,1,1,0.9185504126300682,0.8493696084936961,15.0,4.859812279917001,0.4134980581109235,0.08661822758739059,5.027024269104004,,,15.685750961303711
refiner_box__detstats,tn3k_c7f6f5dc5a,tn3k,thyroid,,1,1,,,,,,,,0.0,0.0,
refiner_gtbox,tn3k_c7f6f5dc5a,tn3k,thyroid,0.0,1,1,0.0,0.0,,,0.0,,,,,
refiner_gtbox__detstats,tn3k_c7f6f5dc5a,tn3k,thyroid,,1,1,,,,,,,,1.0,1.0,
rough_otsu_gtbox,tn3k_c7f6f5dc5a,tn3k,thyroid,0.0,1,1,0.0,0.0,,,0.0,,,,,
rough_otsu_gtbox__detstats,tn3k_c7f6f5dc5a,tn3k,thyroid,,1,1,,,,,,,,1.0,1.0,
yolo26n_seg,tn3k_ae0436d357,tn3k,thyroid,0.9014236330986023,1,1,0.9481565513329552,0.9014236410698878,5.0,1.6229103581303983,0.7810015487867837,0.07069380608448238,1.9501652717590332,,,
yolo26n_seg__detstats,tn3k_ae0436d357,tn3k,thyroid,,1,1,,,,,,,,0.0,0.0,
seg_refiner,tn3k_ae0436d357,tn3k,thyroid,0.893830418586731,1,1,0.9439392195234259,0.8938303902332679,5.0,1.7048705282252703,0.712376644736842,0.09870868899102649,1.8793302774429321,,,1.7476284503936768
seg_refiner__detstats,tn3k_ae0436d357,tn3k,thyroid,,1,1,,,,,,,,0.0,0.0,
refiner,tn3k_ae0436d357,tn3k,thyroid,0.5962083339691162,1,1,0.7470307167235495,0.59620832425365,13.892443989449804,4.37601241295134,0.2608082706766917,0.3968045524184723,4.785724639892578,,,9.37382698059082
refiner__detstats,tn3k_ae0436d357,tn3k,thyroid,,1,1,,,,,,,,0.0,0.0,
rough_otsu,tn3k_ae0436d357,tn3k,thyroid,0.608229398727417,1,1,0.756396298312466,0.6082293718537973,21.512759758556356,6.905946351826072,0.21279693607862374,0.39177062814620267,9.36805534362793,,,9.36805534362793
rough_otsu__detstats,tn3k_ae0436d357,tn3k,thyroid,,1,1,,,,,,,,0.0,0.0,
refiner_box,tn3k_ae0436d357,tn3k,thyroid,0.9129406809806824,1,1,0.95448926845713,0.9129406706792778,4.0,1.3896975647058092,0.7275541162433953,0.05230903917706282,1.5672152042388916,,,6.807956218719482
refiner_box__detstats,tn3k_ae0436d357,tn3k,thyroid,,1,1,,,,,,,,0.0,0.0,
refiner_gtbox,tn3k_ae0436d357,tn3k,thyroid,0.6423483490943909,1,1,0.7822315678801419,0.6423483703863587,14.85088189425573,4.785437948812009,0.3319654733267299,0.3346465309695776,5.230617523193359,,,9.25680160522461
refiner_gtbox__detstats,tn3k_ae0436d357,tn3k,thyroid,,1,1,,,,,,,,0.0,0.0,
rough_otsu_gtbox,tn3k_ae0436d357,tn3k,thyroid,0.611731231212616,1,1,0.7590983161325366,0.6117312322171153,21.48834772232242,6.816153718506552,0.221306508302024,0.38826876778288466,9.228082656860352,,,9.228082656860352
rough_otsu_gtbox__detstats,tn3k_ae0436d357,tn3k,thyroid,,1,1,,,,,,,,0.0,0.0,
yolo26n_seg,tn3k_5ce4ec7510,tn3k,thyroid,0.8352941274642944,1,1,0.9102564102564102,0.8352941176470589,2.23606797749979,0.7627837010424237,0.9277310924369748,0.04590163934426229,0.9105088114738464,,,
yolo26n_seg__detstats,tn3k_5ce4ec7510,tn3k,thyroid,,1,1,,,,,,,,0.0,0.0,
seg_refiner,tn3k_5ce4ec7510,tn3k,thyroid,0.8440366983413696,1,1,0.9154228855721394,0.8440366972477065,2.0,0.6559262723765342,0.9806451612903225,0.022950819672131147,0.7990292906761169,,,0.799717903137207
seg_refiner__detstats,tn3k_5ce4ec7510,tn3k,thyroid,,1,1,,,,,,,,0.0,0.0,
refiner,tn3k_5ce4ec7510,tn3k,thyroid,0.8292682766914368,1,1,0.9066666666666666,0.8292682926829268,2.23606797749979,0.7265425523060857,0.9240506329113924,0.03278688524590164,0.9054393172264099,,,2.367382049560547
refiner__detstats,tn3k_5ce4ec7510,tn3k,thyroid,,1,1,,,,,,,,0.0,0.0,
rough_otsu,tn3k_5ce4ec7510,tn3k,thyroid,0.5407165884971619,1,1,0.7019027484143763,0.5407166123778502,5.0,2.0730931596054134,0.5417246175243393,0.4491803278688525,2.3622043132781982,,,2.3622043132781982
rough_otsu__detstats,tn3k_5ce4ec7510,tn3k,thyroid,,1,1,,,,,,,,0.0,0.0,
refiner_box,tn3k_5ce4ec7510,tn3k,thyroid,0.862500011920929,1,1,0.9261744966442953,0.8625,2.0,0.5837598008796037,0.9935483870967742,0.04590163934426229,0.7163970470428467,,,1.658937931060791
refiner_box__detstats,tn3k_5ce4ec7510,tn3k,thyroid,,1,1,,,,,,,,0.0,0.0,
refiner_gtbox,tn3k_5ce4ec7510,tn3k,thyroid,0.8554216623306274,1,1,0.922077922077922,0.8554216867469879,2.23606797749979,0.6574817446185695,0.9366980325064157,0.019672131147540985,0.7783185243606567,,,2.0240349769592285
refiner_gtbox__detstats,tn3k_5ce4ec7510,tn3k,thyroid,,1,1,,,,,,,,0.0,0.0,
rough_otsu_gtbox,tn3k_5ce4ec7510,tn3k,thyroid,0.5844155550003052,1,1,0.7377049180327869,0.5844155844155844,4.47213595499958,1.8763328722696697,0.5717284814555633,0.4,2.025118350982666,,,2.025118350982666
rough_otsu_gtbox__detstats,tn3k_5ce4ec7510,tn3k,thyroid,,1,1,,,,,,,,0.0,0.0,
yolo26n_seg,tn3k_a4330f21f2,tn3k,thyroid,0.7475553154945374,1,1,0.8555440908008572,0.7475553089673348,25.0,11.497446910632398,0.07469967236985801,0.037519204334114986,10.552606582641602,,,
yolo26n_seg__detstats,tn3k_a4330f21f2,tn3k,thyroid,,1,1,,,,,,,,0.0,0.0,
seg_refiner,tn3k_a4330f21f2,tn3k,thyroid,0.7152196168899536,1,1,0.8339685613630277,0.7152196190678116,34.0,13.035092741559206,0.11614041491756404,0.03755963451119916,12.828519821166992,,,11.804685592651367
seg_refiner__detstats,tn3k_a4330f21f2,tn3k,thyroid,,1,1,,,,,,,,0.0,0.0,
refiner,tn3k_a4330f21f2,tn3k,thyroid,0.0,1,1,0.0,0.0,,,0.0,,,,,
refiner__detstats,tn3k_a4330f21f2,tn3k,thyroid,,1,1,,,,,,,,1.0,1.0,
rough_otsu,tn3k_a4330f21f2,tn3k,thyroid,0.0,1,1,0.0,0.0,,,0.0,,,,,
rough_otsu__detstats,tn3k_a4330f21f2,tn3k,thyroid,,1,1,,,,,,,,1.0,1.0,
refiner_box,tn3k_a4330f21f2,tn3k,thyroid,0.8009796738624573,1,1,0.8894932935916543,0.8009796685231162,20.819446192355247,8.97802180339854,0.12331748206657533,0.17029190587854776,9.480113983154297,,,22.497180938720703
refiner_box__detstats,tn3k_a4330f21f2,tn3k,thyroid,,1,1,,,,,,,,0.0,0.0,
refiner_gtbox,tn3k_a4330f21f2,tn3k,thyroid,0.8527718186378479,1,1,0.9205362492510485,0.8527718032331922,12.0,6.46913134918459,0.18376678777188762,0.15929489771165198,7.078195571899414,,,9.869102478027344
refiner_gtbox__detstats,tn3k_a4330f21f2,tn3k,thyroid,,1,1,,,,,,,,0.0,0.0,
rough_otsu_gtbox,tn3k_a4330f21f2,tn3k,thyroid,0.8166540265083313,1,1,0.8990748986750513,0.8166540099712748,27.0,8.6724715387824,0.2807267715568413,0.22450877334842725,9.879314422607422,,,9.879314422607422
rough_otsu_gtbox__detstats,tn3k_a4330f21f2,tn3k,thyroid,,1,1,,,,,,,,0.0,0.0,
yolo26n_seg,tn3k_35d695e619,tn3k,thyroid,0.8464912176132202,2,2,0.9168646080760094,0.8464912280701754,1.0,0.5252437694955914,1.0,0.05365853658536585,0.541999101638794,,,
yolo26n_seg,tn3k_35d695e619,tn3k,thyroid,0.6400953531265259,2,2,0.7805587206789517,0.6400953731150921,50.11475855907941,12.131052266914377,0.35057357202397493,0.5357178439772841,14.355752944946289,,,
yolo26n_seg__detstats,tn3k_35d695e619,tn3k,thyroid,,2,2,,,,,,,,0.0,0.0,
seg_refiner,tn3k_35d695e619,tn3k,thyroid,0.8387096524238586,2,2,0.9122807017543859,0.8387096774193549,1.4142135623730951,0.5330909078498087,1.0,0.05365853658536585,0.6353228092193604,,,0.5164573788642883
seg_refiner,tn3k_35d695e619,tn3k,thyroid,0.6666890382766724,2,2,0.8000161212316621,0.6666890575670048,48.81902563370776,11.193781831371947,0.41014714694720017,0.472053402411079,11.157182693481445,,,13.837087631225586
seg_refiner__detstats,tn3k_35d695e619,tn3k,thyroid,,2,2,,,,,,,,0.0,0.0,
refiner,tn3k_35d695e619,tn3k,thyroid,0.7357469797134399,2,1,0.8477583313354111,0.7357469829379941,34.675628956909335,7.722350403496152,0.16089654653201263,0.07781209524758394,10.608529090881348,,,13.243651390075684
refiner__detstats,tn3k_35d695e619,tn3k,thyroid,,2,1,,,,,,,,1.0,0.0,
rough_otsu,tn3k_35d695e619,tn3k,thyroid,0.7674219012260437,2,1,0.8684082742546373,0.7674219018194302,48.93516178697981,7.557706454912378,0.5346255790455084,0.051808309255753714,13.24998664855957,,,13.24998664855957
rough_otsu__detstats,tn3k_35d695e619,tn3k,thyroid,,2,1,,,,,,,,1.0,0.0,
refiner_box,tn3k_35d695e619,tn3k,thyroid,0.6322342157363892,2,1,0.774685666387259,0.6322342317690518,49.27167796653917,12.312430520032887,0.3014218009478673,0.3772043439274684,13.384306907653809,,,21.604595184326172
refiner_box__detstats,tn3k_35d695e619,tn3k,thyroid,,2,1,,,,,,,,1.0,0.0,
refiner_gtbox,tn3k_35d695e619,tn3k,thyroid,0.8240740895271301,2,2,0.9035532994923858,0.8240740740740741,1.4142135623730951,0.5837239677827972,1.0,0.07804878048780488,0.7233806848526001,,,0.9053775668144226
refiner_gtbox,tn3k_35d695e619,tn3k,thyroid,0.7976433634757996,2,2,0.8874322580645161,0.7976433475598441,14.866068747318506,5.417284616583795,0.34405742856344795,0.0696423234034074,6.243650436401367,,,9.2066650390625
refiner_gtbox__detstats,tn3k_35d695e619,tn3k,thyroid,,2,2,,,,,,,,0.0,0.0,
rough_otsu_gtbox,tn3k_35d695e619,tn3k,thyroid,0.7807954549789429,2,2,0.8769063743990074,0.7807954336218008,27.962994248569434,6.099922787531444,0.46752300380653466,0.07283052704991531,9.204713821411133,,,9.204713821411133
rough_otsu_gtbox,tn3k_35d695e619,tn3k,thyroid,0.764976978302002,2,2,0.8668407310704961,0.7649769585253456,2.0,0.8247788195935053,0.96875,0.13170731707317074,0.9061479568481445,,,0.9061479568481445
rough_otsu_gtbox__detstats,tn3k_35d695e619,tn3k,thyroid,,2,2,,,,,,,,0.0,0.0,
yolo26n_seg,tn3k_717884e964,tn3k,thyroid,0.9304710626602173,1,1,0.963983436016564,0.9304710653564187,7.515074140888907,2.878296032095214,0.5108311993909614,0.07047260560434965,3.1016790866851807,,,
yolo26n_seg__detstats,tn3k_717884e964,tn3k,thyroid,,1,1,,,,,,,,0.0,0.0,
seg_refiner,tn3k_717884e964,tn3k,thyroid,0.8662232160568237,1,1,0.9283168316831684,0.8662232076866223,17.0,5.814430440876952,0.2421721314662043,0.11208699289000418,6.967742443084717,,,3.423948287963867
seg_refiner__detstats,tn3k_717884e964,tn3k,thyroid,,1,1,,,,,,,,0.0,0.0,
refiner,tn3k_717884e964,tn3k,thyroid,0.8915325403213501,1,1,0.942656322793656,0.8915325670498084,15.556349186104045,4.67277520116793,0.32733358716523636,0.06478460895023003,5.6513495445251465,,,12.053155899047852
refiner__detstats,tn3k_717884e964,tn3k,thyroid,,1,1,,,,,,,,0.0,0.0,
rough_otsu,tn3k_717884e964,tn3k,thyroid,0.790337085723877,1,1,0.8828919389135897,0.7903370942064096,30.0,8.531254769145038,0.2364727542261435,0.16352990380593893,12.015642166137695,,,12.015642166137695
rough_otsu__detstats,tn3k_717884e964,tn3k,thyroid,,1,1,,,,,,,,0.0,0.0,
refiner_box,tn3k_717884e964,tn3k,thyroid,0.8763390183448792,1,1,0.9340945512820513,0.8763390340161624,19.08922719836137,5.336280126169896,0.3568631027748568,0.08782936010037641,6.4169921875,,,18.95410919189453
refiner_box__detstats,tn3k_717884e964,tn3k,thyroid,,1,1,,,,,,,,0.0,0.0,
refiner_gtbox,tn3k_717884e964,tn3k,thyroid,0.8912535309791565,1,1,0.9425003143204392,0.8912535172195142,12.206555615733702,4.534939939355993,0.2658152742067641,0.004098703471350899,5.694587230682373,,,9.535858154296875
refiner_gtbox__detstats,tn3k_717884e964,tn3k,thyroid,,1,1,,,,,,,,0.0,0.0,
rough_otsu_gtbox,tn3k_717884e964,tn3k,thyroid,0.8556537628173828,1,1,0.9222127243863719,0.8556537502832541,24.08318915758459,6.445697829139995,0.2894816645139552,0.05495608531994981,9.535172462463379,,,9.535172462463379
rough_otsu_gtbox__detstats,tn3k_717884e964,tn3k,thyroid,,1,1,,,,,,,,0.0,0.0,
yolo26n_seg,tn3k_c7ee403f83,tn3k,thyroid,0.6274055242538452,1,1,0.7710500165617754,0.6274055306991537,39.37157510660759,15.072883407684598,0.24978208102562724,0.06709776554196811,14.896793365478516,,,
yolo26n_seg__detstats,tn3k_c7ee403f83,tn3k,thyroid,,1,1,,,,,,,,0.0,0.0,
seg_refiner,tn3k_c7ee403f83,tn3k,thyroid,0.5338227152824402,1,1,0.6960683257252246,0.5338226990400904,42.784868633408664,18.878996284529478,0.033502841758899185,0.26083616108585694,16.684906005859375,,,13.520498275756836
seg_refiner__detstats,tn3k_c7ee403f83,tn3k,thyroid,,1,1,,,,,,,,0.0,0.0,
refiner,tn3k_c7ee403f83,tn3k,thyroid,0.0,1,1,0.0,0.0,,,0.0,,,,,
refiner__detstats,tn3k_c7ee403f83,tn3k,thyroid,,1,1,,,,,,,,1.0,1.0,
rough_otsu,tn3k_c7ee403f83,tn3k,thyroid,0.0,1,1,0.0,0.0,,,0.0,,,,,
rough_otsu__detstats,tn3k_c7ee403f83,tn3k,thyroid,,1,1,,,,,,,,1.0,1.0,
refiner_box,tn3k_c7ee403f83,tn3k,thyroid,0.787538468837738,1,1,0.881142966482763,0.7875384790787824,17.921797525905927,7.9019758939527645,0.2018932654700508,0.007618925667456303,7.549743175506592,,,15.589757919311523
refiner_box__detstats,tn3k_c7ee403f83,tn3k,thyroid,,1,1,,,,,,,,0.0,0.0,
refiner_gtbox,tn3k_c7ee403f83,tn3k,thyroid,0.5350679159164429,1,1,0.697126068778485,0.53506793871061,48.0,16.520957057008456,0.10926893328569635,0.30021128113195467,16.779088973999023,,,21.062057495117188
refiner_gtbox__detstats,tn3k_c7ee403f83,tn3k,thyroid,,1,1,,,,,,,,0.0,0.0,
rough_otsu_gtbox,tn3k_c7ee403f83,tn3k,thyroid,0.0,1,1,0.0,0.0,,,0.0,,,,,
rough_otsu_gtbox__detstats,tn3k_c7ee403f83,tn3k,thyroid,,1,1,,,,,,,,1.0,1.0,
yolo26n_seg,tn3k_739bc9d6f5,tn3k,thyroid,0.8209804892539978,1,1,0.9016905927357987,0.8209804876221865,35.739264613965595,7.338425467583595,0.41806601296706825,0.20397987398576672,2.589855194091797,,,
yolo26n_seg__detstats,tn3k_739bc9d6f5,tn3k,thyroid,,1,1,,,,,,,,0.0,0.0,
seg_refiner,tn3k_739bc9d6f5,tn3k,thyroid,0.7951172590255737,1,1,0.8858666666666667,0.7951172809956917,22.977097897638746,8.128772750232905,0.2286459241413197,0.039798739857667374,7.930346488952637,,,7.526782989501953
seg_refiner__detstats,tn3k_739bc9d6f5,tn3k,thyroid,,1,1,,,,,,,,0.0,0.0,
refiner,tn3k_739bc9d6f5,tn3k,thyroid,0.618901789188385,1,1,0.7645946017958488,0.6189017814778071,54.986319512031145,16.597587065392037,0.11511233955415719,0.29876252209781967,12.490031242370605,,,19.945621490478516
refiner__detstats,tn3k_739bc9d6f5,tn3k,thyroid,,1,1,,,,,,,,0.0,0.0,
rough_otsu,tn3k_739bc9d6f5,tn3k,thyroid,0.0,1,1,0.0,0.0,,,0.0,,,,,
rough_otsu__detstats,tn3k_739bc9d6f5,tn3k,thyroid,,1,1,,,,,,,,1.0,1.0,
refiner_box,tn3k_739bc9d6f5,tn3k,thyroid,0.763787031173706,1,1,0.866076245279626,0.7637870197835309,23.417921932540587,9.543962347942381,0.13813142601698702,0.016590363084175695,9.55060863494873,,,17.610675811767578
refiner_box__detstats,tn3k_739bc9d6f5,tn3k,thyroid,,1,1,,,,,,,,0.0,0.0,
refiner_gtbox,tn3k_739bc9d6f5,tn3k,thyroid,0.6329440474510193,1,1,0.7752183038374835,0.632944063637133,54.87709971945153,16.638744532398558,0.09069427253291322,0.25062327183717875,14.934612274169922,,,19.01190185546875
refiner_gtbox__detstats,tn3k_739bc9d6f5,tn3k,thyroid,,1,1,,,,,,,,0.0,0.0,
rough_otsu_gtbox,tn3k_739bc9d6f5,tn3k,thyroid,0.0,1,1,0.0,0.0,,,0.0,,,,,
rough_otsu_gtbox__detstats,tn3k_739bc9d6f5,tn3k,thyroid,,1,1,,,,,,,,1.0,1.0,
yolo26n_seg,tn3k_af3ff464c9,tn3k,thyroid,0.847908616065979,1,1,0.9176954091878512,0.847908635866751,22.47220505424423,7.577533871997195,0.22214405429452294,0.17457684495599188,8.868622779846191,,,
yolo26n_seg__detstats,tn3k_af3ff464c9,tn3k,thyroid,,1,1,,,,,,,,0.0,0.0,
seg_refiner,tn3k_af3ff464c9,tn3k,thyroid,0.9155771732330322,1,1,0.9559282630355364,0.9155771861182683,8.282071769685777,3.7900935411473453,0.35470833081981057,0.03859174001354096,4.583914756774902,,,8.275532722473145
seg_refiner__detstats,tn3k_af3ff464c9,tn3k,thyroid,,1,1,,,,,,,,0.0,0.0,
refiner,tn3k_af3ff464c9,tn3k,thyroid,0.9065864086151123,1,1,0.9510048002603531,0.9065864176465114,14.7648230602334,4.349873351938439,0.42799446251193346,0.08039945836154366,5.412161827087402,,,11.865291595458984
refiner__detstats,tn3k_af3ff464c9,tn3k,thyroid,,1,1,,,,,,,,0.0,0.0,
rough_otsu,tn3k_af3ff464c9,tn3k,thyroid,0.8104579448699951,1,1,0.8953071048289705,0.8104579188864596,31.29531234720802,9.138760793707068,0.36125373364537267,0.00978334461746784,11.864849090576172,,,11.864849090576172
rough_otsu__detstats,tn3k_af3ff464c9,tn3k,thyroid,,1,1,,,,,,,,0.0,0.0,
refiner_box,tn3k_af3ff464c9,tn3k,thyroid,0.8998501300811768,1,1,0.9472853906184442,0.8998501418869368,12.206555615733702,4.514296150826622,0.31731501208914853,0.017095463777928234,4.681147575378418,,,17.349403381347656
refiner_box__detstats,tn3k_af3ff464c9,tn3k,thyroid,,1,1,,,,,,,,0.0,0.0,
refiner_gtbox,tn3k_af3ff464c9,tn3k,thyroid,0.905936598777771,1,1,0.9506471533711192,0.905936603140821,11.313708498984761,4.2331115811329845,0.3636452059697776,0.0008463100880162492,4.560258388519287,,,11.628582000732422
refiner_gtbox__detstats,tn3k_af3ff464c9,tn3k,thyroid,,1,1,,,,,,,,0.0,0.0,
rough_otsu_gtbox,tn3k_af3ff464c9,tn3k,thyroid,0.8168929219245911,1,1,0.8992196637745928,0.8168929205785334,31.441662356712467,9.161973206437146,0.3365934706198641,0.06083276912660799,11.67105484008789,,,11.67105484008789
rough_otsu_gtbox__detstats,tn3k_af3ff464c9,tn3k,thyroid,,1,1,,,,,,,,0.0,0.0,
yolo26n_seg,tn3k_ae92ade071,tn3k,thyroid,0.7010744214057922,1,1,0.8242725016918565,0.7010744435917114,17.804493814764857,4.199711302457487,0.4815888537925663,0.15828832571665974,3.501455783843994,,,
yolo26n_seg__detstats,tn3k_ae92ade071,tn3k,thyroid,,1,1,,,,,,,,0.0,0.0,
seg_refiner,tn3k_ae92ade071,tn3k,thyroid,0.6908231377601624,1,1,0.8171441882133706,0.6908231587239071,17.4928556845359,4.24282478617177,0.4087199090815167,0.21645201495637723,2.980663537979126,,,3.1093029975891113
seg_refiner__detstats,tn3k_ae92ade071,tn3k,thyroid,,1,1,,,,,,,,0.0,0.0,
refiner,tn3k_ae92ade071,tn3k,thyroid,0.0,1,1,0.0,0.0,,,0.0,,,,,
refiner__detstats,tn3k_ae92ade071,tn3k,thyroid,,1,1,,,,,,,,1.0,1.0,
rough_otsu,tn3k_ae92ade071,tn3k,thyroid,0.5247883796691895,1,1,0.6883425852498017,0.524788391777509,16.0,5.615058036014135,0.30417414886209554,0.42833402575820523,7.236852169036865,,,7.236852169036865
rough_otsu__detstats,tn3k_ae92ade071,tn3k,thyroid,,1,1,,,,,,,,0.0,0.0,
refiner_box,tn3k_ae92ade071,tn3k,thyroid,0.7193877696990967,1,1,0.8367952522255193,0.7193877551020408,14.131488946119674,3.6261079448990987,0.45493907066017947,0.17989198171998338,2.9410104751586914,,,4.953314304351807
refiner_box__detstats,tn3k_ae92ade071,tn3k,thyroid,,1,1,,,,,,,,0.0,0.0,
refiner_gtbox,tn3k_ae92ade071,tn3k,thyroid,0.8483783006668091,1,1,0.9179704016913319,0.848378272762798,4.47213595499958,1.8863771610281685,0.6303669944830895,0.03489821354383049,1.8964183330535889,,,4.179962158203125
refiner_gtbox__detstats,tn3k_ae92ade071,tn3k,thyroid,,1,1,,,,,,,,0.0,0.0,
rough_otsu_gtbox,tn3k_ae92ade071,tn3k,thyroid,0.7597853541374207,1,1,0.8634977578475337,0.7597853535353535,11.414761727926328,3.726291707002521,0.5009752438109528,0.31616119651017865,4.19502592086792,,,4.19502592086792
rough_otsu_gtbox__detstats,tn3k_ae92ade071,tn3k,thyroid,,1,1,,,,,,,,0.0,0.0,
yolo26n_seg,tn3k_3f08a57d30,tn3k,thyroid,0.0,1,1,0.0,0.0,,,0.0,,,,,
yolo26n_seg__detstats,tn3k_3f08a57d30,tn3k,thyroid,,1,1,,,,,,,,1.0,1.0,
seg_refiner,tn3k_3f08a57d30,tn3k,thyroid,0.0,1,1,0.0,0.0,,,0.0,,,,,
seg_refiner__detstats,tn3k_3f08a57d30,tn3k,thyroid,,1,1,,,,,,,,1.0,1.0,
refiner,tn3k_3f08a57d30,tn3k,thyroid,0.0,1,1,0.0,0.0,,,0.0,,,,,
refiner__detstats,tn3k_3f08a57d30,tn3k,thyroid,,1,1,,,,,,,,1.0,1.0,
rough_otsu,tn3k_3f08a57d30,tn3k,thyroid,0.0,1,1,0.0,0.0,,,0.0,,,,,
rough_otsu__detstats,tn3k_3f08a57d30,tn3k,thyroid,,1,1,,,,,,,,1.0,1.0,
refiner_box,tn3k_3f08a57d30,tn3k,thyroid,0.0,1,1,0.0,0.0,,,0.0,,,,,
refiner_box__detstats,tn3k_3f08a57d30,tn3k,thyroid,,1,1,,,,,,,,1.0,1.0,
refiner_gtbox,tn3k_3f08a57d30,tn3k,thyroid,0.800155520439148,1,1,0.8889848812095033,0.8001555209953344,11.180339887498949,5.455313290238108,0.23615150374653573,0.012496422779738624,5.530511856079102,,,8.192964553833008
refiner_gtbox__detstats,tn3k_3f08a57d30,tn3k,thyroid,,1,1,,,,,,,,0.0,0.0,
rough_otsu_gtbox,tn3k_3f08a57d30,tn3k,thyroid,0.7536304593086243,1,1,0.8595088754970688,0.7536304816678648,24.005206074732158,7.634840405105389,0.3429389873665654,0.32691023561957455,8.206528663635254,,,8.206528663635254
rough_otsu_gtbox__detstats,tn3k_3f08a57d30,tn3k,thyroid,,1,1,,,,,,,,0.0,0.0,
yolo26n_seg,tn3k_f77a09ea13,tn3k,thyroid,0.777988612651825,1,1,0.8751334044823906,0.777988614800759,3.0,1.2814584054443325,0.776543209876543,0.1482213438735178,0.8594642281532288,,,
yolo26n_seg__detstats,tn3k_f77a09ea13,tn3k,thyroid,,1,1,,,,,,,,0.0,0.0,
seg_refiner,tn3k_f77a09ea13,tn3k,thyroid,0.7055449485778809,1,1,0.827354260089686,0.7055449330783938,3.605551275463989,1.7704896004200719,0.583058305830583,0.23715415019762845,1.902017593383789,,,1.4384982585906982
seg_refiner__detstats,tn3k_f77a09ea13,tn3k,thyroid,,1,1,,,,,,,,0.0,0.0,
refiner,tn3k_f77a09ea13,tn3k,thyroid,0.0,1,1,0.0,0.0,,,0.0,,,,,
refiner__detstats,tn3k_f77a09ea13,tn3k,thyroid,,1,1,,,,,,,,1.0,1.0,
rough_otsu,tn3k_f77a09ea13,tn3k,thyroid,0.0,1,1,0.0,0.0,,,0.0,,,,,
rough_otsu__detstats,tn3k_f77a09ea13,tn3k,thyroid,,1,1,,,,,,,,1.0,1.0,
refiner_box,tn3k_f77a09ea13,tn3k,thyroid,0.0,1,1,0.0,0.0,,,0.0,,,,,
refiner_box__detstats,tn3k_f77a09ea13,tn3k,thyroid,,1,1,,,,,,,,1.0,1.0,
refiner_gtbox,tn3k_f77a09ea13,tn3k,thyroid,0.7236084342002869,1,1,0.8396436525612472,0.7236084452975048,3.0,1.6188519358332305,0.7178759946427166,0.22529644268774704,1.6562750339508057,,,2.083883762359619
refiner_gtbox__detstats,tn3k_f77a09ea13,tn3k,thyroid,,1,1,,,,,,,,0.0,0.0,
rough_otsu_gtbox,tn3k_f77a09ea13,tn3k,thyroid,0.6595330834388733,1,1,0.794841735052755,0.6595330739299611,4.0,2.086714353775294,0.4724684729679111,0.3142292490118577,2.0854525566101074,,,2.0854525566101074
rough_otsu_gtbox__detstats,tn3k_f77a09ea13,tn3k,thyroid,,1,1,,,,,,,,0.0,0.0,
yolo26n_seg,tn3k_3c47e1b68d,tn3k,thyroid,0.0,1,1,0.0,0.0,,,0.0,,,,,
yolo26n_seg__detstats,tn3k_3c47e1b68d,tn3k,thyroid,,1,1,,,,,,,,1.0,1.0,
seg_refiner,tn3k_3c47e1b68d,tn3k,thyroid,0.0,1,1,0.0,0.0,,,0.0,,,,,
seg_refiner__detstats,tn3k_3c47e1b68d,tn3k,thyroid,,1,1,,,,,,,,1.0,1.0,
refiner,tn3k_3c47e1b68d,tn3k,thyroid,0.0,1,1,0.0,0.0,,,0.0,,,,,
refiner__detstats,tn3k_3c47e1b68d,tn3k,thyroid,,1,1,,,,,,,,1.0,1.0,
rough_otsu,tn3k_3c47e1b68d,tn3k,thyroid,0.0,1,1,0.0,0.0,,,0.0,,,,,
rough_otsu__detstats,tn3k_3c47e1b68d,tn3k,thyroid,,1,1,,,,,,,,1.0,1.0,
refiner_box,tn3k_3c47e1b68d,tn3k,thyroid,0.0,1,1,0.0,0.0,,,0.0,,,,,
refiner_box__detstats,tn3k_3c47e1b68d,tn3k,thyroid,,1,1,,,,,,,,1.0,1.0,
refiner_gtbox,tn3k_3c47e1b68d,tn3k,thyroid,0.6631700992584229,1,1,0.797477163984341,0.6631700788540837,34.87465127371436,10.653410462662647,0.3401774946658833,0.2921031126959364,8.22271728515625,,,15.401037216186523
refiner_gtbox__detstats,tn3k_3c47e1b68d,tn3k,thyroid,,1,1,,,,,,,,0.0,0.0,
rough_otsu_gtbox,tn3k_3c47e1b68d,tn3k,thyroid,0.0,1,1,0.0,0.0,,,0.0,,,,,
rough_otsu_gtbox__detstats,tn3k_3c47e1b68d,tn3k,thyroid,,1,1,,,,,,,,1.0,1.0,
yolo26n_seg,tn3k_10f48ba220,tn3k,thyroid,0.8695752024650574,1,1,0.9302382556501501,0.8695751746249857,13.0,4.58752882593935,0.3821361022117574,0.11879248761378039,5.255890846252441,,,
yolo26n_seg__detstats,tn3k_10f48ba220,tn3k,thyroid,,1,1,,,,,,,,0.0,0.0,
seg_refiner,tn3k_10f48ba220,tn3k,thyroid,0.8760335445404053,1,1,0.933920965451964,0.8760335164530271,10.295630140987,4.34014434559269,0.3157876117152295,0.052310173983177784,4.641517639160156,,,4.833761215209961
seg_refiner__detstats,tn3k_10f48ba220,tn3k,thyroid,,1,1,,,,,,,,0.0,0.0,
refiner,tn3k_10f48ba220,tn3k,thyroid,0.6414222121238708,1,1,0.7815444525572824,0.6414222120762471,41.685721375078685,13.041705029570778,0.19324632761748697,0.34306947805046667,13.333353042602539,,,15.774747848510742
refiner__detstats,tn3k_10f48ba220,tn3k,thyroid,,1,1,,,,,,,,0.0,0.0,
rough_otsu,tn3k_10f48ba220,tn3k,thyroid,0.5086410045623779,1,1,0.6743035667794846,0.5086410054988216,48.27007354458868,12.29017907739161,0.34766706257112623,0.45103122479548335,15.872713088989258,,,15.872713088989258
rough_otsu__detstats,tn3k_10f48ba220,tn3k,thyroid,,1,1,,,,,,,,0.0,0.0,
refiner_box,tn3k_10f48ba220,tn3k,thyroid,0.8782394528388977,1,1,0.9351730562105202,0.878239475123018,9.848857801796104,4.274479367041792,0.2897577379401805,0.02091254752851711,4.6748456954956055,,,9.49079704284668
refiner_box__detstats,tn3k_10f48ba220,tn3k,thyroid,,1,1,,,,,,,,0.0,0.0,
refiner_gtbox,tn3k_10f48ba220,tn3k,thyroid,0.752394437789917,1,1,0.858704428296379,0.7523944275141489,35.805027579936315,9.038803041047274,0.25168168427517246,0.14483235395782923,8.472938537597656,,,15.307585716247559
refiner_gtbox__detstats,tn3k_10f48ba220,tn3k,thyroid,,1,1,,,,,,,,0.0,0.0,
rough_otsu_gtbox,tn3k_10f48ba220,tn3k,thyroid,0.5722050666809082,1,1,0.7279013015184381,0.5722050516892252,49.88062710364714,12.108131471211347,0.3189543037743297,0.3002650074893421,15.406908988952637,,,15.406908988952637
rough_otsu_gtbox__detstats,tn3k_10f48ba220,tn3k,thyroid,,1,1,,,,,,,,0.0,0.0,
yolo26n_seg,tn3k_4716969eff,tn3k,thyroid,0.8934134840965271,1,1,0.9437066974595842,0.8934135009565455,8.602325267042627,2.2432025836067906,0.6444898577051165,0.09172290318137998,2.0458996295928955,,,
yolo26n_seg__detstats,tn3k_4716969eff,tn3k,thyroid,,1,1,,,,,,,,0.0,0.0,
seg_refiner,tn3k_4716969eff,tn3k,thyroid,0.8338097333908081,1,1,0.9093743041638833,0.8338097182523478,10.295630140987,3.4574794614501343,0.49748315092684925,0.1444704586145159,3.626351833343506,,,2.264681339263916
seg_refiner__detstats,tn3k_4716969eff,tn3k,thyroid,,1,1,,,,,,,,0.0,0.0,
refiner,tn3k_4716969eff,tn3k,thyroid,0.8068166375160217,1,1,0.8930808231434536,0.8068166509497507,9.219544457292887,4.093475862225663,0.31810210256509086,0.15287150530229995,4.3034868240356445,,,7.263854026794434
refiner__detstats,tn3k_4716969eff,tn3k,thyroid,,1,1,,,,,,,,0.0,0.0,
rough_otsu,tn3k_4716969eff,tn3k,thyroid,0.7531611919403076,1,1,0.8592035880962483,0.7531611943470407,17.0,6.4362166439669615,0.3048288943333597,0.27227654593031264,7.264773845672607,,,7.264773845672607
rough_otsu__detstats,tn3k_4716969eff,tn3k,thyroid,,1,1,,,,,,,,0.0,0.0,
refiner_box,tn3k_4716969eff,tn3k,thyroid,0.7953137755393982,1,1,0.885988598859886,0.7953137624562349,9.486832980505138,4.368171052320204,0.29240316713032316,0.16388927145021348,4.674055099487305,,,7.39732551574707
refiner_box__detstats,tn3k_4716969eff,tn3k,thyroid,,1,1,,,,,,,,0.0,0.0,
refiner_gtbox,tn3k_4716969eff,tn3k,thyroid,0.6275489330291748,1,1,0.7711583139727846,0.6275489534098582,26.076809620810597,8.971551544923663,0.10757409440175632,0.34017352981682963,7.770564079284668,,,13.339630126953125
refiner_gtbox__detstats,tn3k_4716969eff,tn3k,thyroid,,1,1,,,,,,,,0.0,0.0,
rough_otsu_gtbox,tn3k_4716969eff,tn3k,thyroid,0.0,1,1,0.0,0.0,,,0.0,,,,,
rough_otsu_gtbox__detstats,tn3k_4716969eff,tn3k,thyroid,,1,1,,,,,,,,1.0,1.0,
yolo26n_seg,tn3k_9eb4c9e82a,tn3k,thyroid,0.7968321442604065,1,1,0.8869299881335819,0.7968321657021017,17.0,3.9924015221957085,0.550381606951618,0.14431115957833515,3.061854839324951,,,
yolo26n_seg__detstats,tn3k_9eb4c9e82a,tn3k,thyroid,,1,1,,,,,,,,0.0,0.0,
seg_refiner,tn3k_9eb4c9e82a,tn3k,thyroid,0.7481883764266968,1,1,0.8559585492227979,0.7481884057971014,11.704699910719626,5.035533713173261,0.2685754117829297,0.10468920392584515,5.442330360412598,,,4.846245765686035
seg_refiner__detstats,tn3k_9eb4c9e82a,tn3k,thyroid,,1,1,,,,,,,,0.0,0.0,
refiner,tn3k_9eb4c9e82a,tn3k,thyroid,0.7359593510627747,1,1,0.847899308633221,0.7359593783659024,11.40175425099138,4.688224235623304,0.30933664750660245,0.05052708106143221,5.526389122009277,,,11.636276245117188
refiner__detstats,tn3k_9eb4c9e82a,tn3k,thyroid,,1,1,,,,,,,,0.0,0.0,
rough_otsu,tn3k_9eb4c9e82a,tn3k,thyroid,0.0,1,1,0.0,0.0,,,0.0,,,,,
rough_otsu__detstats,tn3k_9eb4c9e82a,tn3k,thyroid,,1,1,,,,,,,,1.0,1.0,
refiner_box,tn3k_9eb4c9e82a,tn3k,thyroid,0.7766621112823486,1,1,0.8742935434149683,0.7766621025406968,11.065607847734011,4.299589149627329,0.31554993678887483,0.12250090876045075,4.814539432525635,,,11.185676574707031
refiner_box__detstats,tn3k_9eb4c9e82a,tn3k,thyroid,,1,1,,,,,,,,0.0,0.0,
refiner_gtbox,tn3k_9eb4c9e82a,tn3k,thyroid,0.6520348191261292,1,1,0.7893717728055077,0.6520348320597121,20.53773324856421,5.848660445920567,0.3901745440282408,0.3104325699745547,5.209806442260742,,,9.565088272094727
refiner_gtbox__detstats,tn3k_9eb4c9e82a,tn3k,thyroid,,1,1,,,,,,,,0.0,0.0,
rough_otsu_gtbox,tn3k_9eb4c9e82a,tn3k,thyroid,0.0,1,1,0.0,0.0,,,0.0,,,,,
rough_otsu_gtbox__detstats,tn3k_9eb4c9e82a,tn3k,thyroid,,1,1,,,,,,,,1.0,1.0,
yolo26n_seg,tn3k_28237989c5,tn3k,thyroid,0.7890018820762634,1,1,0.8820581856256077,0.789001873160289,19.209372712298546,4.5132436860904965,0.5561300219057447,0.20161398789509077,4.697809219360352,,,
yolo26n_seg__detstats,tn3k_28237989c5,tn3k,thyroid,,1,1,,,,,,,,0.0,0.0,
seg_refiner,tn3k_28237989c5,tn3k,thyroid,0.7914629578590393,1,1,0.8835939805252286,0.7914629311484076,19.07061521850139,4.487355070879884,0.4960124489398949,0.17673167451244115,3.6499578952789307,,,4.186941146850586
seg_refiner__detstats,tn3k_28237989c5,tn3k,thyroid,,1,1,,,,,,,,0.0,0.0,
refiner,tn3k_28237989c5,tn3k,thyroid,0.7769049406051636,1,1,0.874447391688771,0.776904948939513,14.560219778561036,4.848232901432671,0.2819968135953266,0.1745796906523201,4.863800525665283,,,8.489022254943848
refiner__detstats,tn3k_28237989c5,tn3k,thyroid,,1,1,,,,,,,,0.0,0.0,
rough_otsu,tn3k_28237989c5,tn3k,thyroid,0.7072131633758545,1,1,0.8285001188495364,0.7072131480166379,17.69180601295413,7.705150078839798,0.19135783293467118,0.2633490248823134,8.488205909729004,,,8.488205909729004
rough_otsu__detstats,tn3k_28237989c5,tn3k,thyroid,,1,1,,,,,,,,0.0,0.0,
refiner_box,tn3k_28237989c5,tn3k,thyroid,0.7844453454017639,1,1,0.8792035398230088,0.7844453217528622,14.317821063276353,4.628030309253103,0.2975003414834039,0.1761936785474109,4.56386137008667,,,8.221168518066406
refiner_box__detstats,tn3k_28237989c5,tn3k,thyroid,,1,1,,,,,,,,0.0,0.0,
refiner_gtbox,tn3k_28237989c5,tn3k,thyroid,0.7619779706001282,1,1,0.8649120451188398,0.7619779959777594,12.36931687685298,4.824128350655011,0.3829942449542028,0.0032279757901815735,4.9628472328186035,,,8.897019386291504
refiner_gtbox__detstats,tn3k_28237989c5,tn3k,thyroid,,1,1,,,,,,,,0.0,0.0,
rough_otsu_gtbox,tn3k_28237989c5,tn3k,thyroid,0.6712987422943115,1,1,0.803325871442277,0.6712987707108499,22.020391543176796,7.173744611333807,0.25483718735252475,0.10289172831203766,8.95288372039795,,,8.95288372039795
rough_otsu_gtbox__detstats,tn3k_28237989c5,tn3k,thyroid,,1,1,,,,,,,,0.0,0.0,
yolo26n_seg,tn3k_3a84ed43e0,tn3k,thyroid,0.869097113609314,1,1,0.9299646401277518,0.8690971111821767,15.0,2.987143524232356,0.6027088036117382,0.08935381933093603,2.176826238632202,,,
yolo26n_seg__detstats,tn3k_3a84ed43e0,tn3k,thyroid,,1,1,,,,,,,,0.0,0.0,
seg_refiner,tn3k_3a84ed43e0,tn3k,thyroid,0.847789466381073,1,1,0.9176256123960351,0.8477894736842105,11.213682040370403,3.683808596662275,0.3773186069862073,0.08717445788384004,3.763638734817505,,,2.972719192504883
seg_refiner__detstats,tn3k_3a84ed43e0,tn3k,thyroid,,1,1,,,,,,,,0.0,0.0,
refiner,tn3k_3a84ed43e0,tn3k,thyroid,0.8424285650253296,1,1,0.9144762434009447,0.8424285860550834,9.74025035540879,3.5850254176630285,0.4128570324773998,0.039119537975373216,4.288283348083496,,,9.955854415893555
refiner__detstats,tn3k_3a84ed43e0,tn3k,thyroid,,1,1,,,,,,,,0.0,0.0,
rough_otsu,tn3k_3a84ed43e0,tn3k,thyroid,0.6630805730819702,1,1,0.7974124525719972,0.6630805834281577,23.11679999955598,7.413660183870988,0.1991774383078731,0.24812030075187969,9.969629287719727,,,9.969629287719727
rough_otsu__detstats,tn3k_3a84ed43e0,tn3k,thyroid,,1,1,,,,,,,,0.0,0.0,
refiner_box,tn3k_3a84ed43e0,tn3k,thyroid,0.7763621807098389,1,1,0.8741034640622616,0.7763621577663323,13.490585662489144,6.24489075909667,0.20185554495794675,0.14220333442301406,6.462610244750977,,,12.380830764770508
refiner_box__detstats,tn3k_3a84ed43e0,tn3k,thyroid,,1,1,,,,,,,,0.0,0.0,
refiner_gtbox,tn3k_3a84ed43e0,tn3k,thyroid,0.7632825970649719,1,1,0.8657518582046884,0.7632825889706624,16.020227979829407,5.959023007641502,0.281749382128548,0.09414841451454724,5.86659574508667,,,12.321405410766602
refiner_gtbox__detstats,tn3k_3a84ed43e0,tn3k,thyroid,,1,1,,,,,,,,0.0,0.0,
rough_otsu_gtbox,tn3k_3a84ed43e0,tn3k,thyroid,0.6140455007553101,1,1,0.7608775585243289,0.6140454995054402,31.24090021291617,10.489057401501407,0.22001803426510372,0.2218589953143729,12.312704086303711,,,12.312704086303711
rough_otsu_gtbox__detstats,tn3k_3a84ed43e0,tn3k,thyroid,,1,1,,,,,,,,0.0,0.0,
yolo26n_seg,tn3k_65dc4dca5a,tn3k,thyroid,0.7122302055358887,1,2,0.8319327731092437,0.7122302158273381,15.086284867774008,5.296492482457574,0.40966641394996206,0.2829167740273125,6.4568352699279785,,,
yolo26n_seg__detstats,tn3k_65dc4dca5a,tn3k,thyroid,,1,2,,,,,,,,0.0,1.0,
seg_refiner,tn3k_65dc4dca5a,tn3k,thyroid,0.6957080364227295,1,2,0.8205516823279781,0.6957080442045747,13.349138444213573,5.48023584693656,0.1956716417910448,0.2999227003349652,5.396966934204102,,,4.959938049316406
seg_refiner__detstats,tn3k_65dc4dca5a,tn3k,thyroid,,1,2,,,,,,,,0.0,1.0,
refiner,tn3k_65dc4dca5a,tn3k,thyroid,0.692621111869812,1,2,0.8184006418828563,0.6926210955183341,10.63014581273465,5.351379908545835,0.325673356711184,0.07317701623292966,5.516571998596191,,,7.817321300506592
refiner__detstats,tn3k_65dc4dca5a,tn3k,thyroid,,1,2,,,,,,,,0.0,1.0,
rough_otsu,tn3k_65dc4dca5a,tn3k,thyroid,0.631850004196167,1,2,0.7743971720742331,0.6318500206015657,15.387905002971017,6.232586888491866,0.26857749469214437,0.04096882246843597,7.825430870056152,,,7.825430870056152
rough_otsu__detstats,tn3k_65dc4dca5a,tn3k,thyroid,,1,2,,,,,,,,0.0,1.0,
refiner_box,tn3k_65dc4dca5a,tn3k,thyroid,0.7872492671012878,1,2,0.8809619238476953,0.7872492836676218,7.810249675906654,3.6874824119751692,0.33884727840749784,0.07137335738211802,4.002942085266113,,,9.484795570373535
refiner_box__detstats,tn3k_65dc4dca5a,tn3k,thyroid,,1,2,,,,,,,,0.0,1.0,
refiner_gtbox,tn3k_65dc4dca5a,tn3k,thyroid,0.810499370098114,1,1,0.8953323903818954,0.8104993597951344,8.117443799179572,3.187410330977053,0.4556682705568666,0.17830456068023706,3.1665525436401367,,,4.467684745788574
refiner_gtbox__detstats,tn3k_65dc4dca5a,tn3k,thyroid,,1,1,,,,,,,,0.0,0.0,
rough_otsu_gtbox,tn3k_65dc4dca5a,tn3k,thyroid,0.7402170896530151,1,1,0.8507181198317133,0.7402171168896743,13.601470508735444,4.386018784828696,0.490602036869924,0.22391136305076012,4.476110935211182,,,4.476110935211182
rough_otsu_gtbox__detstats,tn3k_65dc4dca5a,tn3k,thyroid,,1,1,,,,,,,,0.0,0.0,
yolo26n_seg,tn3k_6fb6c0c028,tn3k,thyroid,0.7576425075531006,1,1,0.8621121905358822,0.7576425227210135,14.142135623730951,3.694876573191032,0.5598293853301851,0.16119200812732815,4.643661022186279,,,
yolo26n_seg__detstats,tn3k_6fb6c0c028,tn3k,thyroid,,1,1,,,,,,,,0.0,0.0,
seg_refiner,tn3k_6fb6c0c028,tn3k,thyroid,0.6881365180015564,1,1,0.8152616990053807,0.6881365262868153,14.177272711640029,5.1419205476559355,0.3523552074242779,0.07687097866576363,5.311938762664795,,,4.564603805541992
seg_refiner__detstats,tn3k_6fb6c0c028,tn3k,thyroid,,1,1,,,,,,,,0.0,0.0,
refiner,tn3k_6fb6c0c028,tn3k,thyroid,0.8092236518859863,1,1,0.8945534568127637,0.8092236230922363,8.969349550499537,2.6827176026398787,0.6158892970175802,0.15340331865899084,2.756718873977661,,,6.120328426361084
refiner__detstats,tn3k_6fb6c0c028,tn3k,thyroid,,1,1,,,,,,,,0.0,0.0,
rough_otsu,tn3k_6fb6c0c028,tn3k,thyroid,0.6398354768753052,1,1,0.7803654604084558,0.6398354876615746,14.406547496069019,5.020298817018398,0.29593007158960566,0.10971892990179478,6.116673469543457,,,6.116673469543457
rough_otsu__detstats,tn3k_6fb6c0c028,tn3k,thyroid,,1,1,,,,,,,,0.0,0.0,
refiner_box,tn3k_6fb6c0c028,tn3k,thyroid,0.7383773922920227,1,1,0.8495018353434715,0.7383773928896992,8.54400374531753,4.009920725924623,0.30766204939450986,0.06264815441923467,4.09712553024292,,,8.271747589111328
refiner_box__detstats,tn3k_6fb6c0c028,tn3k,thyroid,,1,1,,,,,,,,0.0,0.0,
refiner_gtbox,tn3k_6fb6c0c028,tn3k,thyroid,0.6829103231430054,1,1,0.811582545747034,0.6829103214890017,11.40175425099138,4.992530950527193,0.25668449197860965,0.31594988147646463,5.96950626373291,,,5.840549468994141
refiner_gtbox__detstats,tn3k_6fb6c0c028,tn3k,thyroid,,1,1,,,,,,,,0.0,0.0,
rough_otsu_gtbox,tn3k_6fb6c0c028,tn3k,thyroid,0.5902111530303955,1,1,0.7423053711526856,0.5902111324376199,14.993985859861773,4.6313115874810915,0.37727261483661906,0.3166271588215374,5.817323684692383,,,5.817323684692383
rough_otsu_gtbox__detstats,tn3k_6fb6c0c028,tn3k,thyroid,,1,1,,,,,,,,0.0,0.0,
yolo26n_seg,tn3k_d4cedf333d,tn3k,thyroid,0.8637802600860596,1,1,0.9269121100301912,0.8637802352389512,21.633307652783937,5.8349812509316346,0.36591606960081885,0.01192113709307657,5.966193675994873,,,
yolo26n_seg__detstats,tn3k_d4cedf333d,tn3k,thyroid,,1,1,,,,,,,,0.0,0.0,
seg_refiner,tn3k_d4cedf333d,tn3k,thyroid,0.8216490745544434,1,1,0.9020937106008309,0.8216490963855422,17.0,7.773350394670462,0.19181576014056034,0.016714601308824142,8.229433059692383,,,5.921250343322754
seg_refiner__detstats,tn3k_d4cedf333d,tn3k,thyroid,,1,1,,,,,,,,0.0,0.0,
refiner,tn3k_d4cedf333d,tn3k,thyroid,0.0,1,1,0.0,0.0,,,0.0,,,,,
refiner__detstats,tn3k_d4cedf333d,tn3k,thyroid,,1,1,,,,,,,,1.0,1.0,
rough_otsu,tn3k_d4cedf333d,tn3k,thyroid,0.0,1,1,0.0,0.0,,,0.0,,,,,
rough_otsu__detstats,tn3k_d4cedf333d,tn3k,thyroid,,1,1,,,,,,,,1.0,1.0,
refiner_box,tn3k_d4cedf333d,tn3k,thyroid,0.7993089556694031,1,1,0.8884621476084891,0.7993089445374559,18.0,9.067313816436974,0.087664168882443,0.10545621274644658,9.740256309509277,,,15.63020133972168
refiner_box__detstats,tn3k_d4cedf333d,tn3k,thyroid,,1,1,,,,,,,,0.0,0.0,
refiner_gtbox,tn3k_d4cedf333d,tn3k,thyroid,0.8442254662513733,1,1,0.915533881946561,0.8442254365584951,15.297058540778355,6.708935727758684,0.18251737151225608,0.05139427285231962,7.2459716796875,,,13.882932662963867
refiner_gtbox__detstats,tn3k_d4cedf333d,tn3k,thyroid,,1,1,,,,,,,,0.0,0.0,
rough_otsu_gtbox,tn3k_d4cedf333d,tn3k,thyroid,0.763096809387207,1,1,0.8656323290636839,0.7630967906103884,32.96808552642569,12.040885803409726,0.2511393996542511,0.3104497519903297,13.857217788696289,,,13.857217788696289
rough_otsu_gtbox__detstats,tn3k_d4cedf333d,tn3k,thyroid,,1,1,,,,,,,,0.0,0.0,
yolo26n_seg,tn3k_c87a847f5e,tn3k,thyroid,0.8076098561286926,1,1,0.8935665429948765,0.8076098362151558,15.264337522473747,6.849574148836577,0.24833309267580034,0.19090452490753848,6.175454139709473,,,
yolo26n_seg__detstats,tn3k_c87a847f5e,tn3k,thyroid,,1,1,,,,,,,,0.0,0.0,
seg_refiner,tn3k_c87a847f5e,tn3k,thyroid,0.6650077104568481,1,1,0.798804347826087,0.6650076916116189,33.83784863137726,13.115744637733695,0.1054024786427626,0.31971142870188574,10.562085151672363,,,6.80234432220459
seg_refiner__detstats,tn3k_c87a847f5e,tn3k,thyroid,,1,1,,,,,,,,0.0,0.0,
refiner,tn3k_c87a847f5e,tn3k,thyroid,0.0,1,1,0.0,0.0,,,0.0,,,,,
refiner__detstats,tn3k_c87a847f5e,tn3k,thyroid,,1,1,,,,,,,,1.0,1.0,
rough_otsu,tn3k_c87a847f5e,tn3k,thyroid,0.0,1,1,0.0,0.0,,,0.0,,,,,
rough_otsu__detstats,tn3k_c87a847f5e,tn3k,thyroid,,1,1,,,,,,,,1.0,1.0,
refiner_box,tn3k_c87a847f5e,tn3k,thyroid,0.0,1,1,0.0,0.0,,,0.0,,,,,
refiner_box__detstats,tn3k_c87a847f5e,tn3k,thyroid,,1,1,,,,,,,,1.0,1.0,
refiner_gtbox,tn3k_c87a847f5e,tn3k,thyroid,0.7379446029663086,1,1,0.8492153526186424,0.7379446315616528,31.278544874181488,9.260683074349465,0.2549074593381941,0.06803342313136386,10.146340370178223,,,19.341354370117188
refiner_gtbox__detstats,tn3k_c87a847f5e,tn3k,thyroid,,1,1,,,,,,,,0.0,0.0,
rough_otsu_gtbox,tn3k_c87a847f5e,tn3k,thyroid,0.0,1,1,0.0,0.0,,,0.0,,,,,
rough_otsu_gtbox__detstats,tn3k_c87a847f5e,tn3k,thyroid,,1,1,,,,,,,,1.0,1.0,
yolo26n_seg,tn3k_ec2dc65c9d,tn3k,thyroid,0.7924724221229553,1,1,0.8842227133985896,0.7924724082633714,16.093386622447824,5.31068682069965,0.282671036460467,0.20039776493986172,4.833250999450684,,,
yolo26n_seg__detstats,tn3k_ec2dc65c9d,tn3k,thyroid,,1,1,,,,,,,,0.0,0.0,
seg_refiner,tn3k_ec2dc65c9d,tn3k,thyroid,0.8086649179458618,1,1,0.894211987251979,0.80866493120119,14.524990489369173,4.93897634234078,0.2900974672995399,0.15759068093569467,4.318116664886475,,,5.014610767364502
seg_refiner__detstats,tn3k_ec2dc65c9d,tn3k,thyroid,,1,1,,,,,,,,0.0,0.0,
refiner,tn3k_ec2dc65c9d,tn3k,thyroid,0.7171915769577026,1,2,0.8353076041268628,0.7171916010498688,19.72308292331602,7.172836617622254,0.1934488080946664,0.2650819206364239,6.549909591674805,,,10.954492568969727
refiner__detstats,tn3k_ec2dc65c9d,tn3k,thyroid,,1,2,,,,,,,,0.0,1.0,
rough_otsu,tn3k_ec2dc65c9d,tn3k,thyroid,0.5429264903068542,1,2,0.7037619450828596,0.5429264650989175,30.805843601498726,11.24421723952317,0.24225017605390706,0.4341320200776589,10.967199325561523,,,10.967199325561523
rough_otsu__detstats,tn3k_ec2dc65c9d,tn3k,thyroid,,1,2,,,,,,,,0.0,1.0,
refiner_box,tn3k_ec2dc65c9d,tn3k,thyroid,0.725543737411499,1,2,0.8409450537458395,0.7255437341116656,17.825506316073223,7.26011046208411,0.25314128102972727,0.26432427313192536,6.635831356048584,,,5.6682868003845215
refiner_box__detstats,tn3k_ec2dc65c9d,tn3k,thyroid,,1,2,,,,,,,,0.0,1.0,
refiner_gtbox,tn3k_ec2dc65c9d,tn3k,thyroid,0.8056361079216003,1,1,0.8923571034275104,0.805636100036245,13.0,4.947452108163995,0.23909754160986352,0.11279477223221895,5.493013858795166,,,9.395246505737305
refiner_gtbox__detstats,tn3k_ec2dc65c9d,tn3k,thyroid,,1,1,,,,,,,,0.0,0.0,
rough_otsu_gtbox,tn3k_ec2dc65c9d,tn3k,thyroid,0.6315181851387024,1,1,0.7741478819557879,0.6315181664741938,25.52932598496109,8.72226020449924,0.3109527249660811,0.26063074154749505,9.396402359008789,,,9.396402359008789
rough_otsu_gtbox__detstats,tn3k_ec2dc65c9d,tn3k,thyroid,,1,1,,,,,,,,0.0,0.0,
yolo26n_seg,tn3k_668480a0e1,tn3k,thyroid,0.0,1,0,0.0,0.0,,,0.0,,,,,
yolo26n_seg__detstats,tn3k_668480a0e1,tn3k,thyroid,,1,0,,,,,,,,1.0,0.0,
seg_refiner,tn3k_668480a0e1,tn3k,thyroid,0.0,1,0,0.0,0.0,,,0.0,,,,,
seg_refiner__detstats,tn3k_668480a0e1,tn3k,thyroid,,1,0,,,,,,,,1.0,0.0,
refiner,tn3k_668480a0e1,tn3k,thyroid,0.0,1,0,0.0,0.0,,,0.0,,,,,
refiner__detstats,tn3k_668480a0e1,tn3k,thyroid,,1,0,,,,,,,,1.0,0.0,
rough_otsu,tn3k_668480a0e1,tn3k,thyroid,0.0,1,0,0.0,0.0,,,0.0,,,,,
rough_otsu__detstats,tn3k_668480a0e1,tn3k,thyroid,,1,0,,,,,,,,1.0,0.0,
refiner_gtbox,tn3k_668480a0e1,tn3k,thyroid,0.673361599445343,1,1,0.8048010669037564,0.6733616008331473,23.377317440648376,7.982538265733108,0.23501391529761634,0.08650901667233753,10.400450706481934,,,16.50924301147461
refiner_gtbox__detstats,tn3k_668480a0e1,tn3k,thyroid,,1,1,,,,,,,,0.0,0.0,
rough_otsu_gtbox,tn3k_668480a0e1,tn3k,thyroid,0.0,1,1,0.0,0.0,,,0.0,,,,,
rough_otsu_gtbox__detstats,tn3k_668480a0e1,tn3k,thyroid,,1,1,,,,,,,,1.0,1.0,
yolo26n_seg,tn3k_62c106ab9e,tn3k,thyroid,0.8622938394546509,1,1,0.926055633380028,0.8622938600577658,15.446223544124154,5.444128690650636,0.24910228685867825,0.09329390441667462,6.592107772827148,,,
yolo26n_seg__detstats,tn3k_62c106ab9e,tn3k,thyroid,,1,1,,,,,,,,0.0,0.0,
seg_refiner,tn3k_62c106ab9e,tn3k,thyroid,0.8208648562431335,1,1,0.9016208632913295,0.820864884590822,21.24851957800108,7.174869373835124,0.11937746860814716,0.09610798435562339,7.297192096710205,,,5.5129170417785645
seg_refiner__detstats,tn3k_62c106ab9e,tn3k,thyroid,,1,1,,,,,,,,0.0,0.0,
refiner,tn3k_62c106ab9e,tn3k,thyroid,0.0,1,1,0.0,0.0,,,0.0,,,,,
refiner__detstats,tn3k_62c106ab9e,tn3k,thyroid,,1,1,,,,,,,,1.0,1.0,
rough_otsu,tn3k_62c106ab9e,tn3k,thyroid,0.0,1,1,0.0,0.0,,,0.0,,,,,
rough_otsu__detstats,tn3k_62c106ab9e,tn3k,thyroid,,1,1,,,,,,,,1.0,1.0,
refiner_box,tn3k_62c106ab9e,tn3k,thyroid,0.9181262254714966,1,1,0.9573157681972748,0.9181262543331509,9.219544457292887,3.119928046736658,0.43321770583177677,0.005771248688352571,3.5916662216186523,,,11.577850341796875
refiner_box__detstats,tn3k_62c106ab9e,tn3k,thyroid,,1,1,,,,,,,,0.0,0.0,
refiner_gtbox,tn3k_62c106ab9e,tn3k,thyroid,0.0,1,1,0.0,0.0,,,0.0,,,,,
refiner_gtbox__detstats,tn3k_62c106ab9e,tn3k,thyroid,,1,1,,,,,,,,1.0,1.0,
rough_otsu_gtbox,tn3k_62c106ab9e,tn3k,thyroid,0.0,1,1,0.0,0.0,,,0.0,,,,,
rough_otsu_gtbox__detstats,tn3k_62c106ab9e,tn3k,thyroid,,1,1,,,,,,,,1.0,1.0,
yolo26n_seg,tn3k_e383d892cc,tn3k,thyroid,0.8697745203971863,1,1,0.9303522939662164,0.8697744955822234,10.763320424192296,4.014000687118229,0.469629329004329,0.09199557358908152,4.0610270500183105,,,
yolo26n_seg__detstats,tn3k_e383d892cc,tn3k,thyroid,,1,1,,,,,,,,0.0,0.0,
seg_refiner,tn3k_e383d892cc,tn3k,thyroid,0.8415773510932922,1,1,0.9139744833246288,0.8415773564165979,11.045361017187261,4.865985661633621,0.20605301994235956,0.022427148653633346,5.282574653625488,,,4.412411212921143
seg_refiner__detstats,tn3k_e383d892cc,tn3k,thyroid,,1,1,,,,,,,,0.0,0.0,
refiner,tn3k_e383d892cc,tn3k,thyroid,0.8417596817016602,1,1,0.9140819964349376,0.8417596848325674,11.180339887498949,4.941681492043991,0.2269829832049221,0.06934710438952416,5.347403049468994,,,15.90495777130127
refiner__detstats,tn3k_e383d892cc,tn3k,thyroid,,1,1,,,,,,,,0.0,0.0,
rough_otsu,tn3k_e383d892cc,tn3k,thyroid,0.6560384631156921,1,1,0.7922985781990521,0.6560384577651329,30.221644371859224,14.161319621779583,0.03167898627243928,0.4905938767982294,15.894060134887695,,,15.894060134887695
rough_otsu__detstats,tn3k_e383d892cc,tn3k,thyroid,,1,1,,,,,,,,0.0,0.0,
refiner_box,tn3k_e383d892cc,tn3k,thyroid,0.8337897658348083,1,1,0.9093624435515414,0.8337897756911842,11.661903789690601,5.3325452001072815,0.22878053549729735,0.07473257100700849,5.676568984985352,,,15.80478286743164
refiner_box__detstats,tn3k_e383d892cc,tn3k,thyroid,,1,1,,,,,,,,0.0,0.0,
refiner_gtbox,tn3k_e383d892cc,tn3k,thyroid,0.0,1,1,0.0,0.0,,,0.0,,,,,
refiner_gtbox__detstats,tn3k_e383d892cc,tn3k,thyroid,,1,1,,,,,,,,1.0,1.0,
rough_otsu_gtbox,tn3k_e383d892cc,tn3k,thyroid,0.0,1,1,0.0,0.0,,,0.0,,,,,
rough_otsu_gtbox__detstats,tn3k_e383d892cc,tn3k,thyroid,,1,1,,,,,,,,1.0,1.0,
yolo26n_seg,tn3k_b6389d414e,tn3k,thyroid,0.7727272510528564,1,1,0.8717948717948718,0.7727272727272727,5.0,1.5510876236350133,0.7593020811435779,0.2857142857142857,2.2212681770324707,,,
yolo26n_seg__detstats,tn3k_b6389d414e,tn3k,thyroid,,1,1,,,,,,,,0.0,0.0,
seg_refiner,tn3k_b6389d414e,tn3k,thyroid,0.823437511920929,1,1,0.9031705227077977,0.8234375,3.605551275463989,1.117826566209273,0.8209490622117454,0.13736263736263737,1.3664021492004395,,,1.7851262092590332
seg_refiner__detstats,tn3k_b6389d414e,tn3k,thyroid,,1,1,,,,,,,,0.0,0.0,
refiner,tn3k_b6389d414e,tn3k,thyroid,0.8125984072685242,1,1,0.896611642050391,0.8125984251968504,3.605551275463989,1.1811379143105647,0.8193325661680092,0.10805860805860806,1.333152174949646,,,3.712470054626465
refiner__detstats,tn3k_b6389d414e,tn3k,thyroid,,1,1,,,,,,,,0.0,0.0,
rough_otsu,tn3k_b6389d414e,tn3k,thyroid,0.6127946376800537,1,1,0.7599164926931107,0.6127946127946128,7.800525847404515,3.4005648479690356,0.30047443331576174,0.6318681318681318,3.70944881439209,,,3.70944881439209
rough_otsu__detstats,tn3k_b6389d414e,tn3k,thyroid,,1,1,,,,,,,,0.0,0.0,
refiner_box,tn3k_b6389d414e,tn3k,thyroid,0.8105095624923706,1,1,0.8953386103781882,0.8105095541401274,3.0,1.1693975366677325,0.8128893662728249,0.08241758241758242,1.3145909309387207,,,3.682492733001709
refiner_box__detstats,tn3k_b6389d414e,tn3k,thyroid,,1,1,,,,,,,,0.0,0.0,
refiner_gtbox,tn3k_b6389d414e,tn3k,thyroid,0.835463285446167,1,1,0.9103568320278503,0.8354632587859425,2.8284271247461903,1.034310778652064,0.8828240878077722,0.1043956043956044,1.1838592290878296,,,2.357912063598633
refiner_gtbox__detstats,tn3k_b6389d414e,tn3k,thyroid,,1,1,,,,,,,,0.0,0.0,
rough_otsu_gtbox,tn3k_b6389d414e,tn3k,thyroid,0.7241379022598267,1,1,0.84,0.7241379310344828,5.1733241632105225,2.161747313003694,0.5751673767498479,0.38095238095238093,2.3619399070739746,,,2.3619399070739746
rough_otsu_gtbox__detstats,tn3k_b6389d414e,tn3k,thyroid,,1,1,,,,,,,,0.0,0.0,
yolo26n_seg,tn3k_af9969810c,tn3k,thyroid,0.8899461030960083,2,2,0.9417687531465011,0.8899460830954646,4.0,1.5129936409153695,0.7320741518013292,0.013666666666666667,1.3788765668869019,,,
yolo26n_seg,tn3k_af9969810c,tn3k,thyroid,0.7521126866340637,2,2,0.8585209003215434,0.752112676056338,6.52515611545945,2.595925734763185,0.5045127384896607,0.2012724117987276,2.512350559234619,,,
yolo26n_seg__detstats,tn3k_af9969810c,tn3k,thyroid,,2,2,,,,,,,,0.0,0.0,
seg_refiner,tn3k_af9969810c,tn3k,thyroid,0.8737046718597412,2,2,0.9325959211890771,0.8737046632124352,6.0,1.7726043534318143,0.7724937588974395,0.07133333333333333,1.9212312698364258,,,1.6464996337890625
seg_refiner,tn3k_af9969810c,tn3k,thyroid,0.7014925479888916,2,2,0.8245614035087719,0.7014925373134329,6.008276253029819,3.231791575186646,0.30079155672823216,0.21978021978021978,3.1618146896362305,,,2.482598304748535
seg_refiner__detstats,tn3k_af9969810c,tn3k,thyroid,,2,2,,,,,,,,0.0,0.0,
refiner,tn3k_af9969810c,tn3k,thyroid,0.8026016354560852,2,2,0.8904925130795598,0.8026016260162602,6.324555320336759,2.5892810362348184,0.5009929829206937,0.15233333333333332,2.757686138153076,,,3.874828815460205
refiner,tn3k_af9969810c,tn3k,thyroid,0.6551145911216736,2,2,0.7916244511989193,0.655114589155953,8.0,3.7528421802942984,0.30060408476363987,0.2874493927125506,3.6615469455718994,,,3.473278522491455
refiner__detstats,tn3k_af9969810c,tn3k,thyroid,,2,2,,,,,,,,0.0,0.0,
rough_otsu,tn3k_af9969810c,tn3k,thyroid,0.8059701323509216,2,2,0.8925619834710744,0.8059701492537313,11.053049766111497,2.7908479212951085,0.5630113486408023,0.057,3.900712490081787,,,3.900712490081787
rough_otsu,tn3k_af9969810c,tn3k,thyroid,0.6617895364761353,2,2,0.7964781578056214,0.6617895329206528,6.082762530298219,3.3480918134103383,0.38051221461583906,0.29207634470792365,3.4815213680267334,,,3.4815213680267334
rough_otsu__detstats,tn3k_af9969810c,tn3k,thyroid,,2,2,,,,,,,,0.0,0.0,
refiner_box,tn3k_af9969810c,tn3k,thyroid,0.881738007068634,2,2,0.9371527777777777,0.8817379941195688,4.242640687119285,1.6080252696623072,0.693727716269469,0.08,1.7652431726455688,,,6.665179252624512
refiner_box,tn3k_af9969810c,tn3k,thyroid,0.6617396473884583,2,2,0.7964420116318851,0.6617396247868107,9.219544457292887,3.628079527947391,0.3344386965556882,0.3094274146905726,3.3301260471343994,,,2.756948947906494
refiner_box__detstats,tn3k_af9969810c,tn3k,thyroid,,2,2,,,,,,,,0.0,0.0,
refiner_gtbox,tn3k_af9969810c,tn3k,thyroid,0.8663609623908997,2,2,0.9283959283959284,0.8663609564362922,4.0,1.8344535377528821,0.5832610043397396,0.10066666666666667,1.9791908264160156,,,2.798701763153076
refiner_gtbox,tn3k_af9969810c,tn3k,thyroid,0.7545807957649231,2,2,0.860126582278481,0.7545807884508606,5.0,2.4628222361882735,0.41874057895222566,0.17235396182764604,2.539151430130005,,,3.488415002822876
refiner_gtbox__detstats,tn3k_af9969810c,tn3k,thyroid,,2,2,,,,,,,,0.0,0.0,
rough_otsu_gtbox,tn3k_af9969810c,tn3k,thyroid,0.8333333134651184,2,2,0.9090909090909091,0.8333333333333334,7.561302576464053,2.3529974923373453,0.5940637866404472,0.024,2.7956647872924805,,,2.7956647872924805
rough_otsu_gtbox,tn3k_af9969810c,tn3k,thyroid,0.6878334879875183,2,2,0.8150490041100221,0.6878335112059765,6.43363220693949,3.221194321466233,0.4083640836408364,0.17061885482938113,3.4723339080810547,,,3.4723339080810547
rough_otsu_gtbox__detstats,tn3k_af9969810c,tn3k,thyroid,,2,2,,,,,,,,0.0,0.0,
yolo26n_seg,tn3k_0da4e51ea4,tn3k,thyroid,0.7722185850143433,1,1,0.8714710252600297,0.7722185648452929,4.242640687119285,2.3154977866962447,0.46632293968409855,0.1292564280750521,2.378631353378296,,,
yolo26n_seg__detstats,tn3k_0da4e51ea4,tn3k,thyroid,,1,1,,,,,,,,0.0,0.0,
seg_refiner,tn3k_0da4e51ea4,tn3k,thyroid,0.711796224117279,1,1,0.831636648394675,0.7117962466487936,5.830951894845301,2.946336330083036,0.39667938074938297,0.22515635858234886,2.9806747436523438,,,2.4339025020599365
seg_refiner__detstats,tn3k_0da4e51ea4,tn3k,thyroid,,1,1,,,,,,,,0.0,0.0,
refiner,tn3k_0da4e51ea4,tn3k,thyroid,0.7599729299545288,1,1,0.863618901267768,0.7599729546991211,5.0,2.336886596685684,0.5239594742606791,0.1911049339819319,2.408133029937744,,,3.153082847595215
refiner__detstats,tn3k_0da4e51ea4,tn3k,thyroid,,1,1,,,,,,,,0.0,0.0,
rough_otsu,tn3k_0da4e51ea4,tn3k,thyroid,0.7600446343421936,1,1,0.8636651870640456,0.7600446428571429,7.420804044670494,2.778254836066729,0.5721213628450634,0.19179986101459348,3.1811611652374268,,,3.1811611652374268
rough_otsu__detstats,tn3k_0da4e51ea4,tn3k,thyroid,,1,1,,,,,,,,0.0,0.0,
refiner_box,tn3k_0da4e51ea4,tn3k,thyroid,0.7661017179489136,1,1,0.8675623800383877,0.7661016949152543,5.0,2.2856788260530054,0.5393319700068165,0.18971507991660877,2.3542628288269043,,,3.2636256217956543
refiner_box__detstats,tn3k_0da4e51ea4,tn3k,thyroid,,1,1,,,,,,,,0.0,0.0,
refiner_gtbox,tn3k_0da4e51ea4,tn3k,thyroid,0.830779492855072,1,1,0.9075691411935953,0.8307794803464357,4.123105625617661,1.576471357475081,0.7045769764216367,0.09034051424600417,1.9390335083007812,,,3.569431781768799
refiner_gtbox__detstats,tn3k_0da4e51ea4,tn3k,thyroid,,1,1,,,,,,,,0.0,0.0,
rough_otsu_gtbox,tn3k_0da4e51ea4,tn3k,thyroid,0.713132381439209,1,1,0.8325479107759974,0.7131324004305705,7.810249675906654,3.02086422258151,0.4510196160391724,0.21195274496177902,3.5830814838409424,,,3.5830814838409424
rough_otsu_gtbox__detstats,tn3k_0da4e51ea4,tn3k,thyroid,,1,1,,,,,,,,0.0,0.0,
yolo26n_seg,tn3k_23a6a670c5,tn3k,thyroid,0.5969230532646179,1,1,0.7475915221579962,0.5969230769230769,5.127634042946955,1.883619988949363,0.7560005486215882,0.6479591836734694,2.0241806507110596,,,
yolo26n_seg__detstats,tn3k_23a6a670c5,tn3k,thyroid,,1,1,,,,,,,,0.0,0.0,
seg_refiner,tn3k_23a6a670c5,tn3k,thyroid,0.6192170977592468,1,1,0.7648351648351648,0.6192170818505338,4.123105625617661,1.6603709089669154,0.7475813544415129,0.32142857142857145,1.8256359100341797,,,2.256350040435791
seg_refiner__detstats,tn3k_23a6a670c5,tn3k,thyroid,,1,1,,,,,,,,0.0,0.0,
refiner,tn3k_23a6a670c5,tn3k,thyroid,0.6914498209953308,1,1,0.8175824175824176,0.6914498141263941,3.7041634565979917,1.221262695955614,0.8537699923838538,0.32142857142857145,1.5158097743988037,,,1.2945785522460938
refiner__detstats,tn3k_23a6a670c5,tn3k,thyroid,,1,1,,,,,,,,0.0,0.0,
rough_otsu,tn3k_23a6a670c5,tn3k,thyroid,0.718367338180542,1,1,0.836104513064133,0.7183673469387755,3.0649110640673505,0.9839598274386627,0.8929833417465927,0.14795918367346939,1.2918071746826172,,,1.2918071746826172
rough_otsu__detstats,tn3k_23a6a670c5,tn3k,thyroid,,1,1,,,,,,,,0.0,0.0,
refiner_box,tn3k_23a6a670c5,tn3k,thyroid,0.6691176295280457,1,1,0.801762114537445,0.6691176470588235,3.605551275463989,1.3369226242823058,0.8177434908389585,0.3163265306122449,1.5763459205627441,,,3.1485471725463867
refiner_box__detstats,tn3k_23a6a670c5,tn3k,thyroid,,1,1,,,,,,,,0.0,0.0,
refiner_gtbox,tn3k_23a6a670c5,tn3k,thyroid,0.7490196228027344,1,1,0.8565022421524664,0.7490196078431373,2.23606797749979,0.9202896123535298,0.923892464975388,0.2755102040816326,1.0485527515411377,,,1.0108449459075928
refiner_gtbox__detstats,tn3k_23a6a670c5,tn3k,thyroid,,1,1,,,,,,,,0.0,0.0,
rough_otsu_gtbox,tn3k_23a6a670c5,tn3k,thyroid,0.7042253613471985,1,1,0.8264462809917356,0.704225352112676,2.354539806949063,1.1110600542134792,0.8815701929474384,0.14795918367346939,1.010721206665039,,,1.010721206665039
rough_otsu_gtbox__detstats,tn3k_23a6a670c5,tn3k,thyroid,,1,1,,,,,,,,0.0,0.0,
yolo26n_seg,tn3k_c7e252f632,tn3k,thyroid,0.6876404285430908,1,1,0.8149134487350199,0.6876404494382022,5.0,1.6781299026181427,0.6789755807027993,0.195906432748538,2.026871919631958,,,
yolo26n_seg__detstats,tn3k_c7e252f632,tn3k,thyroid,,1,1,,,,,,,,0.0,0.0,
seg_refiner,tn3k_c7e252f632,tn3k,thyroid,0.7339901328086853,1,1,0.8465909090909091,0.7339901477832512,4.0,1.3216208461940733,0.7742168457163493,0.05847953216374269,1.564310073852539,,,1.934647560119629
seg_refiner__detstats,tn3k_c7e252f632,tn3k,thyroid,,1,1,,,,,,,,0.0,0.0,
refiner,tn3k_c7e252f632,tn3k,thyroid,0.7251908183097839,1,1,0.8407079646017699,0.7251908396946565,3.1622776601683795,1.2889743114775007,0.8473107732548635,0.017543859649122806,1.539496660232544,,,1.8433563709259033
refiner__detstats,tn3k_c7e252f632,tn3k,thyroid,,1,1,,,,,,,,0.0,0.0,
rough_otsu,tn3k_c7e252f632,tn3k,thyroid,0.6563307642936707,1,1,0.7925117004680188,0.6563307493540051,4.061552812808831,1.611169746590786,0.7253494522100491,0.12573099415204678,1.8422198295593262,,,1.8422198295593262
rough_otsu__detstats,tn3k_c7e252f632,tn3k,thyroid,,1,1,,,,,,,,0.0,0.0,
refiner_box,tn3k_c7e252f632,tn3k,thyroid,0.7318840622901917,1,1,0.8451882845188284,0.7318840579710145,4.0,1.2812173120262529,0.8070175438596492,0.09649122807017543,1.5831944942474365,,,2.813408374786377
refiner_box__detstats,tn3k_c7e252f632,tn3k,thyroid,,1,1,,,,,,,,0.0,0.0,
refiner_gtbox,tn3k_c7e252f632,tn3k,thyroid,0.8053333163261414,1,1,0.8921713441654358,0.8053333333333333,2.0,0.8709292418624617,0.9876543209876543,0.02046783625730994,1.0081408023834229,,,1.2076170444488525
refiner_gtbox__detstats,tn3k_c7e252f632,tn3k,thyroid,,1,1,,,,,,,,0.0,0.0,
rough_otsu_gtbox,tn3k_c7e252f632,tn3k,thyroid,0.7443181872367859,1,1,0.8534201954397395,0.7443181818181818,3.273096063992282,1.2052602152845648,0.8144851304875582,0.2046783625730994,1.209743618965149,,,1.209743618965149
rough_otsu_gtbox__detstats,tn3k_c7e252f632,tn3k,thyroid,,1,1,,,,,,,,0.0,0.0,
yolo26n_seg,tn3k_7e276061f2,tn3k,thyroid,0.7076602578163147,1,1,0.828806835520293,0.7076602397081814,7.0,3.3352608881151067,0.2687096774193548,0.015375153751537515,3.243462562561035,,,
yolo26n_seg__detstats,tn3k_7e276061f2,tn3k,thyroid,,1,1,,,,,,,,0.0,0.0,
seg_refiner,tn3k_7e276061f2,tn3k,thyroid,0.6919528245925903,1,1,0.8179339594062406,0.6919528446950282,7.615773105863909,3.4733615968090525,0.3436109832796441,0.03013530135301353,3.8557534217834473,,,3.754047393798828
seg_refiner__detstats,tn3k_7e276061f2,tn3k,thyroid,,1,1,,,,,,,,0.0,0.0,
refiner,tn3k_7e276061f2,tn3k,thyroid,0.0,1,1,0.0,0.0,,,0.0,,,,,
refiner__detstats,tn3k_7e276061f2,tn3k,thyroid,,1,1,,,,,,,,1.0,1.0,
rough_otsu,tn3k_7e276061f2,tn3k,thyroid,0.0,1,1,0.0,0.0,,,0.0,,,,,
rough_otsu__detstats,tn3k_7e276061f2,tn3k,thyroid,,1,1,,,,,,,,1.0,1.0,
refiner_box,tn3k_7e276061f2,tn3k,thyroid,0.7071428298950195,1,1,0.8284518828451883,0.7071428571428572,7.498290980059714,3.2780628763891277,0.3556701030927836,0.05781057810578106,3.5544376373291016,,,5.275658130645752
refiner_box__detstats,tn3k_7e276061f2,tn3k,thyroid,,1,1,,,,,,,,0.0,0.0,
refiner_gtbox,tn3k_7e276061f2,tn3k,thyroid,0.6414881348609924,1,1,0.7815934065934066,0.6414881623449831,12.049884857752751,3.582023922548427,0.451303464620246,0.2091020910209102,3.4020047187805176,,,5.750672340393066
refiner_gtbox__detstats,tn3k_7e276061f2,tn3k,thyroid,,1,1,,,,,,,,0.0,0.0,
rough_otsu_gtbox,tn3k_7e276061f2,tn3k,thyroid,0.5239375829696655,1,1,0.6876103070949523,0.5239376008606778,13.07620511586463,5.399902405416477,0.3111217641418984,0.25768757687576876,5.766229629516602,,,5.766229629516602
rough_otsu_gtbox__detstats,tn3k_7e276061f2,tn3k,thyroid,,1,1,,,,,,,,0.0,0.0,
yolo26n_seg,tn3k_590deedf34,tn3k,thyroid,0.8422732353210449,1,1,0.9143847025118262,0.8422732294095986,9.225753335401025,3.608301139122389,0.4123183716689217,0.07700192184497118,2.9924957752227783,,,
yolo26n_seg__detstats,tn3k_590deedf34,tn3k,thyroid,,1,1,,,,,,,,0.0,0.0,
seg_refiner,tn3k_590deedf34,tn3k,thyroid,0.7835848927497864,1,1,0.8786628435554934,0.7835848821254834,13.237869369738085,5.243835533510936,0.2833738640726993,0.16796925048046124,5.551983833312988,,,3.645839214324951
seg_refiner__detstats,tn3k_590deedf34,tn3k,thyroid,,1,1,,,,,,,,0.0,0.0,
refiner,tn3k_590deedf34,tn3k,thyroid,0.7339299321174622,1,1,0.8465508468416079,0.7339299218553063,13.418268674102485,6.371918772892341,0.2997393570807993,0.23741191543882126,6.173531532287598,,,6.422362327575684
refiner__detstats,tn3k_590deedf34,tn3k,thyroid,,1,1,,,,,,,,0.0,0.0,
rough_otsu,tn3k_590deedf34,tn3k,thyroid,0.7690109610557556,1,1,0.8694247383578001,0.7690109343936382,15.231546211727817,5.021933667764404,0.3548537466495747,0.17591287636130684,6.3777570724487305,,,6.3777570724487305
rough_otsu__detstats,tn3k_590deedf34,tn3k,thyroid,,1,1,,,,,,,,0.0,0.0,
refiner_box,tn3k_590deedf34,tn3k,thyroid,0.7974333167076111,1,1,0.8873022539549209,0.7974333165576245,14.959820624195542,4.681211943520433,0.35880760744307366,0.16963484945547727,4.548243999481201,,,5.849501609802246
refiner_box__detstats,tn3k_590deedf34,tn3k,thyroid,,1,1,,,,,,,,0.0,0.0,
refiner_gtbox,tn3k_590deedf34,tn3k,thyroid,0.8428320288658142,1,1,0.9147138964577657,0.842832036153653,10.44030650891055,3.4082418688193377,0.4642712687070244,0.11915438821268418,3.998663902282715,,,6.782027244567871
refiner_gtbox__detstats,tn3k_590deedf34,tn3k,thyroid,,1,1,,,,,,,,0.0,0.0,
rough_otsu_gtbox,tn3k_590deedf34,tn3k,thyroid,0.7781502604484558,1,1,0.8752356803848904,0.7781502890173411,17.711479793658533,4.936322358467011,0.3911557870830087,0.0293401665598975,6.775558948516846,,,6.775558948516846
rough_otsu_gtbox__detstats,tn3k_590deedf34,tn3k,thyroid,,1,1,,,,,,,,0.0,0.0,
yolo26n_seg,tn3k_4b0e949d30,tn3k,thyroid,0.7091394066810608,1,1,0.8298204527712725,0.7091394262841895,7.0,4.426953796084513,0.03882418191902385,0.4101599247412982,4.463421821594238,,,
yolo26n_seg__detstats,tn3k_4b0e949d30,tn3k,thyroid,,1,1,,,,,,,,0.0,0.0,
seg_refiner,tn3k_4b0e949d30,tn3k,thyroid,0.7469244003295898,1,1,0.8551307847082495,0.7469244288224957,6.324555320336759,3.576031894571182,0.21665864227250842,0.3377234242709313,4.087234020233154,,,4.73094367980957
seg_refiner__detstats,tn3k_4b0e949d30,tn3k,thyroid,,1,1,,,,,,,,0.0,0.0,
refiner,tn3k_4b0e949d30,tn3k,thyroid,0.578792929649353,1,1,0.733209450491107,0.5787929589270746,15.297058540778355,3.943433326870017,0.49141762452107274,0.22812793979303858,4.540915489196777,,,6.820682048797607
refiner__detstats,tn3k_4b0e949d30,tn3k,thyroid,,1,1,,,,,,,,0.0,0.0,
rough_otsu,tn3k_4b0e949d30,tn3k,thyroid,0.0,1,1,0.0,0.0,,,0.0,,,,,
rough_otsu__detstats,tn3k_4b0e949d30,tn3k,thyroid,,1,1,,,,,,,,1.0,1.0,
refiner_box,tn3k_4b0e949d30,tn3k,thyroid,0.7684515118598938,1,1,0.8690671031096563,0.768451519536903,5.0,3.2500405344729932,0.2448712352684417,0.2991533396048918,3.5751891136169434,,,8.240617752075195
refiner_box__detstats,tn3k_4b0e949d30,tn3k,thyroid,,1,1,,,,,,,,0.0,0.0,
refiner_gtbox,tn3k_4b0e949d30,tn3k,thyroid,0.880158007144928,1,1,0.9362596310996965,0.8801580333625988,3.605551275463989,1.4399887479963684,0.7755095733337454,0.01458137347130762,1.7370245456695557,,,2.1145150661468506
refiner_gtbox__detstats,tn3k_4b0e949d30,tn3k,thyroid,,1,1,,,,,,,,0.0,0.0,
rough_otsu_gtbox,tn3k_4b0e949d30,tn3k,thyroid,0.867755115032196,1,1,0.9291958041958042,0.8677551020408163,6.0,1.8524487214987921,0.6319671444137122,0.1523988711194732,2.125342845916748,,,2.125342845916748
rough_otsu_gtbox__detstats,tn3k_4b0e949d30,tn3k,thyroid,,1,1,,,,,,,,0.0,0.0,
yolo26n_seg,tn3k_35e6fc5a11,tn3k,thyroid,0.8447062969207764,1,1,0.9158165697397274,0.8447062961660218,6.662441978239398,2.885171361270886,0.4211349419124218,0.16000823723228996,3.305748701095581,,,
yolo26n_seg__detstats,tn3k_35e6fc5a11,tn3k,thyroid,,1,1,,,,,,,,0.0,0.0,
seg_refiner,tn3k_35e6fc5a11,tn3k,thyroid,0.8015213012695312,1,1,0.8898271798900236,0.801521316115337,7.615773105863909,3.600835830162207,0.29494522604682194,0.09719934102141681,4.123046398162842,,,3.140145778656006
seg_refiner__detstats,tn3k_35e6fc5a11,tn3k,thyroid,,1,1,,,,,,,,0.0,0.0,
refiner,tn3k_35e6fc5a11,tn3k,thyroid,0.8305914998054504,1,1,0.9074569789674952,0.8305915295764789,7.0,3.109582266548589,0.41271796256147664,0.15403624382207579,3.7116971015930176,,,4.729216575622559
refiner__detstats,tn3k_35e6fc5a11,tn3k,thyroid,,1,1,,,,,,,,0.0,0.0,
rough_otsu,tn3k_35e6fc5a11,tn3k,thyroid,0.760105311870575,1,1,0.8637043366801965,0.7601052829479226,9.433981132056603,3.563856832210959,0.37406398910823685,0.07207578253706755,4.735200881958008,,,4.735200881958008
rough_otsu__detstats,tn3k_35e6fc5a11,tn3k,thyroid,,1,1,,,,,,,,0.0,0.0,
refiner_box,tn3k_35e6fc5a11,tn3k,thyroid,0.8040191531181335,1,1,0.8913643331630046,0.804019174041298,6.0,3.4496719550784434,0.29723706391611193,0.015032948929159802,3.795468807220459,,,9.880743026733398
refiner_box__detstats,tn3k_35e6fc5a11,tn3k,thyroid,,1,1,,,,,,,,0.0,0.0,
refiner_gtbox,tn3k_35e6fc5a11,tn3k,thyroid,0.8055463433265686,1,1,0.8923020325577118,0.8055463301228828,8.052919086053768,3.6467117796931605,0.2599814298978645,0.23908566721581548,4.125201225280762,,,5.490691184997559
refiner_gtbox__detstats,tn3k_35e6fc5a11,tn3k,thyroid,,1,1,,,,,,,,0.0,0.0,
rough_otsu_gtbox,tn3k_35e6fc5a11,tn3k,thyroid,0.7317220568656921,1,1,0.8450802512212142,0.7317220543806646,13.0,4.360141261534164,0.3500027772120494,0.22940691927512355,5.546976566314697,,,5.546976566314697
rough_otsu_gtbox__detstats,tn3k_35e6fc5a11,tn3k,thyroid,,1,1,,,,,,,,0.0,0.0,
yolo26n_seg,tn3k_296169decd,tn3k,thyroid,0.5143908858299255,1,1,0.6793370165745857,0.5143908969210174,42.0,10.993884278021016,0.28451698279664756,0.4274543874891399,6.2285590171813965,,,
yolo26n_seg__detstats,tn3k_296169decd,tn3k,thyroid,,1,1,,,,,,,,0.0,0.0,
seg_refiner,tn3k_296169decd,tn3k,thyroid,0.5407443642616272,1,1,0.7019261466425455,0.5407443843252993,38.55510562847435,10.39322952402704,0.23014507007622328,0.3671589921807124,7.034322738647461,,,7.1589813232421875
seg_refiner__detstats,tn3k_296169decd,tn3k,thyroid,,1,1,,,,,,,,0.0,0.0,
refiner,tn3k_296169decd,tn3k,thyroid,0.0,1,1,0.0,0.0,,,0.0,,,,,
refiner__detstats,tn3k_296169decd,tn3k,thyroid,,1,1,,,,,,,,1.0,1.0,
rough_otsu,tn3k_296169decd,tn3k,thyroid,0.0,1,1,0.0,0.0,,,0.0,,,,,
rough_otsu__detstats,tn3k_296169decd,tn3k,thyroid,,1,1,,,,,,,,1.0,1.0,
refiner_box,tn3k_296169decd,tn3k,thyroid,0.5345289707183838,1,1,0.6966684871654834,0.5345289976533691,40.634724117708295,10.275846861187606,0.23766210903116014,0.4092093831450912,6.318422317504883,,,7.827795505523682
refiner_box__detstats,tn3k_296169decd,tn3k,thyroid,,1,1,,,,,,,,0.0,0.0,
refiner_gtbox,tn3k_296169decd,tn3k,thyroid,0.6137565970420837,1,1,0.760655737704918,0.6137566137566137,28.972347875864717,8.158822916639494,0.23758099352051834,0.2510860121633362,7.5307464599609375,,,8.883285522460938
refiner_gtbox__detstats,tn3k_296169decd,tn3k,thyroid,,1,1,,,,,,,,0.0,0.0,
rough_otsu_gtbox,tn3k_296169decd,tn3k,thyroid,0.0,1,1,0.0,0.0,,,0.0,,,,,
rough_otsu_gtbox__detstats,tn3k_296169decd,tn3k,thyroid,,1,1,,,,,,,,1.0,1.0,
yolo26n_seg,tn3k_06a3d8dc62,tn3k,thyroid,0.6914529800415039,1,1,0.8175846387064174,0.6914529914529914,8.06225774829855,4.1463362975215485,0.2145813047711782,0.3601669648181276,4.612085342407227,,,
yolo26n_seg__detstats,tn3k_06a3d8dc62,tn3k,thyroid,,1,1,,,,,,,,0.0,0.0,
seg_refiner,tn3k_06a3d8dc62,tn3k,thyroid,0.7126073241233826,1,1,0.8321899736147758,0.7126073203795752,7.280109889280518,3.59142528037901,0.19294117647058825,0.2599880739415623,4.086822032928467,,,4.641654014587402
seg_refiner__detstats,tn3k_06a3d8dc62,tn3k,thyroid,,1,1,,,,,,,,0.0,0.0,
refiner,tn3k_06a3d8dc62,tn3k,thyroid,0.7052391767501831,1,1,0.827144002137323,0.705239179954442,8.54400374531753,3.716314565754179,0.33019049451606697,0.2319618366129994,4.206031322479248,,,9.047924995422363
refiner__detstats,tn3k_06a3d8dc62,tn3k,thyroid,,1,1,,,,,,,,0.0,0.0,
rough_otsu,tn3k_06a3d8dc62,tn3k,thyroid,0.521942138671875,1,1,0.6858895705521473,0.5219421101774043,15.610876826956916,8.2323591405445,0.12798634812286688,0.9159212880143113,9.055428504943848,,,9.055428504943848
rough_otsu__detstats,tn3k_06a3d8dc62,tn3k,thyroid,,1,1,,,,,,,,0.0,0.0,
refiner_box,tn3k_06a3d8dc62,tn3k,thyroid,0.7041742205619812,1,1,0.8264110756123536,0.7041742286751361,8.06225774829855,3.731227589168358,0.3333333333333333,0.23971377459749552,4.210915565490723,,,9.014902114868164
refiner_box__detstats,tn3k_06a3d8dc62,tn3k,thyroid,,1,1,,,,,,,,0.0,0.0,
refiner_gtbox,tn3k_06a3d8dc62,tn3k,thyroid,0.8596792817115784,1,1,0.9245457345241762,0.8596792668957618,3.0,1.461881546111992,0.7411920317447593,0.06380441264162194,1.6365737915039062,,,2.8170008659362793
refiner_gtbox__detstats,tn3k_06a3d8dc62,tn3k,thyroid,,1,1,,,,,,,,0.0,0.0,
rough_otsu_gtbox,tn3k_06a3d8dc62,tn3k,thyroid,0.8020086288452148,1,1,0.8901273885350318,0.8020086083213773,6.722793735874404,2.542765971960724,0.5472502805836138,0.24686940966010734,2.827815294265747,,,2.827815294265747
rough_otsu_gtbox__detstats,tn3k_06a3d8dc62,tn3k,thyroid,,1,1,,,,,,,,0.0,0.0,
yolo26n_seg,tn3k_19a026406b,tn3k,thyroid,0.8598468899726868,1,1,0.9246426669943072,0.8598468979700651,17.46424919657298,6.3172029625452994,0.41926962815826285,0.12659684658763953,7.361696243286133,,,
yolo26n_seg__detstats,tn3k_19a026406b,tn3k,thyroid,,1,1,,,,,,,,0.0,0.0,
seg_refiner,tn3k_19a026406b,tn3k,thyroid,0.7579670548439026,1,1,0.8623222445232096,0.7579670432791562,21.981799360040057,11.104197721438599,0.11116521074991646,0.20332220815590593,10.509628295898438,,,6.144311428070068
seg_refiner__detstats,tn3k_19a026406b,tn3k,thyroid,,1,1,,,,,,,,0.0,0.0,
refiner,tn3k_19a026406b,tn3k,thyroid,0.7603867053985596,1,1,0.8638859832635983,0.7603866958223041,23.323807579381203,10.581086019857052,0.04805791915451349,0.23961330417769594,11.28176212310791,,,13.87063217163086
refiner__detstats,tn3k_19a026406b,tn3k,thyroid,,1,1,,,,,,,,0.0,0.0,
rough_otsu,tn3k_19a026406b,tn3k,thyroid,0.6307300329208374,1,1,0.773555439875065,0.6307300509337861,29.427877939124322,12.923882659535014,0.16487920308385176,0.30502167491464305,13.979042053222656,,,13.979042053222656
rough_otsu__detstats,tn3k_19a026406b,tn3k,thyroid,,1,1,,,,,,,,0.0,0.0,
refiner_box,tn3k_19a026406b,tn3k,thyroid,0.7909778356552124,1,1,0.883291601239231,0.7909778436514271,16.15549442140351,9.225469346112773,0.14282475629109045,0.19212030536693905,9.150787353515625,,,6.577176094055176
refiner_box__detstats,tn3k_19a026406b,tn3k,thyroid,,1,1,,,,,,,,0.0,0.0,
refiner_gtbox,tn3k_19a026406b,tn3k,thyroid,0.8088432550430298,1,1,0.8943209981147663,0.8088432506992606,19.313207915827967,8.862257351621228,0.10539763653784734,0.18893620286185597,9.908143997192383,,,14.193156242370605
refiner_gtbox__detstats,tn3k_19a026406b,tn3k,thyroid,,1,1,,,,,,,,0.0,0.0,
rough_otsu_gtbox,tn3k_19a026406b,tn3k,thyroid,0.6751969456672668,1,1,0.8061105111591073,0.6751969245844797,29.328222797489282,12.40701900309654,0.2361161416577919,0.29485556450684774,14.141742706298828,,,14.141742706298828
rough_otsu_gtbox__detstats,tn3k_19a026406b,tn3k,thyroid,,1,1,,,,,,,,0.0,0.0,
yolo26n_seg,tn3k_8f329a1655,tn3k,thyroid,0.7296818494796753,1,1,0.8437180087796922,0.7296818727490997,57.82205977531598,12.824760855628751,0.09248731695031123,0.36899868464320945,16.715057373046875,,,
yolo26n_seg__detstats,tn3k_8f329a1655,tn3k,thyroid,,1,1,,,,,,,,0.0,0.0,
seg_refiner,tn3k_8f329a1655,tn3k,thyroid,0.7673658132553101,1,1,0.8683723549762652,0.7673658016352648,25.07388436781137,8.905026058235524,0.21061838230687302,0.0435711936862874,10.680861473083496,,,20.51941680908203
seg_refiner__detstats,tn3k_8f329a1655,tn3k,thyroid,,1,1,,,,,,,,0.0,0.0,
refiner,tn3k_8f329a1655,tn3k,thyroid,0.8121806383132935,1,2,0.8963572449492023,0.8121806090304515,25.834029349331416,8.09369604235925,0.2432342571985706,0.12816507727721144,8.652751922607422,,,12.561759948730469
refiner__detstats,tn3k_8f329a1655,tn3k,thyroid,,1,2,,,,,,,,0.0,1.0,
rough_otsu,tn3k_8f329a1655,tn3k,thyroid,0.7707530856132507,1,2,0.87053706505295,0.7707531058500485,38.86835442770723,8.818585615502213,0.3556534370460615,0.1736270963498849,12.538069725036621,,,12.538069725036621
rough_otsu__detstats,tn3k_8f329a1655,tn3k,thyroid,,1,2,,,,,,,,0.0,1.0,
refiner_box,tn3k_8f329a1655,tn3k,thyroid,0.6818626523017883,1,2,0.810842260173175,0.6818626604501238,62.107562592705804,15.845324744636294,0.17742701625148927,0.4020881289049655,16.183223724365234,,,33.47153854370117
refiner_box__detstats,tn3k_8f329a1655,tn3k,thyroid,,1,2,,,,,,,,0.0,1.0,
refiner_gtbox,tn3k_8f329a1655,tn3k,thyroid,0.8284944295883179,1,1,0.9062039287564251,0.8284944082182798,22.382984830847143,7.403477401561409,0.2795327556253489,0.06321933574482078,8.26585578918457,,,10.145915985107422
refiner_gtbox__detstats,tn3k_8f329a1655,tn3k,thyroid,,1,1,,,,,,,,0.0,0.0,
rough_otsu_gtbox,tn3k_8f329a1655,tn3k,thyroid,0.8000576496124268,1,1,0.8889244622311155,0.8000576306595109,29.697642777308825,6.6952731389694655,0.34862385321100914,0.05421736270963499,10.161092758178711,,,10.161092758178711
rough_otsu_gtbox__detstats,tn3k_8f329a1655,tn3k,thyroid,,1,1,,,,,,,,0.0,0.0,
yolo26n_seg,tn3k_2f57a34a70,tn3k,thyroid,0.5697900652885437,1,1,0.7259442724458204,0.5697900466562986,24.072799508274098,8.392910817888938,0.29930182403041267,0.7456647398843931,6.775658130645752,,,
yolo26n_seg__detstats,tn3k_2f57a34a70,tn3k,thyroid,,1,1,,,,,,,,0.0,0.0,
seg_refiner,tn3k_2f57a34a70,tn3k,thyroid,0.6126050353050232,1,1,0.7597707139134966,0.6126050420168068,24.062409858963605,7.212045495261334,0.31751227495908346,0.6099965997959877,8.582265853881836,,,10.287222862243652
seg_refiner__detstats,tn3k_2f57a34a70,tn3k,thyroid,,1,1,,,,,,,,0.0,0.0,
refiner,tn3k_2f57a34a70,tn3k,thyroid,0.0,1,1,0.0,0.0,,,0.0,,,,,
refiner__detstats,tn3k_2f57a34a70,tn3k,thyroid,,1,1,,,,,,,,1.0,1.0,
rough_otsu,tn3k_2f57a34a70,tn3k,thyroid,0.0,1,1,0.0,0.0,,,0.0,,,,,
rough_otsu__detstats,tn3k_2f57a34a70,tn3k,thyroid,,1,1,,,,,,,,1.0,1.0,
refiner_box,tn3k_2f57a34a70,tn3k,thyroid,0.0,1,1,0.0,0.0,,,0.0,,,,,
refiner_box__detstats,tn3k_2f57a34a70,tn3k,thyroid,,1,1,,,,,,,,1.0,1.0,
refiner_gtbox,tn3k_2f57a34a70,tn3k,thyroid,0.8800268173217773,1,1,0.9361853832442067,0.8800268096514745,5.327390086064315,1.5866707667113424,0.7759369797376864,0.09248554913294797,1.5471864938735962,,,3.8041062355041504
refiner_gtbox__detstats,tn3k_2f57a34a70,tn3k,thyroid,,1,1,,,,,,,,0.0,0.0,
rough_otsu_gtbox,tn3k_2f57a34a70,tn3k,thyroid,0.7340317964553833,1,1,0.8466185928668876,0.7340317674890166,12.041594578792296,3.870481308731613,0.45238095238095244,0.2553553213192792,3.8432977199554443,,,3.8432977199554443
rough_otsu_gtbox__detstats,tn3k_2f57a34a70,tn3k,thyroid,,1,1,,,,,,,,0.0,0.0,
yolo26n_seg,tn3k_71a5ca06ee,tn3k,thyroid,0.8031383752822876,1,2,0.8908227848101266,0.8031383737517832,11.0,2.490486951358086,0.6412868632707776,0.1281007034431692,1.7146267890930176,,,
yolo26n_seg__detstats,tn3k_71a5ca06ee,tn3k,thyroid,,1,2,,,,,,,,0.0,1.0,
seg_refiner,tn3k_71a5ca06ee,tn3k,thyroid,0.7502745985984802,1,2,0.8573221757322176,0.7502746246796046,12.074586786180575,3.274652895980177,0.4653021678575754,0.2302850796001481,2.434208393096924,,,1.8883177042007446
seg_refiner__detstats,tn3k_71a5ca06ee,tn3k,thyroid,,1,2,,,,,,,,0.0,1.0,
refiner,tn3k_71a5ca06ee,tn3k,thyroid,0.5813605785369873,1,1,0.7352663094862906,0.5813605781211064,22.19795924733451,7.0624605600026715,0.28067988045252024,0.34950018511662345,8.843100547790527,,,11.913822174072266
refiner__detstats,tn3k_71a5ca06ee,tn3k,thyroid,,1,1,,,,,,,,0.0,0.0,
rough_otsu,tn3k_71a5ca06ee,tn3k,thyroid,0.5697729587554932,1,1,0.7259303902365527,0.5697729422894986,33.95806100806433,6.926800304558124,0.36998382821226716,0.457238059977786,11.864500999450684,,,11.864500999450684
rough_otsu__detstats,tn3k_71a5ca06ee,tn3k,thyroid,,1,1,,,,,,,,0.0,0.0,
refiner_box,tn3k_71a5ca06ee,tn3k,thyroid,0.5322105288505554,1,1,0.6946963451497664,0.5322105263157895,24.074877438136195,9.01916758653266,0.3128021862518394,0.6945575712699,10.510629653930664,,,20.140220642089844
refiner_box__detstats,tn3k_71a5ca06ee,tn3k,thyroid,,1,1,,,,,,,,0.0,0.0,
refiner_gtbox,tn3k_71a5ca06ee,tn3k,thyroid,0.7442445755004883,1,1,0.8533718292431429,0.7442446043165467,8.246211251235321,3.095761146497547,0.3714319554660665,0.20473898556090336,2.9759066104888916,,,3.1924448013305664
refiner_gtbox__detstats,tn3k_71a5ca06ee,tn3k,thyroid,,1,1,,,,,,,,0.0,0.0,
rough_otsu_gtbox,tn3k_71a5ca06ee,tn3k,thyroid,0.7690507769584656,1,1,0.8694502172680899,0.7690508021390374,6.259644256269392,2.549236138984787,0.5330151808121117,0.04035542391706775,3.218686819076538,,,3.218686819076538
rough_otsu_gtbox__detstats,tn3k_71a5ca06ee,tn3k,thyroid,,1,1,,,,,,,,0.0,0.0,
yolo26n_seg,tn3k_0bf4ed2885,tn3k,thyroid,0.755294144153595,1,1,0.8605898123324397,0.7552941176470588,14.795196766358927,5.006159964338485,0.3464252521427834,0.07359586830213041,3.933849334716797,,,
yolo26n_seg__detstats,tn3k_0bf4ed2885,tn3k,thyroid,,1,1,,,,,,,,0.0,0.0,
seg_refiner,tn3k_0bf4ed2885,tn3k,thyroid,0.7251875400543213,1,1,0.8407057446274772,0.7251875360646278,16.278820596099706,5.823124735244079,0.25526050653727234,0.06988379599741769,4.768859386444092,,,4.199456214904785
seg_refiner__detstats,tn3k_0bf4ed2885,tn3k,thyroid,,1,1,,,,,,,,0.0,0.0,
refiner,tn3k_0bf4ed2885,tn3k,thyroid,0.5599393248558044,1,1,0.7178988326848249,0.5599393019726859,24.632248363783415,8.479967712512487,0.3064877131961287,0.3408650742414461,7.069958209991455,,,7.958041191101074
refiner__detstats,tn3k_0bf4ed2885,tn3k,thyroid,,1,1,,,,,,,,0.0,0.0,
rough_otsu,tn3k_0bf4ed2885,tn3k,thyroid,0.6370823383331299,1,1,0.7783143507972665,0.6370823389021479,20.12461179749811,7.068065388301001,0.2191663461202224,0.2286959328599096,7.965330600738525,,,7.965330600738525
rough_otsu__detstats,tn3k_0bf4ed2885,tn3k,thyroid,,1,1,,,,,,,,0.0,0.0,
refiner_box,tn3k_0bf4ed2885,tn3k,thyroid,0.719994068145752,1,1,0.8372052854305208,0.7199940582293524,21.341028127325945,5.969155835563047,0.3879476413929366,0.13121368624919302,4.356346130371094,,,10.071686744689941
refiner_box__detstats,tn3k_0bf4ed2885,tn3k,thyroid,,1,1,,,,,,,,0.0,0.0,
refiner_gtbox,tn3k_0bf4ed2885,tn3k,thyroid,0.625445544719696,1,1,0.7695681511470985,0.6254455717027694,21.93171219946131,7.143409128414316,0.2883843777051832,0.08650742414460942,6.9227399826049805,,,7.247062683105469
refiner_gtbox__detstats,tn3k_0bf4ed2885,tn3k,thyroid,,1,1,,,,,,,,0.0,0.0,
rough_otsu_gtbox,tn3k_0bf4ed2885,tn3k,thyroid,0.6592443585395813,1,1,0.7946320346320346,0.6592443614423215,16.147749690201906,5.513919116679252,0.30441124691916904,0.13589412524209168,7.27256965637207,,,7.27256965637207
rough_otsu_gtbox__detstats,tn3k_0bf4ed2885,tn3k,thyroid,,1,1,,,,,,,,0.0,0.0,
yolo26n_seg,tn3k_fa60cf7e34,tn3k,thyroid,0.8383356332778931,1,1,0.9120593692022263,0.8383356070941337,6.0,2.2449125924461857,0.5715269804822043,0.168141592920354,2.7200419902801514,,,
yolo26n_seg__detstats,tn3k_fa60cf7e34,tn3k,thyroid,,1,1,,,,,,,,0.0,0.0,
seg_refiner,tn3k_fa60cf7e34,tn3k,thyroid,0.862689733505249,1,1,0.9262838734129241,0.862689728203318,5.0,1.8665559677172017,0.6739218057234986,0.12268704746580852,1.9989604949951172,,,2.5059926509857178
seg_refiner__detstats,tn3k_fa60cf7e34,tn3k,thyroid,,1,1,,,,,,,,0.0,0.0,
refiner,tn3k_fa60cf7e34,tn3k,thyroid,0.785314679145813,1,1,0.8797493145319232,0.7853146853146853,7.615773105863909,2.840892282424252,0.49621185792729544,0.053901850362027354,2.843965530395508,,,7.064165115356445
refiner__detstats,tn3k_fa60cf7e34,tn3k,thyroid,,1,1,,,,,,,,0.0,0.0,
rough_otsu,tn3k_fa60cf7e34,tn3k,thyroid,0.6016483306884766,1,1,0.7512864493996569,0.6016483516483516,15.338431388569255,5.519015554779416,0.24444444444444444,0.12389380530973451,7.061000823974609,,,7.061000823974609
rough_otsu__detstats,tn3k_fa60cf7e34,tn3k,thyroid,,1,1,,,,,,,,0.0,0.0,
refiner_box,tn3k_fa60cf7e34,tn3k,thyroid,0.81589674949646,1,1,0.8986157875046764,0.8158967391304348,6.535562057026177,2.5739929555869083,0.5693303302350664,0.1504424778761062,2.9842886924743652,,,8.243614196777344
refiner_box__detstats,tn3k_fa60cf7e34,tn3k,thyroid,,1,1,,,,,,,,0.0,0.0,
refiner_gtbox,tn3k_fa60cf7e34,tn3k,thyroid,0.6255813837051392,1,1,0.7696709585121603,0.6255813953488372,16.55294535724685,5.4163393262650255,0.40550443774936895,0.31295253419147223,4.5450239181518555,,,7.574673652648926
refiner_gtbox__detstats,tn3k_fa60cf7e34,tn3k,thyroid,,1,1,,,,,,,,0.0,0.0,
rough_otsu_gtbox,tn3k_fa60cf7e34,tn3k,thyroid,0.0,1,1,0.0,0.0,,,0.0,,,,,
rough_otsu_gtbox__detstats,tn3k_fa60cf7e34,tn3k,thyroid,,1,1,,,,,,,,1.0,1.0,
yolo26n_seg,tn3k_c4b29c81c3,tn3k,thyroid,0.7843092679977417,1,1,0.8791180617869504,0.7843092406221409,8.94427190999916,3.8556002532929,0.3377451879010082,0.16317400518012715,4.047163009643555,,,
yolo26n_seg__detstats,tn3k_c4b29c81c3,tn3k,thyroid,,1,1,,,,,,,,0.0,0.0,
seg_refiner,tn3k_c4b29c81c3,tn3k,thyroid,0.6768978238105774,1,1,0.8073215034232221,0.6768978444236177,11.180339887498949,5.931555673236561,0.17574692442882248,0.31481045443842715,5.947690486907959,,,3.904061794281006
seg_refiner__detstats,tn3k_c4b29c81c3,tn3k,thyroid,,1,1,,,,,,,,0.0,0.0,
refiner,tn3k_c4b29c81c3,tn3k,thyroid,0.6169060468673706,1,1,0.763069753895442,0.6169060513303508,11.027216610312358,6.942374996897182,0.03902439024390243,0.3830939486696492,7.2972493171691895,,,9.361376762390137
refiner__detstats,tn3k_c4b29c81c3,tn3k,thyroid,,1,1,,,,,,,,0.0,0.0,
rough_otsu,tn3k_c4b29c81c3,tn3k,thyroid,0.56467604637146,1,1,0.7217801355732391,0.5646760433479363,21.50229745731324,8.697780609420949,0.18662519440124417,0.4021662349894043,9.353710174560547,,,9.353710174560547
rough_otsu__detstats,tn3k_c4b29c81c3,tn3k,thyroid,,1,1,,,,,,,,0.0,0.0,
refiner_box,tn3k_c4b29c81c3,tn3k,thyroid,0.6789572834968567,1,1,0.8087844453769758,0.6789572569281352,11.397351963391042,5.809469294033701,0.1387900355871886,0.3166941370379091,5.866823196411133,,,5.0437116622924805
refiner_box__detstats,tn3k_c4b29c81c3,tn3k,thyroid,,1,1,,,,,,,,0.0,0.0,
refiner_gtbox,tn3k_c4b29c81c3,tn3k,thyroid,0.8035714030265808,1,1,0.8910891089108911,0.8035714285714286,7.615773105863909,3.3208884982513487,0.45226130653266333,0.16882505297857311,3.748839855194092,,,8.475889205932617
refiner_gtbox__detstats,tn3k_c4b29c81c3,tn3k,thyroid,,1,1,,,,,,,,0.0,0.0,
rough_otsu_gtbox,tn3k_c4b29c81c3,tn3k,thyroid,0.5613962411880493,1,1,0.7190951430472389,0.5613962185746936,20.615528128088304,7.9846091458822475,0.27641650630746206,0.2305156581116082,8.495655059814453,,,8.495655059814453
rough_otsu_gtbox__detstats,tn3k_c4b29c81c3,tn3k,thyroid,,1,1,,,,,,,,0.0,0.0,
yolo26n_seg,tn3k_2e91424732,tn3k,thyroid,0.661913275718689,1,1,0.7965677511619592,0.6619132501485443,13.390955830678024,3.762939089582914,0.400693367393486,0.283265306122449,5.938083171844482,,,
yolo26n_seg__detstats,tn3k_2e91424732,tn3k,thyroid,,1,1,,,,,,,,0.0,0.0,
seg_refiner,tn3k_2e91424732,tn3k,thyroid,0.6421903967857361,1,1,0.782114437286851,0.642190416925949,11.852349955359813,3.886721831836941,0.3956604977664327,0.15428571428571428,4.544621467590332,,,4.5679168701171875
seg_refiner__detstats,tn3k_2e91424732,tn3k,thyroid,,1,1,,,,,,,,0.0,0.0,
refiner,tn3k_2e91424732,tn3k,thyroid,0.0,1,1,0.0,0.0,,,0.0,,,,,
refiner__detstats,tn3k_2e91424732,tn3k,thyroid,,1,1,,,,,,,,1.0,1.0,
rough_otsu,tn3k_2e91424732,tn3k,thyroid,0.0,1,1,0.0,0.0,,,0.0,,,,,
rough_otsu__detstats,tn3k_2e91424732,tn3k,thyroid,,1,1,,,,,,,,1.0,1.0,
refiner_box,tn3k_2e91424732,tn3k,thyroid,0.6059438586235046,1,1,0.7546264564770391,0.6059438635112824,15.0,4.649332130814602,0.4768170643027806,0.3820408163265306,6.0343427658081055,,,9.803140640258789
refiner_box__detstats,tn3k_2e91424732,tn3k,thyroid,,1,1,,,,,,,,0.0,0.0,
refiner_gtbox,tn3k_2e91424732,tn3k,thyroid,0.5265273451805115,1,1,0.6898367561874671,0.5265273311897106,10.770329614269007,3.5528926212339025,0.3692574400462294,0.44979591836734695,4.540919303894043,,,5.2726664543151855
refiner_gtbox__detstats,tn3k_2e91424732,tn3k,thyroid,,1,1,,,,,,,,0.0,0.0,
rough_otsu_gtbox,tn3k_2e91424732,tn3k,thyroid,0.5131579041481018,1,1,0.6782608695652174,0.5131578947368421,13.0,3.8146000308766563,0.4582846979045079,0.2163265306122449,5.274566650390625,,,5.274566650390625
rough_otsu_gtbox__detstats,tn3k_2e91424732,tn3k,thyroid,,1,1,,,,,,,,0.0,0.0,
yolo26n_seg,tn3k_cb94cef301,tn3k,thyroid,0.6857267618179321,1,1,0.813568099430347,0.6857267568747272,9.211336491335112,3.7991001649330247,0.36812528788576687,0.15919923736892277,4.066504955291748,,,
yolo26n_seg__detstats,tn3k_cb94cef301,tn3k,thyroid,,1,1,,,,,,,,0.0,0.0,
seg_refiner,tn3k_cb94cef301,tn3k,thyroid,0.5476635694503784,1,1,0.7077294685990339,0.5476635514018692,13.06704021729545,5.502003761153443,0.22108903346814374,0.4213536701620591,4.916550159454346,,,3.624159574508667
seg_refiner__detstats,tn3k_cb94cef301,tn3k,thyroid,,1,1,,,,,,,,0.0,0.0,
refiner,tn3k_cb94cef301,tn3k,thyroid,0.0,1,1,0.0,0.0,,,0.0,,,,,
refiner__detstats,tn3k_cb94cef301,tn3k,thyroid,,1,1,,,,,,,,1.0,1.0,
rough_otsu,tn3k_cb94cef301,tn3k,thyroid,0.5361186861991882,1,1,0.6980172852058973,0.536118703631394,16.0,6.2302968172209,0.17662559646748804,0.12488083889418494,5.416156768798828,,,5.416156768798828
rough_otsu__detstats,tn3k_cb94cef301,tn3k,thyroid,,1,1,,,,,,,,0.0,0.0,
refiner_box,tn3k_cb94cef301,tn3k,thyroid,0.0,1,1,0.0,0.0,,,0.0,,,,,
refiner_box__detstats,tn3k_cb94cef301,tn3k,thyroid,,1,1,,,,,,,,1.0,1.0,
refiner_gtbox,tn3k_cb94cef301,tn3k,thyroid,0.0,1,1,0.0,0.0,,,0.0,,,,,
refiner_gtbox__detstats,tn3k_cb94cef301,tn3k,thyroid,,1,1,,,,,,,,1.0,1.0,
rough_otsu_gtbox,tn3k_cb94cef301,tn3k,thyroid,0.0,1,1,0.0,0.0,,,0.0,,,,,
rough_otsu_gtbox__detstats,tn3k_cb94cef301,tn3k,thyroid,,1,1,,,,,,,,1.0,1.0,
yolo26n_seg,tn3k_c11ac56796,tn3k,thyroid,0.8346080183982849,1,1,0.9098488796248045,0.8346080305927343,5.656854249492381,2.4274319241443196,0.5172520982281629,0.14946962391513982,2.599029302597046,,,
yolo26n_seg__detstats,tn3k_c11ac56796,tn3k,thyroid,,1,1,,,,,,,,0.0,0.0,
seg_refiner,tn3k_c11ac56796,tn3k,thyroid,0.7386983036994934,1,1,0.8497141803429836,0.7386983007374158,7.0710678118654755,3.923554348418844,0.23340040241448692,0.2568306010928962,3.8169946670532227,,,2.378629684448242
seg_refiner__detstats,tn3k_c11ac56796,tn3k,thyroid,,1,1,,,,,,,,0.0,0.0,
refiner,tn3k_c11ac56796,tn3k,thyroid,0.6120218634605408,1,1,0.7593220338983051,0.6120218579234973,10.63014581273465,6.102232827055159,0.12620200744016286,0.3879781420765027,6.081807613372803,,,3.732417345046997
refiner__detstats,tn3k_c11ac56796,tn3k,thyroid,,1,1,,,,,,,,0.0,0.0,
rough_otsu,tn3k_c11ac56796,tn3k,thyroid,0.7610373497009277,1,1,0.8643057503506312,0.7610373572090151,7.0,3.557248858983589,0.3001070090957731,0.16650594664095147,3.738787889480591,,,3.738787889480591
rough_otsu__detstats,tn3k_c11ac56796,tn3k,thyroid,,1,1,,,,,,,,0.0,0.0,
refiner_box,tn3k_c11ac56796,tn3k,thyroid,0.6551392674446106,1,1,0.791642484039466,0.6551392891450528,10.198039027185569,5.275428336955127,0.15715530385536922,0.33847637415621984,5.451486110687256,,,3.8405351638793945
refiner_box__detstats,tn3k_c11ac56796,tn3k,thyroid,,1,1,,,,,,,,0.0,0.0,
refiner_gtbox,tn3k_c11ac56796,tn3k,thyroid,0.8089780211448669,1,1,0.8944033790918691,0.8089780324737345,7.781078190400236,2.679275380284726,0.5458015267175572,0.17357762777242045,2.6701555252075195,,,4.853784561157227
refiner_gtbox__detstats,tn3k_c11ac56796,tn3k,thyroid,,1,1,,,,,,,,0.0,0.0,
rough_otsu_gtbox,tn3k_c11ac56796,tn3k,thyroid,0.7015721797943115,1,1,0.8246163999340043,0.70157215047726,9.219544457292887,4.365567725440076,0.2742717877815012,0.05175184828029573,4.862146377563477,,,4.862146377563477
rough_otsu_gtbox__detstats,tn3k_c11ac56796,tn3k,thyroid,,1,1,,,,,,,,0.0,0.0,
yolo26n_seg,tn3k_ac9d77257a,tn3k,thyroid,0.8242174983024597,1,1,0.9036395147313692,0.8242175150173886,5.0,2.526019112182344,0.49579831932773105,0.034071550255536626,1.9430358409881592,,,
yolo26n_seg__detstats,tn3k_ac9d77257a,tn3k,thyroid,,1,1,,,,,,,,0.0,0.0,
seg_refiner,tn3k_ac9d77257a,tn3k,thyroid,0.8293440937995911,1,1,0.9067119796091758,0.8293441094187131,5.4802561119597515,2.4982612141200553,0.48784424493089884,0.005110732538330494,2.682412624359131,,,2.6856489181518555
seg_refiner__detstats,tn3k_ac9d77257a,tn3k,thyroid,,1,1,,,,,,,,0.0,0.0,
refiner,tn3k_ac9d77257a,tn3k,thyroid,0.7724288702011108,1,1,0.8716049382716049,0.7724288840262582,7.280109889280518,3.2347497166967503,0.411764705882353,0.06814310051107325,3.5271849632263184,,,3.6010260581970215
refiner__detstats,tn3k_ac9d77257a,tn3k,thyroid,,1,1,,,,,,,,0.0,0.0,
rough_otsu,tn3k_ac9d77257a,tn3k,thyroid,0.8402692675590515,1,1,0.9132025274359827,0.8402692778457772,10.088689042296087,2.3666758035209394,0.6315870200834013,0.04906303236797274,3.6137847900390625,,,3.6137847900390625
rough_otsu__detstats,tn3k_ac9d77257a,tn3k,thyroid,,1,1,,,,,,,,0.0,0.0,
refiner_box,tn3k_ac9d77257a,tn3k,thyroid,0.7972497344017029,1,1,0.8871886120996442,0.7972497601535018,6.4031242374328485,2.943383697198109,0.44646717487768806,0.08517887563884156,3.0784378051757812,,,7.204069137573242
refiner_box__detstats,tn3k_ac9d77257a,tn3k,thyroid,,1,1,,,,,,,,0.0,0.0,
refiner_gtbox,tn3k_ac9d77257a,tn3k,thyroid,0.811675488948822,1,1,0.8960495175678136,0.8116754617414248,7.0,2.678069357855644,0.5239204205203274,0.1284497444633731,2.8039650917053223,,,1.9629582166671753
refiner_gtbox__detstats,tn3k_ac9d77257a,tn3k,thyroid,,1,1,,,,,,,,0.0,0.0,
rough_otsu_gtbox,tn3k_ac9d77257a,tn3k,thyroid,0.8739468455314636,1,1,0.9327338751513056,0.873946856772521,5.966190378969053,1.659863550994783,0.7126532856750069,0.029642248722316866,1.9831600189208984,,,1.9831600189208984
rough_otsu_gtbox__detstats,tn3k_ac9d77257a,tn3k,thyroid,,1,1,,,,,,,,0.0,0.0,
yolo26n_seg,tn3k_d86e698727,tn3k,thyroid,0.8302934169769287,1,1,0.9072790294627383,0.830293417922284,4.973606797749973,1.5111912917941315,0.7219654585259061,0.0570409982174688,1.4244920015335083,,,
yolo26n_seg__detstats,tn3k_d86e698727,tn3k,thyroid,,1,1,,,,,,,,0.0,0.0,
seg_refiner,tn3k_d86e698727,tn3k,thyroid,0.8388158082962036,1,1,0.9123434704830053,0.8388157894736842,4.0,1.3948304736592623,0.7408716136631331,0.0071301247771836,1.3593435287475586,,,1.6992207765579224
seg_refiner__detstats,tn3k_d86e698727,tn3k,thyroid,,1,1,,,,,,,,0.0,0.0,
refiner,tn3k_d86e698727,tn3k,thyroid,0.8118728995323181,1,1,0.8961698200276881,0.8118729096989966,5.0990195135927845,1.5864852375920946,0.761503928170595,0.06862745098039216,1.613581895828247,,,3.475442886352539
refiner__detstats,tn3k_d86e698727,tn3k,thyroid,,1,1,,,,,,,,0.0,0.0,
rough_otsu,tn3k_d86e698727,tn3k,thyroid,0.7049808502197266,1,1,0.8269662921348314,0.7049808429118773,8.0,3.2181971946946843,0.4837551299589603,0.37967914438502676,3.4734296798706055,,,3.4734296798706055
rough_otsu__detstats,tn3k_d86e698727,tn3k,thyroid,,1,1,,,,,,,,0.0,0.0,
refiner_box,tn3k_d86e698727,tn3k,thyroid,0.8288814425468445,1,1,0.9064354176175262,0.828881469115192,4.3325238232468,1.447243629333626,0.7378640776699028,0.04723707664884135,1.471724033355713,,,3.62998628616333
refiner_box__detstats,tn3k_d86e698727,tn3k,thyroid,,1,1,,,,,,,,0.0,0.0,
refiner_gtbox,tn3k_d86e698727,tn3k,thyroid,0.8516666889190674,1,1,0.9198919891989199,0.8516666666666667,4.123105625617661,1.255231129202089,0.7752956636005257,0.0196078431372549,1.3386471271514893,,,2.6771535873413086
refiner_gtbox__detstats,tn3k_d86e698727,tn3k,thyroid,,1,1,,,,,,,,0.0,0.0,
rough_otsu_gtbox,tn3k_d86e698727,tn3k,thyroid,0.7142857313156128,1,1,0.8333333333333334,0.7142857142857143,6.324555320336759,2.535006164290358,0.5517390520814561,0.03208556149732621,2.688816547393799,,,2.688816547393799
rough_otsu_gtbox__detstats,tn3k_d86e698727,tn3k,thyroid,,1,1,,,,,,,,0.0,0.0,
yolo26n_seg,tn3k_a1e4c6f7e2,tn3k,thyroid,0.7838631868362427,2,2,0.8788378014078179,0.7838632113278119,8.48528137423857,3.426831063568203,0.36772755708476695,0.24814814814814815,3.6037964820861816,,,
yolo26n_seg__detstats,tn3k_a1e4c6f7e2,tn3k,thyroid,,2,2,,,,,,,,1.0,1.0,
seg_refiner,tn3k_a1e4c6f7e2,tn3k,thyroid,0.7439879775047302,2,2,0.8532031025567366,0.7439879759519038,7.414375175913866,4.253570719037247,0.09200283085633403,0.3441077441077441,4.815001487731934,,,3.8640646934509277
seg_refiner__detstats,tn3k_a1e4c6f7e2,tn3k,thyroid,,2,2,,,,,,,,1.0,1.0,
refiner,tn3k_a1e4c6f7e2,tn3k,thyroid,0.5057086944580078,2,2,0.6717218420565934,0.505708716235032,17.0,3.3065489152101963,0.49898637432807563,0.17946127946127946,5.400792121887207,,,8.000925064086914
refiner__detstats,tn3k_a1e4c6f7e2,tn3k,thyroid,,2,2,,,,,,,,1.0,1.0,
rough_otsu,tn3k_a1e4c6f7e2,tn3k,thyroid,0.0,2,2,0.0,0.0,,,0.0,,,,,
rough_otsu__detstats,tn3k_a1e4c6f7e2,tn3k,thyroid,,2,2,,,,,,,,2.0,2.0,
refiner_box,tn3k_a1e4c6f7e2,tn3k,thyroid,0.6998574137687683,2,2,0.8234307283657207,0.6998574144486692,10.770329614269007,5.377070688235138,0.2336283185840708,0.4084175084175084,5.932435035705566,,,12.443140029907227
refiner_box__detstats,tn3k_a1e4c6f7e2,tn3k,thyroid,,2,2,,,,,,,,1.0,1.0,
refiner_gtbox,tn3k_a1e4c6f7e2,tn3k,thyroid,0.5187338590621948,2,2,0.6831135686941727,0.5187338501291989,19.302796178763693,4.96670852154265,0.3768307455126087,0.41683501683501684,6.108314514160156,,,6.107903003692627
refiner_gtbox,tn3k_a1e4c6f7e2,tn3k,thyroid,0.5181501507759094,2,2,0.6826072715361939,0.5181501740427648,16.01492097808277,5.710839084121835,0.3644859813084112,0.4580808080808081,6.277026176452637,,,6.706689834594727
refiner_gtbox__detstats,tn3k_a1e4c6f7e2,tn3k,thyroid,,2,2,,,,,,,,0.0,0.0,
rough_otsu_gtbox,tn3k_a1e4c6f7e2,tn3k,thyroid,0.0,2,2,0.0,0.0,,,0.0,,,,,
rough_otsu_gtbox__detstats,tn3k_a1e4c6f7e2,tn3k,thyroid,,2,2,,,,,,,,2.0,2.0,
yolo26n_seg,tn3k_5d04fafee6,tn3k,thyroid,0.9236716628074646,1,1,0.9603215199123127,0.9236716333989317,4.0,1.5760243843545085,0.7677616352568217,0.039493293591654245,1.7287673950195312,,,
yolo26n_seg__detstats,tn3k_5d04fafee6,tn3k,thyroid,,1,1,,,,,,,,0.0,0.0,
seg_refiner,tn3k_5d04fafee6,tn3k,thyroid,0.8896579146385193,1,1,0.941607381841234,0.8896579262611474,5.0,2.4439553907834055,0.4236302005160464,0.1157973174366617,2.7308616638183594,,,1.7849607467651367
seg_refiner__detstats,tn3k_5d04fafee6,tn3k,thyroid,,1,1,,,,,,,,0.0,0.0,
refiner,tn3k_5d04fafee6,tn3k,thyroid,0.8641992211341858,1,1,0.9271532954461584,0.8641992294991745,9.038769596696188,2.8107917149192136,0.531632317674413,0.019225037257824144,3.129995822906494,,,6.261546611785889
refiner__detstats,tn3k_5d04fafee6,tn3k,thyroid,,1,1,,,,,,,,0.0,0.0,
rough_otsu,tn3k_5d04fafee6,tn3k,thyroid,0.7807812094688416,1,1,0.8768974012556624,0.7807812057741297,22.258580073512686,4.329323154102212,0.5274090377605062,0.12473919523099851,6.219970703125,,,6.219970703125
rough_otsu__detstats,tn3k_5d04fafee6,tn3k,thyroid,,1,1,,,,,,,,0.0,0.0,
refiner_box,tn3k_5d04fafee6,tn3k,thyroid,0.9286929368972778,1,1,0.9630282984196986,0.9286929401757867,3.605551275463989,1.4896175564972982,0.7470259986073926,0.027570789865871834,1.7998180389404297,,,8.217080116271973
refiner_box__detstats,tn3k_5d04fafee6,tn3k,thyroid,,1,1,,,,,,,,0.0,0.0,
refiner_gtbox,tn3k_5d04fafee6,tn3k,thyroid,0.8773802518844604,1,1,0.9346857230674658,0.8773802654356607,11.704699910719626,2.566214172981543,0.6662463647271766,0.06050670640834575,2.6127657890319824,,,5.800066947937012
refiner_gtbox__detstats,tn3k_5d04fafee6,tn3k,thyroid,,1,1,,,,,,,,0.0,0.0,
rough_otsu_gtbox,tn3k_5d04fafee6,tn3k,thyroid,0.8015400171279907,1,1,0.8898387096774194,0.8015400261513875,22.382984830847157,3.953639491892181,0.5958674019141789,0.15201192250372578,5.767126083374023,,,5.767126083374023
rough_otsu_gtbox__detstats,tn3k_5d04fafee6,tn3k,thyroid,,1,1,,,,,,,,0.0,0.0,
yolo26n_seg,tn3k_c4622243ee,tn3k,thyroid,0.8996314406394958,1,2,0.9471641925732076,0.8996314391017399,13.24730525104612,4.778265283067274,0.31527940228677825,0.07195387971330633,4.463095188140869,,,
yolo26n_seg__detstats,tn3k_c4622243ee,tn3k,thyroid,,1,2,,,,,,,,0.0,1.0,
seg_refiner,tn3k_c4622243ee,tn3k,thyroid,0.8886697888374329,1,2,0.9410536508608951,0.8886698099728533,14.703442075731655,5.30755081742806,0.3037237281118337,0.05964474914303521,6.960157871246338,,,5.2797064781188965
seg_refiner__detstats,tn3k_c4622243ee,tn3k,thyroid,,1,2,,,,,,,,0.0,1.0,
refiner,tn3k_c4622243ee,tn3k,thyroid,0.5849171280860901,1,1,0.7381043892689676,0.5849171539961013,67.26812023536856,19.942447179429802,0.2151353141306728,0.37843564973511995,23.91651153564453,,,23.8572940826416
refiner__detstats,tn3k_c4622243ee,tn3k,thyroid,,1,1,,,,,,,,0.0,0.0,
rough_otsu,tn3k_c4622243ee,tn3k,thyroid,0.0,1,1,0.0,0.0,,,0.0,,,,,
rough_otsu__detstats,tn3k_c4622243ee,tn3k,thyroid,,1,1,,,,,,,,1.0,1.0,
refiner_box,tn3k_c4622243ee,tn3k,thyroid,0.9060291051864624,1,1,0.9506980735927418,0.9060290938832739,12.359127286040117,4.459086787287679,0.2609040629156845,0.03337488314116547,5.198042392730713,,,10.950385093688965
refiner_box__detstats,tn3k_c4622243ee,tn3k,thyroid,,1,1,,,,,,,,0.0,0.0,
refiner_gtbox,tn3k_c4622243ee,tn3k,thyroid,0.547710120677948,1,1,0.7077683360453203,0.5477101016696204,66.4883447539756,22.650338921674475,0.16767040133436328,0.4487690869429729,26.26477813720703,,,23.12035369873047
refiner_gtbox__detstats,tn3k_c4622243ee,tn3k,thyroid,,1,1,,,,,,,,0.0,0.0,
rough_otsu_gtbox,tn3k_c4622243ee,tn3k,thyroid,0.0,1,1,0.0,0.0,,,0.0,,,,,
rough_otsu_gtbox__detstats,tn3k_c4622243ee,tn3k,thyroid,,1,1,,,,,,,,1.0,1.0,
yolo26n_seg,tn3k_0b771d1854,tn3k,thyroid,0.7940336465835571,1,1,0.8851937024588714,0.7940336401142495,14.0,9.095592153788537,0.09451213331441198,0.2555860968256783,8.92011833190918,,,
yolo26n_seg__detstats,tn3k_0b771d1854,tn3k,thyroid,,1,1,,,,,,,,0.0,0.0,
seg_refiner,tn3k_0b771d1854,tn3k,thyroid,0.8188057541847229,1,1,0.900377358490566,0.818805765271105,14.866068747318506,7.650884709778664,0.08941135719079475,0.11473665543536088,8.529693603515625,,,9.575778007507324
seg_refiner__detstats,tn3k_0b771d1854,tn3k,thyroid,,1,1,,,,,,,,0.0,0.0,
refiner,tn3k_0b771d1854,tn3k,thyroid,0.8463379740715027,1,1,0.9167747071534175,0.8463379808499916,15.553072092926005,6.087914830871414,0.195760040831575,0.05085121475438908,6.4653778076171875,,,12.862496376037598
refiner__detstats,tn3k_0b771d1854,tn3k,thyroid,,1,1,,,,,,,,0.0,0.0,
rough_otsu,tn3k_0b771d1854,tn3k,thyroid,0.7619240880012512,1,1,0.8648773006134969,0.761924064315633,29.206163733020468,11.566632077743794,0.052785923753665684,0.31246674942365665,12.835592269897461,,,12.835592269897461
rough_otsu__detstats,tn3k_0b771d1854,tn3k,thyroid,,1,1,,,,,,,,0.0,0.0,
refiner_box,tn3k_0b771d1854,tn3k,thyroid,0.8587218523025513,1,1,0.9239917732272199,0.858721848250644,14.18445649162351,5.647210514038445,0.21739795138358048,0.01684695868061713,6.142779350280762,,,13.060054779052734
refiner_box__detstats,tn3k_0b771d1854,tn3k,thyroid,,1,1,,,,,,,,0.0,0.0,
refiner_gtbox,tn3k_0b771d1854,tn3k,thyroid,0.877248227596283,1,1,0.934610799593801,0.8772482387070037,12.96124969497313,4.823359197044448,0.2706075829597423,0.008246142933144174,5.2887396812438965,,,7.878539562225342
refiner_gtbox__detstats,tn3k_0b771d1854,tn3k,thyroid,,1,1,,,,,,,,0.0,0.0,
rough_otsu_gtbox,tn3k_0b771d1854,tn3k,thyroid,0.850624144077301,1,1,0.9192835163939437,0.8506241279179394,24.0,6.809211145220498,0.42887867258507717,0.17560737719453803,7.877289772033691,,,7.877289772033691
rough_otsu_gtbox__detstats,tn3k_0b771d1854,tn3k,thyroid,,1,1,,,,,,,,0.0,0.0,
yolo26n_seg,tn3k_3058f724ee,tn3k,thyroid,0.8713136911392212,1,1,0.9312320916905444,0.871313672922252,7.0710678118654755,2.123021063942463,0.6831311202808401,0.07713498622589532,2.022744655609131,,,
yolo26n_seg__detstats,tn3k_3058f724ee,tn3k,thyroid,,1,1,,,,,,,,0.0,0.0,
seg_refiner,tn3k_3058f724ee,tn3k,thyroid,0.8736249208450317,1,1,0.932550479736503,0.8736248993828817,6.0,1.953031579162717,0.6628571428571428,0.07630853994490358,2.1111435890197754,,,2.21186900138855
seg_refiner__detstats,tn3k_3058f724ee,tn3k,thyroid,,1,1,,,,,,,,0.0,0.0,
refiner,tn3k_3058f724ee,tn3k,thyroid,0.6195876002311707,1,1,0.7651177593889242,0.6195876288659794,17.69180601295413,6.758290655166309,0.18507890961262555,0.26887052341597795,6.458226203918457,,,10.241884231567383
refiner__detstats,tn3k_3058f724ee,tn3k,thyroid,,1,1,,,,,,,,0.0,0.0,
rough_otsu,tn3k_3058f724ee,tn3k,thyroid,0.0,1,1,0.0,0.0,,,0.0,,,,,
rough_otsu__detstats,tn3k_3058f724ee,tn3k,thyroid,,1,1,,,,,,,,1.0,1.0,
refiner_box,tn3k_3058f724ee,tn3k,thyroid,0.8615739345550537,1,1,0.92564031947122,0.8615739553960523,5.385164807134504,2.236150590496944,0.5547602004294918,0.0005509641873278236,2.4250502586364746,,,5.348663806915283
refiner_box__detstats,tn3k_3058f724ee,tn3k,thyroid,,1,1,,,,,,,,0.0,0.0,
refiner_gtbox,tn3k_3058f724ee,tn3k,thyroid,0.6205114722251892,1,1,0.7658217758648175,0.6205114957375355,18.384776310850235,6.591558872905136,0.242468772961058,0.271900826446281,6.366199016571045,,,10.072509765625
refiner_gtbox__detstats,tn3k_3058f724ee,tn3k,thyroid,,1,1,,,,,,,,0.0,0.0,
rough_otsu_gtbox,tn3k_3058f724ee,tn3k,thyroid,0.0,1,1,0.0,0.0,,,0.0,,,,,
rough_otsu_gtbox__detstats,tn3k_3058f724ee,tn3k,thyroid,,1,1,,,,,,,,1.0,1.0,
yolo26n_seg,tn3k_2d486a7f96,tn3k,thyroid,0.6606366038322449,1,2,0.7956425928235832,0.6606366084374784,24.25169783922939,10.790914269548782,0.1300553626724219,0.167822046164394,8.389578819274902,,,
yolo26n_seg__detstats,tn3k_2d486a7f96,tn3k,thyroid,,1,2,,,,,,,,0.0,1.0,
seg_refiner,tn3k_2d486a7f96,tn3k,thyroid,0.6185609698295593,1,2,0.7643344492944019,0.6185609438233075,26.63549504391829,12.619768051971807,0.12167300380228137,0.2024072522282319,12.033086776733398,,,10.473023414611816
seg_refiner__detstats,tn3k_2d486a7f96,tn3k,thyroid,,1,2,,,,,,,,0.0,1.0,
refiner,tn3k_2d486a7f96,tn3k,thyroid,0.0,1,1,0.0,0.0,,,0.0,,,,,
refiner__detstats,tn3k_2d486a7f96,tn3k,thyroid,,1,1,,,,,,,,1.0,1.0,
rough_otsu,tn3k_2d486a7f96,tn3k,thyroid,0.0,1,1,0.0,0.0,,,0.0,,,,,
rough_otsu__detstats,tn3k_2d486a7f96,tn3k,thyroid,,1,1,,,,,,,,1.0,1.0,
refiner_box,tn3k_2d486a7f96,tn3k,thyroid,0.864323616027832,1,1,0.927224885556717,0.8643236341643706,10.0,4.145888067163506,0.3928958880139983,0.11343033442523044,4.548949241638184,,,12.431713104248047
refiner_box__detstats,tn3k_2d486a7f96,tn3k,thyroid,,1,1,,,,,,,,0.0,0.0,
refiner_gtbox,tn3k_2d486a7f96,tn3k,thyroid,0.0,1,1,0.0,0.0,,,0.0,,,,,
refiner_gtbox__detstats,tn3k_2d486a7f96,tn3k,thyroid,,1,1,,,,,,,,1.0,1.0,
rough_otsu_gtbox,tn3k_2d486a7f96,tn3k,thyroid,0.0,1,1,0.0,0.0,,,0.0,,,,,
rough_otsu_gtbox__detstats,tn3k_2d486a7f96,tn3k,thyroid,,1,1,,,,,,,,1.0,1.0,
yolo26n_seg,tn3k_00fcf093a4,tn3k,thyroid,0.9053957462310791,1,1,0.9503493013972056,0.9053957689565011,3.605551275463989,1.5651162643254057,0.7018066814497073,0.04583130180399805,1.693646788597107,,,
yolo26n_seg__detstats,tn3k_00fcf093a4,tn3k,thyroid,,1,1,,,,,,,,0.0,0.0,
seg_refiner,tn3k_00fcf093a4,tn3k,thyroid,0.9239357709884644,1,1,0.9604642727602466,0.9239357990230286,2.8284271247461903,1.2362013200080222,0.8548996052857387,0.016333495855680155,1.4030756950378418,,,1.7955037355422974
seg_refiner__detstats,tn3k_00fcf093a4,tn3k,thyroid,,1,1,,,,,,,,0.0,0.0,
refiner,tn3k_00fcf093a4,tn3k,thyroid,0.9351851940155029,1,1,0.9665071770334929,0.9351851851851852,2.8284271247461903,1.028146637517954,0.8518125453834553,0.012920526572403706,1.2595031261444092,,,3.11316180229187
refiner__detstats,tn3k_00fcf093a4,tn3k,thyroid,,1,1,,,,,,,,0.0,0.0,
rough_otsu,tn3k_00fcf093a4,tn3k,thyroid,0.8531681299209595,1,1,0.9207670956346202,0.8531681084872574,5.656854249492381,2.4347965444812356,0.5674718321477442,0.06777181862506095,3.0812506675720215,,,3.0812506675720215
rough_otsu__detstats,tn3k_00fcf093a4,tn3k,thyroid,,1,1,,,,,,,,0.0,0.0,
refiner_box,tn3k_00fcf093a4,tn3k,thyroid,0.8865147233009338,1,1,0.9398439466398187,0.8865147198480532,4.368863084453436,1.8521999605050752,0.6560899180004878,0.0628961482203803,1.9760968685150146,,,6.623779296875
refiner_box__detstats,tn3k_00fcf093a4,tn3k,thyroid,,1,1,,,,,,,,0.0,0.0,
refiner_gtbox,tn3k_00fcf093a4,tn3k,thyroid,0.9230040311813354,1,1,0.9599605765676974,0.9230040274816395,3.605551275463989,1.259103424781439,0.7843070704577362,0.0212091662603608,1.3595551252365112,,,2.84152889251709
refiner_gtbox__detstats,tn3k_00fcf093a4,tn3k,thyroid,,1,1,,,,,,,,0.0,0.0,
rough_otsu_gtbox,tn3k_00fcf093a4,tn3k,thyroid,0.8535436987876892,1,1,0.9209857723577236,0.8535436778902755,5.0990195135927845,2.43032139735188,0.533829732288887,0.08093612871769869,2.815139055252075,,,2.815139055252075
rough_otsu_gtbox__detstats,tn3k_00fcf093a4,tn3k,thyroid,,1,1,,,,,,,,0.0,0.0,
yolo26n_seg,tn3k_ad2c151812,tn3k,thyroid,0.9195512533187866,1,1,0.9580898209207113,0.9195512628232048,10.0,2.8122398119613736,0.5985753523729503,0.0462364903753917,3.3582398891448975,,,
yolo26n_seg__detstats,tn3k_ad2c151812,tn3k,thyroid,,1,1,,,,,,,,0.0,0.0,
seg_refiner,tn3k_ad2c151812,tn3k,thyroid,0.8575104475021362,1,1,0.9232900326294404,0.8575104351306535,11.661903789690601,5.140281845481338,0.2821954093710567,0.07750847349235787,5.369389533996582,,,3.1671817302703857
seg_refiner__detstats,tn3k_ad2c151812,tn3k,thyroid,,1,1,,,,,,,,0.0,0.0,
refiner,tn3k_ad2c151812,tn3k,thyroid,0.8813018798828125,1,1,0.9369063988999392,0.881301889062688,9.401815630842027,4.033428118025191,0.33462623091455007,0.00019185265715930165,4.266093730926514,,,13.830613136291504
refiner__detstats,tn3k_ad2c151812,tn3k,thyroid,,1,1,,,,,,,,0.0,0.0,
rough_otsu,tn3k_ad2c151812,tn3k,thyroid,0.716668963432312,1,1,0.8349530115335326,0.7166689582473991,30.853453162872775,12.30834135495768,0.10114589912478571,0.39534437551960094,13.797554016113281,,,13.797554016113281
rough_otsu__detstats,tn3k_ad2c151812,tn3k,thyroid,,1,1,,,,,,,,0.0,0.0,
refiner_box,tn3k_ad2c151812,tn3k,thyroid,0.891787588596344,1,1,0.9427988734582888,0.8917876171229102,9.899494936611665,3.6510343149786744,0.43892818954956486,0.024493189230670846,3.7913753986358643,,,13.344802856445312
refiner_box__detstats,tn3k_ad2c151812,tn3k,thyroid,,1,1,,,,,,,,0.0,0.0,
refiner_gtbox,tn3k_ad2c151812,tn3k,thyroid,0.597237229347229,1,1,0.7478378581634956,0.5972372372372372,47.06644037415853,12.791006411225386,0.1890349657756418,0.2992901451685106,12.792112350463867,,,13.071488380432129
refiner_gtbox__detstats,tn3k_ad2c151812,tn3k,thyroid,,1,1,,,,,,,,0.0,0.0,
rough_otsu_gtbox,tn3k_ad2c151812,tn3k,thyroid,0.0,1,1,0.0,0.0,,,0.0,,,,,
rough_otsu_gtbox__detstats,tn3k_ad2c151812,tn3k,thyroid,,1,1,,,,,,,,1.0,1.0,
yolo26n_seg,tn3k_6597c33f5c,tn3k,thyroid,0.8578317165374756,1,1,0.9234762373579164,0.8578317259727303,7.0,2.7886875578083643,0.47258104693783143,0.15653348774367884,2.5292513370513916,,,
yolo26n_seg__detstats,tn3k_6597c33f5c,tn3k,thyroid,,1,1,,,,,,,,0.0,0.0,
seg_refiner,tn3k_6597c33f5c,tn3k,thyroid,0.8388751149177551,1,1,0.912378553436488,0.8388751033912324,8.0,3.2210934988924107,0.3406548066888333,0.14553175062729204,3.563312530517578,,,3.0771491527557373
seg_refiner__detstats,tn3k_6597c33f5c,tn3k,thyroid,,1,1,,,,,,,,0.0,0.0,
refiner,tn3k_6597c33f5c,tn3k,thyroid,0.8405280113220215,1,1,0.9133553014150029,0.8405280057081698,12.02287701833576,2.5944407652402073,0.6121085510712808,0.008492569002123142,3.3980588912963867,,,8.389375686645508
refiner__detstats,tn3k_6597c33f5c,tn3k,thyroid,,1,1,,,,,,,,0.0,0.0,
rough_otsu,tn3k_6597c33f5c,tn3k,thyroid,0.6991249322891235,1,1,0.8229235152312075,0.6991249301805995,26.78049506938679,5.615760284606036,0.44711279316474567,0.23856398378691374,8.475109100341797,,,8.475109100341797
rough_otsu__detstats,tn3k_6597c33f5c,tn3k,thyroid,,1,1,,,,,,,,0.0,0.0,
refiner_box,tn3k_6597c33f5c,tn3k,thyroid,0.865515410900116,1,1,0.9279102384291725,0.8655154369440083,7.0,2.523159546026891,0.5323973391326595,0.06427330631152287,2.903323173522949,,,10.626482009887695
refiner_box__detstats,tn3k_6597c33f5c,tn3k,thyroid,,1,1,,,,,,,,0.0,0.0,
refiner_gtbox,tn3k_6597c33f5c,tn3k,thyroid,0.8258920311927795,1,1,0.9046449764681809,0.8258920231645807,12.0,2.880560511570823,0.6520426527226577,0.11349160393746381,2.870163917541504,,,8.309322357177734
refiner_gtbox__detstats,tn3k_6597c33f5c,tn3k,thyroid,,1,1,,,,,,,,0.0,0.0,
rough_otsu_gtbox,tn3k_6597c33f5c,tn3k,thyroid,0.602130115032196,1,1,0.751661918328585,0.602130087485736,26.832815729997478,6.017051249682242,0.4129978098600992,0.3740590619571511,8.283967018127441,,,8.283967018127441
rough_otsu_gtbox__detstats,tn3k_6597c33f5c,tn3k,thyroid,,1,1,,,,,,,,0.0,0.0,
yolo26n_seg,tn3k_e5b4ab155f,tn3k,thyroid,0.7748407125473022,1,1,0.8731382978723404,0.7748406891668633,19.1049731745428,6.252958659337336,0.363041755387715,0.16964800923254472,6.737696170806885,,,
yolo26n_seg__detstats,tn3k_e5b4ab155f,tn3k,thyroid,,1,1,,,,,,,,0.0,0.0,
seg_refiner,tn3k_e5b4ab155f,tn3k,thyroid,0.8480868339538574,1,1,0.9177997820628228,0.8480868575431223,10.770329614269007,3.734201601605413,0.46641174526743145,0.02990959799961531,3.889781951904297,,,6.807774543762207
seg_refiner__detstats,tn3k_e5b4ab155f,tn3k,thyroid,,1,1,,,,,,,,0.0,0.0,
refiner,tn3k_e5b4ab155f,tn3k,thyroid,0.8491986989974976,1,1,0.9184504641030499,0.8491987039145285,13.341664064126334,3.573146319321615,0.519046643047463,0.030775149067128294,4.153587341308594,,,5.4965314865112305
refiner__detstats,tn3k_e5b4ab155f,tn3k,thyroid,,1,1,,,,,,,,0.0,0.0,
rough_otsu,tn3k_e5b4ab155f,tn3k,thyroid,0.7669634819030762,1,1,0.8681147003981253,0.7669634906500445,11.180339887498949,4.566236916815447,0.37827265002485055,0.09165224081554145,5.525832176208496,,,5.525832176208496
rough_otsu__detstats,tn3k_e5b4ab155f,tn3k,thyroid,,1,1,,,,,,,,0.0,0.0,
refiner_box,tn3k_e5b4ab155f,tn3k,thyroid,0.8372732996940613,1,1,0.9114303092687035,0.8372732743058541,12.0,4.1352630265574986,0.4543124469270261,0.055491440661665704,4.242828369140625,,,10.695648193359375
refiner_box__detstats,tn3k_e5b4ab155f,tn3k,thyroid,,1,1,,,,,,,,0.0,0.0,
refiner_gtbox,tn3k_e5b4ab155f,tn3k,thyroid,0.8777592182159424,1,1,0.9349007118771075,0.8777592120306041,11.375340525389397,3.0011996019950624,0.613671792602806,0.05347182150413541,3.4965178966522217,,,4.446961402893066
refiner_gtbox__detstats,tn3k_e5b4ab155f,tn3k,thyroid,,1,1,,,,,,,,0.0,0.0,
rough_otsu_gtbox,tn3k_e5b4ab155f,tn3k,thyroid,0.7965154051780701,1,1,0.8867337413131418,0.7965154197335321,11.0,4.006982064073451,0.47176536105439015,0.14560492402385075,4.422104358673096,,,4.422104358673096
rough_otsu_gtbox__detstats,tn3k_e5b4ab155f,tn3k,thyroid,,1,1,,,,,,,,0.0,0.0,
yolo26n_seg,tn3k_2faa8d2572,tn3k,thyroid,0.9470833539962769,1,1,0.9728225979028461,0.9470833333333334,4.47213595499958,1.8732403282588463,0.6794398016470858,0.03429428267388991,2.012558937072754,,,
yolo26n_seg__detstats,tn3k_2faa8d2572,tn3k,thyroid,,1,1,,,,,,,,0.0,0.0,
seg_refiner,tn3k_2faa8d2572,tn3k,thyroid,0.9046462178230286,1,1,0.949936231884058,0.9046462326649589,10.0,3.701993706440923,0.4563860089961349,0.08595337138434749,4.2242536544799805,,,2.2384660243988037
seg_refiner__detstats,tn3k_2faa8d2572,tn3k,thyroid,,1,1,,,,,,,,0.0,0.0,
refiner,tn3k_2faa8d2572,tn3k,thyroid,0.8878904581069946,1,1,0.9406164900798645,0.8878904393657926,13.0,4.487668613602482,0.34991104617498553,0.11371771306955597,5.179734706878662,,,7.227496147155762
refiner__detstats,tn3k_2faa8d2572,tn3k,thyroid,,1,1,,,,,,,,0.0,0.0,
rough_otsu,tn3k_2faa8d2572,tn3k,thyroid,0.8728469014167786,1,1,0.9321070388686047,0.8728468795983727,18.439088914585774,5.019774230643462,0.4621001898641741,0.09316049143852181,7.207379341125488,,,7.207379341125488
rough_otsu__detstats,tn3k_2faa8d2572,tn3k,thyroid,,1,1,,,,,,,,0.0,0.0,
refiner_box,tn3k_2faa8d2572,tn3k,thyroid,0.9141303896903992,1,1,0.9551390990571529,0.9141303863464195,8.0,3.325331349905832,0.37389915746070335,0.07773048273193384,3.9022774696350098,,,15.989294052124023
refiner_box__detstats,tn3k_2faa8d2572,tn3k,thyroid,,1,1,,,,,,,,0.0,0.0,
refiner_gtbox,tn3k_2faa8d2572,tn3k,thyroid,0.9105104207992554,1,1,0.9531593244360458,0.9105104020939573,11.0,3.3832624776521216,0.3722263253758309,0.04774112411724872,3.8644216060638428,,,4.777376174926758
refiner_gtbox__detstats,tn3k_2faa8d2572,tn3k,thyroid,,1,1,,,,,,,,0.0,0.0,
rough_otsu_gtbox,tn3k_2faa8d2572,tn3k,thyroid,0.924414873123169,1,1,0.9607230582119095,0.9244148692060579,12.767085268111776,3.2700284761485934,0.5930181605725693,0.028296410950952887,4.773867607116699,,,4.773867607116699
rough_otsu_gtbox__detstats,tn3k_2faa8d2572,tn3k,thyroid,,1,1,,,,,,,,0.0,0.0,
yolo26n_seg,tn3k_e1c42214a5,tn3k,thyroid,0.0,1,0,0.0,0.0,,,0.0,,,,,
yolo26n_seg__detstats,tn3k_e1c42214a5,tn3k,thyroid,,1,0,,,,,,,,1.0,0.0,
seg_refiner,tn3k_e1c42214a5,tn3k,thyroid,0.0,1,0,0.0,0.0,,,0.0,,,,,
seg_refiner__detstats,tn3k_e1c42214a5,tn3k,thyroid,,1,0,,,,,,,,1.0,0.0,
refiner,tn3k_e1c42214a5,tn3k,thyroid,0.0,1,0,0.0,0.0,,,0.0,,,,,
refiner__detstats,tn3k_e1c42214a5,tn3k,thyroid,,1,0,,,,,,,,1.0,0.0,
rough_otsu,tn3k_e1c42214a5,tn3k,thyroid,0.0,1,0,0.0,0.0,,,0.0,,,,,
rough_otsu__detstats,tn3k_e1c42214a5,tn3k,thyroid,,1,0,,,,,,,,1.0,0.0,
refiner_gtbox,tn3k_e1c42214a5,tn3k,thyroid,0.7660865783691406,1,1,0.8675527039413382,0.7660866046135167,7.713011390885281,3.1216564691349484,0.47397353240583645,0.2224032586558045,3.1936397552490234,,,4.7196807861328125
refiner_gtbox__detstats,tn3k_e1c42214a5,tn3k,thyroid,,1,1,,,,,,,,0.0,0.0,
rough_otsu_gtbox,tn3k_e1c42214a5,tn3k,thyroid,0.651789128780365,1,1,0.7891917074307011,0.6517891496729511,13.0,5.026148550845731,0.4626748170788182,0.25132382892057026,4.7374796867370605,,,4.7374796867370605
rough_otsu_gtbox__detstats,tn3k_e1c42214a5,tn3k,thyroid,,1,1,,,,,,,,0.0,0.0,
yolo26n_seg,tn3k_5171952d76,tn3k,thyroid,0.5681763291358948,1,1,0.724633240127169,0.5681763575204228,42.444079632984895,16.86330959754236,0.04750304506699147,0.7600169151073052,18.83937644958496,,,
yolo26n_seg__detstats,tn3k_5171952d76,tn3k,thyroid,,1,1,,,,,,,,0.0,0.0,
seg_refiner,tn3k_5171952d76,tn3k,thyroid,0.6570554971694946,1,1,0.7930398322851153,0.6570555130966442,39.87723085243582,11.686929909569713,0.15416818952055023,0.5214081826831589,14.453409194946289,,,18.503684997558594
seg_refiner__detstats,tn3k_5171952d76,tn3k,thyroid,,1,1,,,,,,,,0.0,0.0,
refiner,tn3k_5171952d76,tn3k,thyroid,0.0,1,1,0.0,0.0,,,0.0,,,,,
refiner__detstats,tn3k_5171952d76,tn3k,thyroid,,1,1,,,,,,,,1.0,1.0,
rough_otsu,tn3k_5171952d76,tn3k,thyroid,0.0,1,1,0.0,0.0,,,0.0,,,,,
rough_otsu__detstats,tn3k_5171952d76,tn3k,thyroid,,1,1,,,,,,,,1.0,1.0,
refiner_box,tn3k_5171952d76,tn3k,thyroid,0.5255292057991028,1,1,0.6889795323767208,0.5255291960664481,38.8329756778952,19.27782206715748,0.027195467422096314,0.9028438524156888,20.878753662109375,,,29.688507080078125
refiner_box__detstats,tn3k_5171952d76,tn3k,thyroid,,1,1,,,,,,,,0.0,0.0,
refiner_gtbox,tn3k_5171952d76,tn3k,thyroid,0.0,1,1,0.0,0.0,,,0.0,,,,,
refiner_gtbox__detstats,tn3k_5171952d76,tn3k,thyroid,,1,1,,,,,,,,1.0,1.0,
rough_otsu_gtbox,tn3k_5171952d76,tn3k,thyroid,0.0,1,1,0.0,0.0,,,0.0,,,,,
rough_otsu_gtbox__detstats,tn3k_5171952d76,tn3k,thyroid,,1,1,,,,,,,,1.0,1.0,
yolo26n_seg,tn3k_a5d635abe5,tn3k,thyroid,0.0,1,2,0.0,0.0,,,0.0,,,,,
yolo26n_seg__detstats,tn3k_a5d635abe5,tn3k,thyroid,,1,2,,,,,,,,1.0,2.0,
seg_refiner,tn3k_a5d635abe5,tn3k,thyroid,0.0,1,2,0.0,0.0,,,0.0,,,,,
seg_refiner__detstats,tn3k_a5d635abe5,tn3k,thyroid,,1,2,,,,,,,,1.0,2.0,
refiner,tn3k_a5d635abe5,tn3k,thyroid,0.5271105170249939,1,2,0.6903370786516854,0.5271105010295127,15.811388300841896,7.1906800905078265,0.10612373241097399,0.8971354166666666,8.293943405151367,,,11.700913429260254
refiner__detstats,tn3k_a5d635abe5,tn3k,thyroid,,1,2,,,,,,,,0.0,1.0,
rough_otsu,tn3k_a5d635abe5,tn3k,thyroid,0.0,1,2,0.0,0.0,,,0.0,,,,,
rough_otsu__detstats,tn3k_a5d635abe5,tn3k,thyroid,,1,2,,,,,,,,1.0,2.0,
refiner_box,tn3k_a5d635abe5,tn3k,thyroid,0.5121707320213318,1,2,0.6773980154355016,0.5121707235745249,16.115185901125525,7.3907827208133074,0.1141185076810534,0.9524739583333334,7.881752967834473,,,15.87123966217041
refiner_box__detstats,tn3k_a5d635abe5,tn3k,thyroid,,1,2,,,,,,,,0.0,1.0,
refiner_gtbox,tn3k_a5d635abe5,tn3k,thyroid,0.7580381631851196,1,1,0.8623682579045258,0.7580381471389646,5.0,2.4339872034788304,0.49356332366559813,0.10026041666666667,2.7294435501098633,,,1.6605069637298584
refiner_gtbox__detstats,tn3k_a5d635abe5,tn3k,thyroid,,1,1,,,,,,,,0.0,0.0,
rough_otsu_gtbox,tn3k_a5d635abe5,tn3k,thyroid,0.8365041613578796,1,1,0.910974425380382,0.8365041617122473,3.1622776601683795,1.4638086196250288,0.721486459774659,0.011067708333333334,1.666893720626831,,,1.666893720626831
rough_otsu_gtbox__detstats,tn3k_a5d635abe5,tn3k,thyroid,,1,1,,,,,,,,0.0,0.0,
yolo26n_seg,tn3k_244b4caecd,tn3k,thyroid,0.8673061728477478,1,2,0.9289383561643836,0.8673061550759392,3.92111025509278,1.4679449347179483,0.7751422837780044,0.040268456375838924,1.3456153869628906,,,
yolo26n_seg__detstats,tn3k_244b4caecd,tn3k,thyroid,,1,2,,,,,,,,0.0,1.0,
seg_refiner,tn3k_244b4caecd,tn3k,thyroid,0.7798507213592529,1,2,0.8763102725366876,0.7798507462686567,8.424886747684637,2.657063045447096,0.6646453057991204,0.19924496644295303,2.1752541065216064,,,1.4618515968322754
seg_refiner__detstats,tn3k_244b4caecd,tn3k,thyroid,,1,2,,,,,,,,0.0,1.0,
refiner,tn3k_244b4caecd,tn3k,thyroid,0.6308008432388306,1,1,0.7736086628053387,0.6308008213552362,23.315602958063423,5.155284156013046,0.5785583581500484,0.33431208053691275,3.0298125743865967,,,4.422406196594238
refiner__detstats,tn3k_244b4caecd,tn3k,thyroid,,1,1,,,,,,,,0.0,0.0,
rough_otsu,tn3k_244b4caecd,tn3k,thyroid,0.6533158421516418,1,1,0.7903097696584591,0.6533158240315168,17.0,5.309921891625953,0.25369978858350956,0.11241610738255034,4.4240827560424805,,,4.4240827560424805
rough_otsu__detstats,tn3k_244b4caecd,tn3k,thyroid,,1,1,,,,,,,,0.0,0.0,
refiner_box,tn3k_244b4caecd,tn3k,thyroid,0.6072925329208374,1,1,0.755671447196871,0.607292539815591,24.309180806557496,5.416880986172161,0.5208136928330505,0.3913590604026846,3.3029184341430664,,,4.403957366943359
refiner_box__detstats,tn3k_244b4caecd,tn3k,thyroid,,1,1,,,,,,,,0.0,0.0,
refiner_gtbox,tn3k_244b4caecd,tn3k,thyroid,0.7926878333091736,1,1,0.8843567906768265,0.7926878264363199,8.0,2.258080970978897,0.672500405120726,0.12835570469798657,2.3102986812591553,,,3.4272475242614746
refiner_gtbox__detstats,tn3k_244b4caecd,tn3k,thyroid,,1,1,,,,,,,,0.0,0.0,
rough_otsu_gtbox,tn3k_244b4caecd,tn3k,thyroid,0.7681103944778442,1,1,0.8688489052677216,0.7681103871215025,7.046194077712557,2.832169719365731,0.5011422044545973,0.06501677852348993,3.431704521179199,,,3.431704521179199
rough_otsu_gtbox__detstats,tn3k_244b4caecd,tn3k,thyroid,,1,1,,,,,,,,0.0,0.0,
yolo26n_seg,tn3k_808a8c04b4,tn3k,thyroid,0.8571428656578064,1,1,0.9230769230769231,0.8571428571428571,4.73606797749979,1.6228739779583585,0.7309120924473793,0.11116236162361623,1.8554304838180542,,,
yolo26n_seg__detstats,tn3k_808a8c04b4,tn3k,thyroid,,1,1,,,,,,,,0.0,0.0,
seg_refiner,tn3k_808a8c04b4,tn3k,thyroid,0.7188073396682739,1,1,0.8364024552975714,0.7188073394495413,8.59940919095637,3.389533949107056,0.3535455404979514,0.2716789667896679,3.2551913261413574,,,1.715022087097168
seg_refiner__detstats,tn3k_808a8c04b4,tn3k,thyroid,,1,1,,,,,,,,0.0,0.0,
refiner,tn3k_808a8c04b4,tn3k,thyroid,0.7587155699729919,1,1,0.8628064684402713,0.7587155963302752,7.615773105863909,2.787459935824814,0.46118812872228615,0.23154981549815498,2.9074606895446777,,,3.6001596450805664
refiner__detstats,tn3k_808a8c04b4,tn3k,thyroid,,1,1,,,,,,,,0.0,0.0,
rough_otsu,tn3k_808a8c04b4,tn3k,thyroid,0.7057256698608398,1,1,0.8274785323965652,0.7057256990679095,7.245606220104248,3.469425949339433,0.3796865701249752,0.22739852398523985,3.608477830886841,,,3.608477830886841
rough_otsu__detstats,tn3k_808a8c04b4,tn3k,thyroid,,1,1,,,,,,,,0.0,0.0,
refiner_box,tn3k_808a8c04b4,tn3k,thyroid,0.7195571660995483,1,1,0.8369098712446352,0.7195571955719557,7.028427124746188,3.2431210527730823,0.3899855560905151,0.28044280442804426,3.340675115585327,,,3.5355405807495117
refiner_box__detstats,tn3k_808a8c04b4,tn3k,thyroid,,1,1,,,,,,,,0.0,0.0,
refiner_gtbox,tn3k_808a8c04b4,tn3k,thyroid,0.7598533630371094,1,1,0.8635416666666667,0.7598533455545371,7.211102550927978,2.7504429478546277,0.44348840222884545,0.22878228782287824,2.886782646179199,,,3.706798791885376
refiner_gtbox__detstats,tn3k_808a8c04b4,tn3k,thyroid,,1,1,,,,,,,,0.0,0.0,
rough_otsu_gtbox,tn3k_808a8c04b4,tn3k,thyroid,0.699999988079071,1,1,0.8235294117647058,0.7,7.238705486268993,3.5525829796455213,0.35971308317031236,0.22001845018450183,3.700075149536133,,,3.700075149536133
rough_otsu_gtbox__detstats,tn3k_808a8c04b4,tn3k,thyroid,,1,1,,,,,,,,0.0,0.0,
yolo26n_seg,tn3k_255c51cbfa,tn3k,thyroid,0.7532972693443298,1,1,0.8592921445307683,0.7532972972972973,13.892443989449804,4.553381687174897,0.49004701410423124,0.2417606244579358,4.446353435516357,,,
yolo26n_seg__detstats,tn3k_255c51cbfa,tn3k,thyroid,,1,1,,,,,,,,0.0,0.0,
seg_refiner,tn3k_255c51cbfa,tn3k,thyroid,0.6895056366920471,1,1,0.8162217659137577,0.6895056374674762,14.035261950457535,5.9277660747277,0.1648745519713262,0.3104943625325238,5.619725704193115,,,4.27737283706665
seg_refiner__detstats,tn3k_255c51cbfa,tn3k,thyroid,,1,1,,,,,,,,0.0,0.0,
refiner,tn3k_255c51cbfa,tn3k,thyroid,0.7565405368804932,1,1,0.861398325947809,0.7565405405405405,11.180339887498949,4.530061204771194,0.3726616585653263,0.23850823937554205,4.447033405303955,,,8.227310180664062
refiner__detstats,tn3k_255c51cbfa,tn3k,thyroid,,1,1,,,,,,,,0.0,0.0,
rough_otsu,tn3k_255c51cbfa,tn3k,thyroid,0.5898657441139221,1,1,0.742032143830019,0.5898657427457774,15.132745950421556,7.703781466694382,0.09514435695538058,0.40806591500433653,8.256014823913574,,,8.256014823913574
rough_otsu__detstats,tn3k_255c51cbfa,tn3k,thyroid,,1,1,,,,,,,,0.0,0.0,
refiner_box,tn3k_255c51cbfa,tn3k,thyroid,0.7032062411308289,1,1,0.825744085474434,0.7032062391681109,12.041594578792296,5.519610192717664,0.2799947492780257,0.295316565481353,5.286306381225586,,,4.850231647491455
refiner_box__detstats,tn3k_255c51cbfa,tn3k,thyroid,,1,1,,,,,,,,0.0,0.0,
refiner_gtbox,tn3k_255c51cbfa,tn3k,thyroid,0.8499787449836731,1,1,0.9189065012634965,0.8499787505312367,6.324555320336759,2.5797868204322203,0.4779523056742121,0.11231569817866435,2.7246639728546143,,,5.100666046142578
refiner_gtbox__detstats,tn3k_255c51cbfa,tn3k,thyroid,,1,1,,,,,,,,0.0,0.0,
rough_otsu_gtbox,tn3k_255c51cbfa,tn3k,thyroid,0.7881066203117371,1,1,0.8814984709480123,0.7881066302118934,11.40175425099138,4.552092782368531,0.3615303615303615,0.2688638334778838,5.111476898193359,,,5.111476898193359
rough_otsu_gtbox__detstats,tn3k_255c51cbfa,tn3k,thyroid,,1,1,,,,,,,,0.0,0.0,
yolo26n_seg,tn3k_ac9f3a9d04,tn3k,thyroid,0.0,1,1,0.0,0.0,,,0.0,,,,,
yolo26n_seg__detstats,tn3k_ac9f3a9d04,tn3k,thyroid,,1,1,,,,,,,,1.0,1.0,
seg_refiner,tn3k_ac9f3a9d04,tn3k,thyroid,0.0,1,1,0.0,0.0,,,0.0,,,,,
seg_refiner__detstats,tn3k_ac9f3a9d04,tn3k,thyroid,,1,1,,,,,,,,1.0,1.0,
refiner,tn3k_ac9f3a9d04,tn3k,thyroid,0.0,1,2,0.0,0.0,,,0.0,,,,,
refiner__detstats,tn3k_ac9f3a9d04,tn3k,thyroid,,1,2,,,,,,,,1.0,2.0,
rough_otsu,tn3k_ac9f3a9d04,tn3k,thyroid,0.0,1,2,0.0,0.0,,,0.0,,,,,
rough_otsu__detstats,tn3k_ac9f3a9d04,tn3k,thyroid,,1,2,,,,,,,,1.0,2.0,
refiner_box,tn3k_ac9f3a9d04,tn3k,thyroid,0.0,1,2,0.0,0.0,,,0.0,,,,,
refiner_box__detstats,tn3k_ac9f3a9d04,tn3k,thyroid,,1,2,,,,,,,,1.0,2.0,
refiner_gtbox,tn3k_ac9f3a9d04,tn3k,thyroid,0.7040998339653015,1,1,0.8263598326359832,0.7040998217468806,3.605551275463989,1.7519621200845812,0.6550625879564478,0.05150214592274678,1.8295831680297852,,,2.7977678775787354
refiner_gtbox__detstats,tn3k_ac9f3a9d04,tn3k,thyroid,,1,1,,,,,,,,0.0,0.0,
rough_otsu_gtbox,tn3k_ac9f3a9d04,tn3k,thyroid,0.6657142639160156,1,1,0.7993138936535163,0.6657142857142857,6.4031242374328485,2.5624504377183444,0.5495495495495496,0.5021459227467812,2.7974610328674316,,,2.7974610328674316
rough_otsu_gtbox__detstats,tn3k_ac9f3a9d04,tn3k,thyroid,,1,1,,,,,,,,0.0,0.0,
yolo26n_seg,tn3k_baa30cfc65,tn3k,thyroid,0.8304877877235413,1,1,0.9073950699533644,0.8304878048780487,4.061552812808831,1.7152976344588566,0.7089939826572402,0.04811443433029909,1.9269624948501587,,,
yolo26n_seg__detstats,tn3k_baa30cfc65,tn3k,thyroid,,1,1,,,,,,,,0.0,0.0,
seg_refiner,tn3k_baa30cfc65,tn3k,thyroid,0.8390949368476868,1,1,0.9125085440874915,0.8390949088623507,3.605551275463989,1.5858743234089083,0.7039617197945253,0.09752925877763328,1.6738184690475464,,,1.7160385847091675
seg_refiner__detstats,tn3k_baa30cfc65,tn3k,thyroid,,1,1,,,,,,,,0.0,0.0,
refiner,tn3k_baa30cfc65,tn3k,thyroid,0.8405336737632751,1,1,0.9133586468760787,0.8405336721728082,4.47213595499958,1.5849802364070698,0.7409230769230768,0.11638491547464239,1.5418076515197754,,,2.214078426361084
refiner__detstats,tn3k_baa30cfc65,tn3k,thyroid,,1,1,,,,,,,,0.0,0.0,
rough_otsu,tn3k_baa30cfc65,tn3k,thyroid,0.7899746298789978,1,1,0.8826657213753988,0.7899746192893401,5.0,2.165389844692605,0.567343291203881,0.16579973992197658,2.218571901321411,,,2.218571901321411
rough_otsu__detstats,tn3k_baa30cfc65,tn3k,thyroid,,1,1,,,,,,,,0.0,0.0,
refiner_box,tn3k_baa30cfc65,tn3k,thyroid,0.72145015001297,1,1,0.8381888381888382,0.7214501510574018,7.280109889280518,2.977662487221836,0.5054710951873729,0.14759427828348504,3.0130977630615234,,,3.344731330871582
refiner_box__detstats,tn3k_baa30cfc65,tn3k,thyroid,,1,1,,,,,,,,0.0,0.0,
refiner_gtbox,tn3k_baa30cfc65,tn3k,thyroid,0.8712261319160461,1,1,0.931182087586434,0.8712261244608749,2.871320343559643,1.2642250670250126,0.8511301058721005,0.025357607282184655,1.2801296710968018,,,2.7772998809814453
refiner_gtbox__detstats,tn3k_baa30cfc65,tn3k,thyroid,,1,1,,,,,,,,0.0,0.0,
rough_otsu_gtbox,tn3k_baa30cfc65,tn3k,thyroid,0.7550058960914612,1,1,0.8604026845637583,0.7550058892815077,5.385164807134504,2.6640522817962995,0.3787976175172473,0.06241872561768531,2.782564640045166,,,2.782564640045166
rough_otsu_gtbox__detstats,tn3k_baa30cfc65,tn3k,thyroid,,1,1,,,,,,,,0.0,0.0,
yolo26n_seg,tn3k_e3b71af23d,tn3k,thyroid,0.7749571204185486,1,1,0.8732122149207576,0.7749571183533448,10.0,2.910935499113646,0.518664047151277,0.20347222222222222,3.105236768722534,,,
yolo26n_seg__detstats,tn3k_e3b71af23d,tn3k,thyroid,,1,1,,,,,,,,0.0,0.0,
seg_refiner,tn3k_e3b71af23d,tn3k,thyroid,0.7429349422454834,1,1,0.8525102559093573,0.7429349676540687,12.440580463632228,3.455865245475724,0.5376988165508418,0.22256944444444443,2.755565643310547,,,2.770681858062744
seg_refiner__detstats,tn3k_e3b71af23d,tn3k,thyroid,,1,1,,,,,,,,0.0,0.0,
refiner,tn3k_e3b71af23d,tn3k,thyroid,0.6406675577163696,1,1,0.7809840149470625,0.6406675749318801,12.36931687685298,4.816062414573976,0.38468720821661995,0.32743055555555556,4.932482719421387,,,8.242572784423828
refiner__detstats,tn3k_e3b71af23d,tn3k,thyroid,,1,1,,,,,,,,0.0,0.0,
rough_otsu,tn3k_e3b71af23d,tn3k,thyroid,0.0,1,1,0.0,0.0,,,0.0,,,,,
rough_otsu__detstats,tn3k_e3b71af23d,tn3k,thyroid,,1,1,,,,,,,,1.0,1.0,
refiner_box,tn3k_e3b71af23d,tn3k,thyroid,0.7504148483276367,1,1,0.857413727720895,0.7504148689014272,10.04987562112089,3.3286173394851155,0.5001692255622905,0.16875,3.025765895843506,,,5.062241554260254
refiner_box__detstats,tn3k_e3b71af23d,tn3k,thyroid,,1,1,,,,,,,,0.0,0.0,
refiner_gtbox,tn3k_e3b71af23d,tn3k,thyroid,0.7409542202949524,1,1,0.8512047084789406,0.7409542106948447,10.942442781329369,3.361531483925667,0.44727272727272727,0.11215277777777778,3.38828182220459,,,7.252355575561523
refiner_gtbox__detstats,tn3k_e3b71af23d,tn3k,thyroid,,1,1,,,,,,,,0.0,0.0,
rough_otsu_gtbox,tn3k_e3b71af23d,tn3k,thyroid,0.5784891843795776,1,1,0.7329656644725138,0.5784891884302162,16.115185901125525,6.094394932367088,0.29984701682814885,0.04826388888888889,7.220220565795898,,,7.220220565795898
rough_otsu_gtbox__detstats,tn3k_e3b71af23d,tn3k,thyroid,,1,1,,,,,,,,0.0,0.0,
yolo26n_seg,tn3k_49c3d9e0ef,tn3k,thyroid,0.5980039834976196,1,1,0.7484386709967524,0.5980039920159681,20.0,4.922453816012269,0.5511281805088813,0.370114006514658,2.012942314147949,,,
yolo26n_seg__detstats,tn3k_49c3d9e0ef,tn3k,thyroid,,1,1,,,,,,,,0.0,0.0,
seg_refiner,tn3k_49c3d9e0ef,tn3k,thyroid,0.0,1,1,0.0,0.0,,,0.0,,,,,
seg_refiner__detstats,tn3k_49c3d9e0ef,tn3k,thyroid,,1,1,,,,,,,,1.0,1.0,
refiner,tn3k_49c3d9e0ef,tn3k,thyroid,0.0,1,1,0.0,0.0,,,0.0,,,,,
refiner__detstats,tn3k_49c3d9e0ef,tn3k,thyroid,,1,1,,,,,,,,1.0,1.0,
rough_otsu,tn3k_49c3d9e0ef,tn3k,thyroid,0.0,1,1,0.0,0.0,,,0.0,,,,,
rough_otsu__detstats,tn3k_49c3d9e0ef,tn3k,thyroid,,1,1,,,,,,,,1.0,1.0,
refiner_box,tn3k_49c3d9e0ef,tn3k,thyroid,0.0,1,1,0.0,0.0,,,0.0,,,,,
refiner_box__detstats,tn3k_49c3d9e0ef,tn3k,thyroid,,1,1,,,,,,,,1.0,1.0,
refiner_gtbox,tn3k_49c3d9e0ef,tn3k,thyroid,0.0,1,1,0.0,0.0,,,0.0,,,,,
refiner_gtbox__detstats,tn3k_49c3d9e0ef,tn3k,thyroid,,1,1,,,,,,,,1.0,1.0,
rough_otsu_gtbox,tn3k_49c3d9e0ef,tn3k,thyroid,0.0,1,1,0.0,0.0,,,0.0,,,,,
rough_otsu_gtbox__detstats,tn3k_49c3d9e0ef,tn3k,thyroid,,1,1,,,,,,,,1.0,1.0,
yolo26n_seg,tn3k_17a376ef7a,tn3k,thyroid,0.7817040681838989,1,1,0.8774791473586654,0.7817040951122853,23.0,6.54780596191071,0.3151394705089076,0.15587079131772347,4.762905597686768,,,
yolo26n_seg__detstats,tn3k_17a376ef7a,tn3k,thyroid,,1,1,,,,,,,,0.0,0.0,
seg_refiner,tn3k_17a376ef7a,tn3k,thyroid,0.825400710105896,1,1,0.9043501515421644,0.8254006996989667,15.081041174104715,5.148061764753768,0.31261436598408093,0.08272090240984448,4.869763374328613,,,5.965581893920898
seg_refiner__detstats,tn3k_17a376ef7a,tn3k,thyroid,,1,1,,,,,,,,0.0,0.0,
refiner,tn3k_17a376ef7a,tn3k,thyroid,0.8106178045272827,1,1,0.8954046639231824,0.8106178205526234,17.46424919657298,5.553890804555127,0.39435432904992623,0.0064946163049051445,5.072436332702637,,,7.088613510131836
refiner__detstats,tn3k_17a376ef7a,tn3k,thyroid,,1,1,,,,,,,,0.0,0.0,
rough_otsu,tn3k_17a376ef7a,tn3k,thyroid,0.7596614956855774,1,1,0.8634177484571185,0.7596614739364889,20.0,6.7219209905069475,0.3513185530921821,0.007776448470346949,7.138308525085449,,,7.138308525085449
rough_otsu__detstats,tn3k_17a376ef7a,tn3k,thyroid,,1,1,,,,,,,,0.0,0.0,
refiner_box,tn3k_17a376ef7a,tn3k,thyroid,0.8119780421257019,1,1,0.896233868843824,0.8119780481985206,17.46710984536927,5.612761857046435,0.35406633656650616,0.05315330712698684,5.297616958618164,,,8.872419357299805
refiner_box__detstats,tn3k_17a376ef7a,tn3k,thyroid,,1,1,,,,,,,,0.0,0.0,
refiner_gtbox,tn3k_17a376ef7a,tn3k,thyroid,0.8865783214569092,1,1,0.9398796752072026,0.8865782998650686,9.219544457292887,3.207919167520823,0.5063495728469175,0.031191249359083916,3.3458805084228516,,,10.041179656982422
refiner_gtbox__detstats,tn3k_17a376ef7a,tn3k,thyroid,,1,1,,,,,,,,0.0,0.0,
rough_otsu_gtbox,tn3k_17a376ef7a,tn3k,thyroid,0.7440233826637268,1,1,0.8532263944586219,0.7440233977619533,24.70626920710674,8.98430352530323,0.24127999999999997,0.3440437532045804,10.015022277832031,,,10.015022277832031
rough_otsu_gtbox__detstats,tn3k_17a376ef7a,tn3k,thyroid,,1,1,,,,,,,,0.0,0.0,
yolo26n_seg,tn3k_3b73966134,tn3k,thyroid,0.0,1,0,0.0,0.0,,,0.0,,,,,
yolo26n_seg__detstats,tn3k_3b73966134,tn3k,thyroid,,1,0,,,,,,,,1.0,0.0,
seg_refiner,tn3k_3b73966134,tn3k,thyroid,0.0,1,0,0.0,0.0,,,0.0,,,,,
seg_refiner__detstats,tn3k_3b73966134,tn3k,thyroid,,1,0,,,,,,,,1.0,0.0,
refiner,tn3k_3b73966134,tn3k,thyroid,0.7347670197486877,1,1,0.8471074380165289,0.7347670250896058,6.479394161199479,1.958836187190117,0.71875,0.2100456621004566,2.3723132610321045,,,5.475752830505371
refiner__detstats,tn3k_3b73966134,tn3k,thyroid,,1,1,,,,,,,,0.0,0.0,
rough_otsu,tn3k_3b73966134,tn3k,thyroid,0.5235059857368469,1,1,0.6872384937238494,0.5235059760956176,10.409594778277508,4.915934102135836,0.15376495425756512,0.9101978691019786,5.482599258422852,,,5.482599258422852
rough_otsu__detstats,tn3k_3b73966134,tn3k,thyroid,,1,1,,,,,,,,0.0,0.0,
refiner_box,tn3k_3b73966134,tn3k,thyroid,0.7269326448440552,1,1,0.8418772563176895,0.726932668329177,6.348125995465584,1.8835610075878781,0.6670367800138792,0.1080669710806697,2.2515573501586914,,,5.336996555328369
refiner_box__detstats,tn3k_3b73966134,tn3k,thyroid,,1,1,,,,,,,,0.0,0.0,
refiner_gtbox,tn3k_3b73966134,tn3k,thyroid,0.7581047415733337,1,1,0.8624113475177305,0.7581047381546134,3.605551275463989,1.6189054004406438,0.7022323117669316,0.1461187214611872,1.8487725257873535,,,2.4600539207458496
refiner_gtbox__detstats,tn3k_3b73966134,tn3k,thyroid,,1,1,,,,,,,,0.0,0.0,
rough_otsu_gtbox,tn3k_3b73966134,tn3k,thyroid,0.7324414849281311,1,1,0.8455598455598455,0.7324414715719063,6.4031242374328485,2.2296774353040045,0.6111486486486486,0.365296803652968,2.4678492546081543,,,2.4678492546081543
rough_otsu_gtbox__detstats,tn3k_3b73966134,tn3k,thyroid,,1,1,,,,,,,,0.0,0.0,
yolo26n_seg,tn3k_9d5c35580d,tn3k,thyroid,0.8364331126213074,1,1,0.9109322974472808,0.8364331210191083,11.40175425099138,3.688194321493614,0.4518239061991097,0.07603686635944701,4.582639217376709,,,
yolo26n_seg__detstats,tn3k_9d5c35580d,tn3k,thyroid,,1,1,,,,,,,,0.0,0.0,
seg_refiner,tn3k_9d5c35580d,tn3k,thyroid,0.7678503394126892,1,1,0.868682505399568,0.7678503245513555,9.433981132056603,5.176409918187504,0.19347581552305962,0.0002880184331797235,5.496654510498047,,,3.9415574073791504
seg_refiner__detstats,tn3k_9d5c35580d,tn3k,thyroid,,1,1,,,,,,,,0.0,0.0,
refiner,tn3k_9d5c35580d,tn3k,thyroid,0.6839647889137268,1,1,0.812326705220629,0.6839647812166488,22.634039662900484,7.120029902999677,0.29716427733424905,0.18217165898617513,7.0690765380859375,,,11.782570838928223
refiner__detstats,tn3k_9d5c35580d,tn3k,thyroid,,1,1,,,,,,,,0.0,0.0,
rough_otsu,tn3k_9d5c35580d,tn3k,thyroid,0.0,1,1,0.0,0.0,,,0.0,,,,,
rough_otsu__detstats,tn3k_9d5c35580d,tn3k,thyroid,,1,1,,,,,,,,1.0,1.0,
refiner_box,tn3k_9d5c35580d,tn3k,thyroid,0.7691274881362915,1,1,0.8694992412746586,0.7691275167785235,10.295630140987,5.4777359996714825,0.17139598846179646,0.08784562211981567,5.773129463195801,,,11.674701690673828
refiner_box__detstats,tn3k_9d5c35580d,tn3k,thyroid,,1,1,,,,,,,,0.0,0.0,
refiner_gtbox,tn3k_9d5c35580d,tn3k,thyroid,0.5611212849617004,1,1,0.7188695448512764,0.561121267519805,26.003840481040527,7.820013225240171,0.19476362768875988,0.15538594470046083,8.987438201904297,,,14.062088012695312
refiner_gtbox__detstats,tn3k_9d5c35580d,tn3k,thyroid,,1,1,,,,,,,,0.0,0.0,
rough_otsu_gtbox,tn3k_9d5c35580d,tn3k,thyroid,0.0,1,1,0.0,0.0,,,0.0,,,,,
rough_otsu_gtbox__detstats,tn3k_9d5c35580d,tn3k,thyroid,,1,1,,,,,,,,1.0,1.0,
yolo26n_seg,tn3k_66d130eff3,tn3k,thyroid,0.8312702178955078,2,2,0.9078618968386023,0.8312702342410969,14.0,5.2941342923574375,0.3837766382917814,0.20045766590389016,4.674083232879639,,,
yolo26n_seg,tn3k_66d130eff3,tn3k,thyroid,0.7972545027732849,2,2,0.8871915393654524,0.7972544878563886,3.605551275463989,1.5220344957636274,0.725925925925926,0.14357682619647355,1.92668616771698,,,
yolo26n_seg__detstats,tn3k_66d130eff3,tn3k,thyroid,,2,2,,,,,,,,0.0,0.0,
seg_refiner,tn3k_66d130eff3,tn3k,thyroid,0.8823131322860718,2,2,0.9374775163680841,0.8823131094257854,9.0,3.610552954047914,0.4307785565448002,0.12036613272311213,4.2881760597229,,,6.222907543182373
seg_refiner,tn3k_66d130eff3,tn3k,thyroid,0.8168420791625977,2,2,0.899188876013905,0.8168421052631579,3.273096063992282,1.3201864949562359,0.779126213592233,0.17380352644836272,1.590552568435669,,,1.6461882591247559
seg_refiner__detstats,tn3k_66d130eff3,tn3k,thyroid,,2,2,,,,,,,,0.0,0.0,
refiner,tn3k_66d130eff3,tn3k,thyroid,0.8260446786880493,2,2,0.9047365620010644,0.826044703595724,15.562764202674966,5.451618680800163,0.26364698807484144,0.14988558352402745,6.347977638244629,,,10.343669891357422
refiner,tn3k_66d130eff3,tn3k,thyroid,0.8233333230018616,2,2,0.903107861060329,0.8233333333333334,3.0,1.1256353915805564,0.8450563481929716,0.06675062972292191,1.2880927324295044,,,2.8768157958984375
refiner__detstats,tn3k_66d130eff3,tn3k,thyroid,,2,2,,,,,,,,0.0,0.0,
rough_otsu,tn3k_66d130eff3,tn3k,thyroid,0.7393497824668884,2,2,0.8501450209474702,0.7393497757847534,22.80350850198276,7.179877817956377,0.3112038204598503,0.13020594965675059,10.369298934936523,,,10.369298934936523
rough_otsu,tn3k_66d130eff3,tn3k,thyroid,0.6649590134620667,2,2,0.7987692307692308,0.6649590163934426,6.0,2.129443320821204,0.6141147338010732,0.04659949622166247,2.8803086280822754,,,2.8803086280822754
rough_otsu__detstats,tn3k_66d130eff3,tn3k,thyroid,,2,2,,,,,,,,0.0,0.0,
refiner_box,tn3k_66d130eff3,tn3k,thyroid,0.8530066609382629,2,2,0.9206730769230769,0.8530066815144766,2.23606797749979,0.989237887768073,0.9381929834536875,0.09571788413098237,1.1697592735290527,,,5.637803554534912
refiner_box,tn3k_66d130eff3,tn3k,thyroid,0.8273497223854065,2,2,0.9055187468882846,0.8273497095667997,12.704278635152548,5.386474546718739,0.27435280875882534,0.008314263920671243,6.075096130371094,,,18.094331741333008
refiner_box__detstats,tn3k_66d130eff3,tn3k,thyroid,,2,2,,,,,,,,0.0,0.0,
refiner_gtbox,tn3k_66d130eff3,tn3k,thyroid,0.868540346622467,2,2,0.9296458030082484,0.8685403445149592,9.899494936611665,3.881725217496089,0.4052631578947368,0.0437070938215103,4.335594654083252,,,7.563937187194824
refiner_gtbox,tn3k_66d130eff3,tn3k,thyroid,0.8395061492919922,2,2,0.912751677852349,0.8395061728395061,3.1622776601683795,1.0522243087948435,0.817167381974249,0.06423173803526448,1.32236647605896,,,2.236229658126831
refiner_gtbox__detstats,tn3k_66d130eff3,tn3k,thyroid,,2,2,,,,,,,,0.0,0.0,
rough_otsu_gtbox,tn3k_66d130eff3,tn3k,thyroid,0.804546058177948,2,2,0.891688043186952,0.8045460826309244,18.193280665046718,5.868192349075841,0.4286387187941592,0.007704042715484363,7.5926337242126465,,,7.5926337242126465
rough_otsu_gtbox,tn3k_66d130eff3,tn3k,thyroid,0.71257483959198,2,2,0.8321678321678322,0.7125748502994012,5.0990195135927845,1.9491105047367052,0.6546911032892342,0.19899244332493704,2.243156671524048,,,2.243156671524048
rough_otsu_gtbox__detstats,tn3k_66d130eff3,tn3k,thyroid,,2,2,,,,,,,,0.0,0.0,
yolo26n_seg,tn3k_517fb8dd10,tn3k,thyroid,0.9207867383956909,1,1,0.9587599943891149,0.9207867439040819,4.242640687119285,1.6532282719555842,0.6621532051889025,0.025754638604264746,1.818189024925232,,,
yolo26n_seg__detstats,tn3k_517fb8dd10,tn3k,thyroid,,1,1,,,,,,,,0.0,0.0,
seg_refiner,tn3k_517fb8dd10,tn3k,thyroid,0.886121928691864,1,1,0.9396231605006189,0.8861219195849546,6.4031242374328485,2.575746798862589,0.48757082333724666,0.013569648296870672,2.674126625061035,,,1.8552145957946777
seg_refiner__detstats,tn3k_517fb8dd10,tn3k,thyroid,,1,1,,,,,,,,0.0,0.0,
refiner,tn3k_517fb8dd10,tn3k,thyroid,0.7985779047012329,1,1,0.8880103398464229,0.7985778750170929,10.295630140987,4.229774110866834,0.26800612240498417,0.17875934644142896,4.584535598754883,,,10.507845878601074
refiner__detstats,tn3k_517fb8dd10,tn3k,thyroid,,1,1,,,,,,,,0.0,0.0,
rough_otsu,tn3k_517fb8dd10,tn3k,thyroid,0.581329345703125,1,1,0.7352413498504913,0.5813293704404215,23.345235059857504,8.533193646971561,0.11919526968560716,0.3792578233176405,10.511005401611328,,,10.511005401611328
rough_otsu__detstats,tn3k_517fb8dd10,tn3k,thyroid,,1,1,,,,,,,,0.0,0.0,
refiner_box,tn3k_517fb8dd10,tn3k,thyroid,0.8478030562400818,1,1,0.917633576851454,0.847803070407623,6.324555320336759,3.3509249038381443,0.3153465445729056,0.06674051509277208,3.705104351043701,,,8.559617042541504
refiner_box__detstats,tn3k_517fb8dd10,tn3k,thyroid,,1,1,,,,,,,,0.0,0.0,
refiner_gtbox,tn3k_517fb8dd10,tn3k,thyroid,0.8221888542175293,1,1,0.9024189320751891,0.822188864628821,9.433981132056603,3.665143127500554,0.3003926391976915,0.15106618665189697,4.001533508300781,,,10.797989845275879
refiner_gtbox__detstats,tn3k_517fb8dd10,tn3k,thyroid,,1,1,,,,,,,,0.0,0.0,
rough_otsu_gtbox,tn3k_517fb8dd10,tn3k,thyroid,0.576969563961029,1,1,0.7317446808510638,0.5769695342906992,23.345235059857504,8.585794583259409,0.11914546871678594,0.3730268623649958,10.77001953125,,,10.77001953125
rough_otsu_gtbox__detstats,tn3k_517fb8dd10,tn3k,thyroid,,1,1,,,,,,,,0.0,0.0,
yolo26n_seg,tn3k_2d1c388312,tn3k,thyroid,0.870634913444519,1,2,0.9308442935935511,0.8706349206349207,2.8284271247461903,1.097318643861018,0.8570233919487096,0.08953900709219859,1.2578550577163696,,,
yolo26n_seg__detstats,tn3k_2d1c388312,tn3k,thyroid,,1,2,,,,,,,,0.0,1.0,
seg_refiner,tn3k_2d1c388312,tn3k,thyroid,0.8757297992706299,1,2,0.9337483325922632,0.8757297748123436,2.23606797749979,0.9380284499166593,0.9259228774846702,0.0062056737588652485,1.1330056190490723,,,1.17618989944458
seg_refiner__detstats,tn3k_2d1c388312,tn3k,thyroid,,1,2,,,,,,,,0.0,1.0,
refiner,tn3k_2d1c388312,tn3k,thyroid,0.5021758079528809,1,1,0.6685979142526072,0.5021758050478677,12.903124237432849,4.531613175704945,0.44132473304786163,0.4698581560283688,4.322441101074219,,,5.015857219696045
refiner__detstats,tn3k_2d1c388312,tn3k,thyroid,,1,1,,,,,,,,0.0,0.0,
rough_otsu,tn3k_2d1c388312,tn3k,thyroid,0.0,1,1,0.0,0.0,,,0.0,,,,,
rough_otsu__detstats,tn3k_2d1c388312,tn3k,thyroid,,1,1,,,,,,,,1.0,1.0,
refiner_box,tn3k_2d1c388312,tn3k,thyroid,0.7931034564971924,1,1,0.8846153846153846,0.7931034482758621,5.0,1.7170484907848451,0.6813996316758747,0.1099290780141844,1.8386225700378418,,,3.7838423252105713
refiner_box__detstats,tn3k_2d1c388312,tn3k,thyroid,,1,1,,,,,,,,0.0,0.0,
refiner_gtbox,tn3k_2d1c388312,tn3k,thyroid,0.7370242476463318,1,1,0.848605577689243,0.7370242214532872,7.810249675906654,2.5370072667259853,0.6303390460020162,0.225177304964539,2.9155001640319824,,,4.94252347946167
refiner_gtbox__detstats,tn3k_2d1c388312,tn3k,thyroid,,1,1,,,,,,,,0.0,0.0,
rough_otsu_gtbox,tn3k_2d1c388312,tn3k,thyroid,0.6409090757369995,1,1,0.7811634349030471,0.6409090909090909,12.0,4.3872130113183125,0.35326086956521735,0.5602836879432624,4.929530143737793,,,4.929530143737793
rough_otsu_gtbox__detstats,tn3k_2d1c388312,tn3k,thyroid,,1,1,,,,,,,,0.0,0.0,
yolo26n_seg,tn3k_2d2b5a5360,tn3k,thyroid,0.6689895391464233,1,1,0.8016701461377871,0.6689895470383276,10.0,2.936927558173717,0.5584026300522141,0.31680773881499397,2.664139747619629,,,
yolo26n_seg__detstats,tn3k_2d2b5a5360,tn3k,thyroid,,1,1,,,,,,,,0.0,0.0,
seg_refiner,tn3k_2d2b5a5360,tn3k,thyroid,0.6918547749519348,1,1,0.8178654292343387,0.6918547595682041,6.0,2.5919502602122577,0.5112831134852284,0.08464328899637243,2.779573678970337,,,3.481916904449463
seg_refiner__detstats,tn3k_2d2b5a5360,tn3k,thyroid,,1,1,,,,,,,,0.0,0.0,
refiner,tn3k_2d2b5a5360,tn3k,thyroid,0.7302423715591431,1,1,0.8440925700365408,0.7302423603793466,8.94427190999916,2.319555542078374,0.6616442843105143,0.014510278113663845,3.095197916030884,,,4.448661804199219
refiner__detstats,tn3k_2d2b5a5360,tn3k,thyroid,,1,1,,,,,,,,0.0,0.0,
rough_otsu,tn3k_2d2b5a5360,tn3k,thyroid,0.6006322503089905,1,1,0.7504937458854509,0.6006322444678609,11.12578697833289,3.4289306105688597,0.4427752520260921,0.16324062877871826,4.437248229980469,,,4.437248229980469
rough_otsu__detstats,tn3k_2d2b5a5360,tn3k,thyroid,,1,1,,,,,,,,0.0,0.0,
refiner_box,tn3k_2d2b5a5360,tn3k,thyroid,0.6815101504325867,1,1,0.8105929763960852,0.6815101645692159,8.031128874149275,2.763719829730749,0.5235819655100769,0.1003627569528416,2.8526225090026855,,,5.917325019836426
refiner_box__detstats,tn3k_2d2b5a5360,tn3k,thyroid,,1,1,,,,,,,,0.0,0.0,
refiner_gtbox,tn3k_2d2b5a5360,tn3k,thyroid,0.781737208366394,1,1,0.8775,0.7817371937639198,4.242640687119285,1.6549469265071792,0.6853057108809241,0.06529625151148731,1.6691086292266846,,,2.745105743408203
refiner_gtbox__detstats,tn3k_2d2b5a5360,tn3k,thyroid,,1,1,,,,,,,,0.0,0.0,
rough_otsu_gtbox,tn3k_2d2b5a5360,tn3k,thyroid,0.7383928298950195,1,1,0.8495120698510529,0.7383928571428572,7.078069548818598,2.4809593150386564,0.5842131724484666,0.3542926239419589,2.746805191040039,,,2.746805191040039
rough_otsu_gtbox__detstats,tn3k_2d2b5a5360,tn3k,thyroid,,1,1,,,,,,,,0.0,0.0,
yolo26n_seg,tn3k_91888c0ca2,tn3k,thyroid,0.772522509098053,1,1,0.8716645489199492,0.7725225225225225,3.605551275463989,1.7616478637300386,0.6292682926829268,0.11275167785234899,1.8786801099777222,,,
yolo26n_seg__detstats,tn3k_91888c0ca2,tn3k,thyroid,,1,1,,,,,,,,0.0,0.0,
seg_refiner,tn3k_91888c0ca2,tn3k,thyroid,0.7837514877319336,1,1,0.8787675820495646,0.7837514934289128,3.605551275463989,1.5925976274687337,0.7350689127105666,0.004026845637583893,1.5918047428131104,,,1.8305176496505737
seg_refiner__detstats,tn3k_91888c0ca2,tn3k,thyroid,,1,1,,,,,,,,0.0,0.0,
refiner,tn3k_91888c0ca2,tn3k,thyroid,0.789340078830719,1,1,0.8822695035460993,0.7893401015228426,4.277064977301324,1.503339051689297,0.7402597402597402,0.10738255033557047,1.7602653503417969,,,2.2328004837036133
refiner__detstats,tn3k_91888c0ca2,tn3k,thyroid,,1,1,,,,,,,,0.0,0.0,
rough_otsu,tn3k_91888c0ca2,tn3k,thyroid,0.6993548274040222,1,1,0.8230827638572513,0.6993548387096774,5.0,1.9674346315660056,0.6110599078341014,0.23221476510067113,2.2425780296325684,,,2.2425780296325684
rough_otsu__detstats,tn3k_91888c0ca2,tn3k,thyroid,,1,1,,,,,,,,0.0,0.0,
refiner_box,tn3k_91888c0ca2,tn3k,thyroid,0.7597633004188538,1,1,0.863483523873571,0.7597633136094675,4.0,1.7486691304391937,0.6375504391170187,0.004026845637583893,1.9262239933013916,,,3.753230571746826
refiner_box__detstats,tn3k_91888c0ca2,tn3k,thyroid,,1,1,,,,,,,,0.0,0.0,
refiner_gtbox,tn3k_91888c0ca2,tn3k,thyroid,0.801001250743866,1,1,0.8895066018068103,0.8010012515644556,3.605551275463989,1.3664587455260604,0.7587115315531074,0.06845637583892618,1.5712006092071533,,,2.3685364723205566
refiner_gtbox__detstats,tn3k_91888c0ca2,tn3k,thyroid,,1,1,,,,,,,,0.0,0.0,
rough_otsu_gtbox,tn3k_91888c0ca2,tn3k,thyroid,0.6835442781448364,1,1,0.8120300751879699,0.6835443037974683,5.0,2.038295218176763,0.60758486562942,0.21476510067114093,2.376425266265869,,,2.376425266265869
rough_otsu_gtbox__detstats,tn3k_91888c0ca2,tn3k,thyroid,,1,1,,,,,,,,0.0,0.0,
yolo26n_seg,tn3k_4d219a66dc,tn3k,thyroid,0.8635905385017395,2,3,0.9268028683534028,0.8635905194150277,5.923928352680377,2.143917595884462,0.605544268956026,0.09166021172217918,2.324496269226074,,,
yolo26n_seg,tn3k_4d219a66dc,tn3k,thyroid,0.7237701416015625,2,3,0.8397524845302832,0.7237701208869352,35.19942034887751,9.394530828496443,0.41092931504433877,0.2242274906766116,10.811952590942383,,,
yolo26n_seg__detstats,tn3k_4d219a66dc,tn3k,thyroid,,2,3,,,,,,,,0.0,1.0,
seg_refiner,tn3k_4d219a66dc,tn3k,thyroid,0.8904884457588196,2,3,0.9420723415828121,0.8904884318766066,4.123105625617661,1.6687808476562958,0.7507386098584979,0.10121352956364575,1.5746567249298096,,,2.095266580581665
seg_refiner,tn3k_4d219a66dc,tn3k,thyroid,0.5742241740226746,2,3,0.7295328980411854,0.5742241549713382,46.88960429294378,15.298319827445834,0.13903192584963955,0.40889717634523176,11.979232788085938,,,10.086690902709961
seg_refiner__detstats,tn3k_4d219a66dc,tn3k,thyroid,,2,3,,,,,,,,0.0,1.0,
refiner,tn3k_4d219a66dc,tn3k,thyroid,0.854428768157959,2,2,0.9215007614564585,0.8544287548138639,5.830951894845301,2.2545208771457244,0.6112666350833369,0.13503743867802737,2.351377010345459,,,5.009465217590332
refiner__detstats,tn3k_4d219a66dc,tn3k,thyroid,,2,2,,,,,,,,1.0,1.0,
rough_otsu,tn3k_4d219a66dc,tn3k,thyroid,0.7259795069694519,2,2,0.841237670585056,0.7259794776119403,10.04987562112089,4.413068793348243,0.3180327868852459,0.08907823392718822,5.024848937988281,,,5.024848937988281
rough_otsu__detstats,tn3k_4d219a66dc,tn3k,thyroid,,2,2,,,,,,,,1.0,1.0,
refiner_box,tn3k_4d219a66dc,tn3k,thyroid,0.8768647313117981,2,2,0.934393102519197,0.8768647281921618,5.0,1.8839149672043327,0.673273525930129,0.0833978827782081,1.9799377918243408,,,5.826029300689697
refiner_box__detstats,tn3k_4d219a66dc,tn3k,thyroid,,2,2,,,,,,,,1.0,1.0,
refiner_gtbox,tn3k_4d219a66dc,tn3k,thyroid,0.8467472195625305,2,2,0.9170147591200223,0.846747235793263,6.795742752749545,2.326099034682292,0.569314550800947,0.14562354763749033,2.282033920288086,,,3.3625426292419434
refiner_gtbox,tn3k_4d219a66dc,tn3k,thyroid,0.7121618986129761,2,2,0.8318861645564778,0.71216189665335,22.516616699800593,9.358400075240944,0.19268801155122203,0.258990410229089,9.005146980285645,,,9.814956665039062
refiner_gtbox__detstats,tn3k_4d219a66dc,tn3k,thyroid,,2,2,,,,,,,,0.0,0.0,
rough_otsu_gtbox,tn3k_4d219a66dc,tn3k,thyroid,0.8345113396644592,2,2,0.9097914175634383,0.8345113331708506,8.018677324489563,2.755279867838932,0.5525568589210429,0.056545313710302095,3.352635383605957,,,3.352635383605957
rough_otsu_gtbox,tn3k_4d219a66dc,tn3k,thyroid,0.7862734794616699,2,2,0.8803506112630574,0.7862734710695156,24.166091947189145,7.514304211326987,0.35962040949801727,0.020977623867874266,9.847999572753906,,,9.847999572753906
rough_otsu_gtbox__detstats,tn3k_4d219a66dc,tn3k,thyroid,,2,2,,,,,,,,0.0,0.0,
yolo26n_seg,tn3k_2147053287,tn3k,thyroid,0.8927879333496094,1,2,0.9433575978161965,0.8927879440258343,5.385164807134504,1.7329338137117434,0.748179114769642,0.041328070582772235,1.710187554359436,,,
yolo26n_seg__detstats,tn3k_2147053287,tn3k,thyroid,,1,2,,,,,,,,0.0,1.0,
seg_refiner,tn3k_2147053287,tn3k,thyroid,0.828278660774231,1,2,0.9060748711051334,0.8282786885245902,8.94427190999916,2.8383264462327373,0.5532462299096418,0.07151149291850475,3.144718647003174,,,1.6773873567581177
seg_refiner__detstats,tn3k_2147053287,tn3k,thyroid,,1,2,,,,,,,,0.0,1.0,
refiner,tn3k_2147053287,tn3k,thyroid,0.5369649529457092,1,2,0.6987341772151898,0.5369649805447471,17.0,5.825875171853067,0.3012076378861093,0.349198978407244,6.676119804382324,,,7.524008750915527
refiner__detstats,tn3k_2147053287,tn3k,thyroid,,1,2,,,,,,,,0.0,1.0,
rough_otsu,tn3k_2147053287,tn3k,thyroid,0.6443899273872375,1,2,0.7837434750186428,0.6443899448191294,18.41843862244893,4.994042961366903,0.37271123755334284,0.1318783375899698,7.495330333709717,,,7.495330333709717
rough_otsu__detstats,tn3k_2147053287,tn3k,thyroid,,1,2,,,,,,,,0.0,1.0,
refiner_box,tn3k_2147053287,tn3k,thyroid,0.7993494868278503,1,2,0.8884871765902158,0.7993494612726164,9.0,3.3095847074375797,0.39723882870861654,0.055026700719758535,3.612725257873535,,,8.314122200012207
refiner_box__detstats,tn3k_2147053287,tn3k,thyroid,,1,2,,,,,,,,0.0,1.0,
refiner_gtbox,tn3k_2147053287,tn3k,thyroid,0.5725605487823486,1,1,0.7281888856896055,0.5725605614670591,32.541734806248996,7.301527100337371,0.5080228988633535,0.3872765265846297,5.518284797668457,,,6.291884422302246
refiner_gtbox__detstats,tn3k_2147053287,tn3k,thyroid,,1,1,,,,,,,,0.0,0.0,
rough_otsu_gtbox,tn3k_2147053287,tn3k,thyroid,0.0,1,1,0.0,0.0,,,0.0,,,,,
rough_otsu_gtbox__detstats,tn3k_2147053287,tn3k,thyroid,,1,1,,,,,,,,1.0,1.0,
yolo26n_seg,tn3k_06b83e3ad9,tn3k,thyroid,0.7105719447135925,2,1,0.8308004052684904,0.7105719237435009,5.0,1.8297488449818857,0.7079632465543645,0.39563106796116504,1.3774772882461548,,,
yolo26n_seg__detstats,tn3k_06b83e3ad9,tn3k,thyroid,,2,1,,,,,,,,1.0,0.0,
seg_refiner,tn3k_06b83e3ad9,tn3k,thyroid,0.8613445162773132,2,1,0.9255079006772009,0.8613445378151261,2.0,0.6971026580965074,1.0,0.15048543689320387,0.8581007122993469,,,2.0373754501342773
seg_refiner__detstats,tn3k_06b83e3ad9,tn3k,thyroid,,2,1,,,,,,,,1.0,0.0,
refiner,tn3k_06b83e3ad9,tn3k,thyroid,0.8466386795043945,2,1,0.9169510807736063,0.8466386554621849,2.0,0.7822125989510277,0.9526579039199721,0.13349514563106796,0.8434932827949524,,,3.322903871536255
refiner__detstats,tn3k_06b83e3ad9,tn3k,thyroid,,2,1,,,,,,,,1.0,0.0,
rough_otsu,tn3k_06b83e3ad9,tn3k,thyroid,0.5919540524482727,2,1,0.7436823104693141,0.5919540229885057,5.873213921133976,3.1146438148884883,0.3160270880361174,0.6893203883495146,3.320389747619629,,,3.320389747619629
rough_otsu__detstats,tn3k_06b83e3ad9,tn3k,thyroid,,2,1,,,,,,,,1.0,0.0,
refiner_box,tn3k_06b83e3ad9,tn3k,thyroid,0.8326530456542969,2,1,0.9086859688195991,0.8326530612244898,2.23606797749979,0.8825214470806444,0.9438465398985112,0.1796116504854369,0.923735499382019,,,3.1781129837036133
refiner_box__detstats,tn3k_06b83e3ad9,tn3k,thyroid,,2,1,,,,,,,,1.0,0.0,
refiner_gtbox,tn3k_06b83e3ad9,tn3k,thyroid,0.814479649066925,2,2,0.8977556109725686,0.8144796380090498,4.0,0.8830060593792326,0.8873590504451039,0.05339805825242718,1.0668672323226929,,,2.0321757793426514
refiner_gtbox,tn3k_06b83e3ad9,tn3k,thyroid,0.6812933087348938,2,2,0.8104395604395604,0.6812933025404158,4.123105625617661,1.724709819859302,0.6606606606606606,0.29508196721311475,1.822068214416504,,,3.4604647159576416
refiner_gtbox__detstats,tn3k_06b83e3ad9,tn3k,thyroid,,2,2,,,,,,,,0.0,0.0,
rough_otsu_gtbox,tn3k_06b83e3ad9,tn3k,thyroid,0.6751152276992798,2,2,0.8060522696011004,0.6751152073732719,6.332412212046368,1.5685806514267653,0.7642427049559981,0.2354368932038835,2.034900665283203,,,2.034900665283203
rough_otsu_gtbox__detstats,tn3k_06b83e3ad9,tn3k,thyroid,,2,2,,,,,,,,1.0,1.0,
yolo26n_seg,tn3k_aa6051fafc,tn3k,thyroid,0.8278580904006958,1,1,0.905823148813803,0.8278580814717477,15.0,3.1463222094931718,0.6407990191069787,0.1492111765823988,1.531906247138977,,,
yolo26n_seg__detstats,tn3k_aa6051fafc,tn3k,thyroid,,1,1,,,,,,,,0.0,0.0,
seg_refiner,tn3k_aa6051fafc,tn3k,thyroid,0.8250138163566589,1,1,0.9041178845377473,0.8250138146988396,13.024963126763444,3.155459482286731,0.6315443454074214,0.11670785021858962,2.1228067874908447,,,2.094251871109009
seg_refiner__detstats,tn3k_aa6051fafc,tn3k,thyroid,,1,1,,,,,,,,0.0,0.0,
refiner,tn3k_aa6051fafc,tn3k,thyroid,0.8372602462768555,1,1,0.9114226066209364,0.8372602739726027,10.822713738902166,2.7650154990767986,0.6301020408163265,0.08800608249382247,2.1590185165405273,,,3.7615275382995605
refiner__detstats,tn3k_aa6051fafc,tn3k,thyroid,,1,1,,,,,,,,0.0,0.0,
rough_otsu,tn3k_aa6051fafc,tn3k,thyroid,0.8123777508735657,1,1,0.8964772838779315,0.8123777343055308,8.561500201835056,3.0387518156821276,0.5377734320435816,0.06291579547614522,3.77766489982605,,,3.77766489982605
rough_otsu__detstats,tn3k_aa6051fafc,tn3k,thyroid,,1,1,,,,,,,,0.0,0.0,
refiner_box,tn3k_aa6051fafc,tn3k,thyroid,0.800281286239624,1,1,0.8890625,0.8002812939521801,10.63014581273465,3.6054149678802454,0.48317334568512516,0.0536019768104923,3.114290475845337,,,6.244184494018555
refiner_box__detstats,tn3k_aa6051fafc,tn3k,thyroid,,1,1,,,,,,,,0.0,0.0,
refiner_gtbox,tn3k_aa6051fafc,tn3k,thyroid,0.8117083311080933,1,1,0.8960695389266817,0.811708319068812,11.0,3.5098829279938957,0.49045352904076595,0.011784831781030222,3.3383703231811523,,,5.398343563079834
refiner_gtbox__detstats,tn3k_aa6051fafc,tn3k,thyroid,,1,1,,,,,,,,0.0,0.0,
rough_otsu_gtbox,tn3k_aa6051fafc,tn3k,thyroid,0.7589201331138611,1,1,0.8629386949106902,0.758920113672245,15.0,4.617597078786403,0.42725842510557255,0.11765823987835013,5.372211933135986,,,5.372211933135986
rough_otsu_gtbox__detstats,tn3k_aa6051fafc,tn3k,thyroid,,1,1,,,,,,,,0.0,0.0,
yolo26n_seg,tn3k_022b174b12,tn3k,thyroid,0.8646948337554932,1,1,0.927438446969697,0.864694846043483,7.9810249675906615,3.17274061956265,0.38703767955034357,0.022988505747126436,3.224400281906128,,,
yolo26n_seg__detstats,tn3k_022b174b12,tn3k,thyroid,,1,1,,,,,,,,0.0,0.0,
seg_refiner,tn3k_022b174b12,tn3k,thyroid,0.8048861622810364,1,1,0.8918968579653335,0.8048861375193456,10.63014581273465,4.595696358537303,0.27010975303240453,0.04513888888888889,5.044121265411377,,,3.4992587566375732
seg_refiner__detstats,tn3k_022b174b12,tn3k,thyroid,,1,1,,,,,,,,0.0,0.0,
refiner,tn3k_022b174b12,tn3k,thyroid,0.6526229977607727,1,1,0.7898026546808062,0.6526230269266481,18.049809498677398,7.239135345670811,0.15663466118478778,0.2951388888888889,7.331687927246094,,,14.848876953125
refiner__detstats,tn3k_022b174b12,tn3k,thyroid,,1,1,,,,,,,,0.0,0.0,
rough_otsu,tn3k_022b174b12,tn3k,thyroid,0.0,1,1,0.0,0.0,,,0.0,,,,,
rough_otsu__detstats,tn3k_022b174b12,tn3k,thyroid,,1,1,,,,,,,,1.0,1.0,
refiner_box,tn3k_022b174b12,tn3k,thyroid,0.810481607913971,1,1,0.8953215652388594,0.8104816180578835,10.379739638479306,4.5867264735254105,0.26213029190025133,0.06010536398467433,4.597318649291992,,,10.231878280639648
refiner_box__detstats,tn3k_022b174b12,tn3k,thyroid,,1,1,,,,,,,,0.0,0.0,
refiner_gtbox,tn3k_022b174b12,tn3k,thyroid,0.6010704636573792,1,1,0.7508357635678213,0.6010704931101242,19.1049731745428,9.194146109011314,0.1253593814175253,0.31669061302681994,9.291089057922363,,,16.883743286132812
refiner_gtbox__detstats,tn3k_022b174b12,tn3k,thyroid,,1,1,,,,,,,,0.0,0.0,
rough_otsu_gtbox,tn3k_022b174b12,tn3k,thyroid,0.0,1,1,0.0,0.0,,,0.0,,,,,
rough_otsu_gtbox__detstats,tn3k_022b174b12,tn3k,thyroid,,1,1,,,,,,,,1.0,1.0,
yolo26n_seg,tn3k_0bb62bcc82,tn3k,thyroid,0.9079872369766235,1,1,0.9517749497655726,0.9079872204472843,2.0,0.8700804177919442,0.9514036653167686,0.04101161995898838,1.0326017141342163,,,
yolo26n_seg__detstats,tn3k_0bb62bcc82,tn3k,thyroid,,1,1,,,,,,,,0.0,0.0,
seg_refiner,tn3k_0bb62bcc82,tn3k,thyroid,0.8221498131752014,1,1,0.9023954236682159,0.8221498371335505,4.0,1.6554364078180033,0.7324621286002211,0.08817498291182502,1.9147950410842896,,,0.9647092819213867
seg_refiner__detstats,tn3k_0bb62bcc82,tn3k,thyroid,,1,1,,,,,,,,0.0,0.0,
refiner,tn3k_0bb62bcc82,tn3k,thyroid,0.8589157462120056,1,1,0.9241040056219255,0.8589157413455258,3.605551275463989,1.2942684719218596,0.8146639511201629,0.05468215994531784,1.4453740119934082,,,4.404080867767334
refiner__detstats,tn3k_0bb62bcc82,tn3k,thyroid,,1,1,,,,,,,,0.0,0.0,
rough_otsu,tn3k_0bb62bcc82,tn3k,thyroid,0.6009673476219177,1,1,0.7507552870090635,0.6009673518742442,10.064691961727354,3.761074245167863,0.36307118433322966,0.1900205058099795,4.403322219848633,,,4.403322219848633
rough_otsu__detstats,tn3k_0bb62bcc82,tn3k,thyroid,,1,1,,,,,,,,0.0,0.0,
refiner_box,tn3k_0bb62bcc82,tn3k,thyroid,0.8868778347969055,1,1,0.9400479616306955,0.8868778280542986,3.0,1.0402482669269055,0.8520241802527936,0.004784688995215311,1.2877087593078613,,,4.152174949645996
refiner_box__detstats,tn3k_0bb62bcc82,tn3k,thyroid,,1,1,,,,,,,,0.0,0.0,
refiner_gtbox,tn3k_0bb62bcc82,tn3k,thyroid,0.8295454382896423,1,1,0.906832298136646,0.8295454545454546,4.0,1.6253467755681918,0.7175000000000001,0.1291866028708134,1.9050142765045166,,,4.085959434509277
refiner_gtbox__detstats,tn3k_0bb62bcc82,tn3k,thyroid,,1,1,,,,,,,,0.0,0.0,
rough_otsu_gtbox,tn3k_0bb62bcc82,tn3k,thyroid,0.6240409016609192,1,1,0.768503937007874,0.6240409207161125,10.516242230440186,3.69557479818855,0.3941953649555989,0.2638414217361586,4.085174560546875,,,4.085174560546875
rough_otsu_gtbox__detstats,tn3k_0bb62bcc82,tn3k,thyroid,,1,1,,,,,,,,0.0,0.0,
yolo26n_seg,tn3k_4c7ff2a789,tn3k,thyroid,0.8657205104827881,1,1,0.9280280866003511,0.8657205240174672,2.23606797749979,0.9871308355794054,0.89461713419257,0.10727496917385944,1.1814472675323486,,,
yolo26n_seg__detstats,tn3k_4c7ff2a789,tn3k,thyroid,,1,1,,,,,,,,0.0,0.0,
seg_refiner,tn3k_4c7ff2a789,tn3k,thyroid,0.9083526730537415,1,1,0.9519756838905775,0.9083526682134571,2.0,0.6018132483190642,0.9884442860113478,0.02836004932182491,0.7851171493530273,,,1.1353001594543457
seg_refiner__detstats,tn3k_4c7ff2a789,tn3k,thyroid,,1,1,,,,,,,,0.0,0.0,
refiner,tn3k_4c7ff2a789,tn3k,thyroid,0.8861330151557922,1,2,0.9396294082486552,0.8861330326944757,2.23606797749979,0.7939739968084257,0.9232710752145382,0.06288532675709001,0.8769736289978027,,,2.7648568153381348
refiner__detstats,tn3k_4c7ff2a789,tn3k,thyroid,,1,2,,,,,,,,0.0,1.0,
rough_otsu,tn3k_4c7ff2a789,tn3k,thyroid,0.7300000190734863,1,2,0.8439306358381503,0.73,5.991547594742263,2.4932348725455458,0.5075843332578673,0.34648581997533906,2.7657628059387207,,,2.7657628059387207
rough_otsu__detstats,tn3k_4c7ff2a789,tn3k,thyroid,,1,2,,,,,,,,0.0,1.0,
refiner_box,tn3k_4c7ff2a789,tn3k,thyroid,0.878923773765564,1,2,0.9355608591885441,0.8789237668161435,2.23606797749979,0.8337639026217991,0.9322136664039289,0.06658446362515413,0.9523476362228394,,,3.010955810546875
refiner_box__detstats,tn3k_4c7ff2a789,tn3k,thyroid,,1,2,,,,,,,,0.0,1.0,
refiner_gtbox,tn3k_4c7ff2a789,tn3k,thyroid,0.8823529481887817,1,1,0.9375,0.8823529411764706,2.8284271247461903,0.8511500577555725,0.8644551081438209,0.027127003699136867,0.8267812132835388,,,1.1039938926696777
refiner_gtbox__detstats,tn3k_4c7ff2a789,tn3k,thyroid,,1,1,,,,,,,,0.0,0.0,
rough_otsu_gtbox,tn3k_4c7ff2a789,tn3k,thyroid,0.8518957495689392,1,1,0.9200255918106206,0.8518957345971564,2.8284271247461903,1.0345805163670767,0.8644138506466417,0.07274969173859433,1.0979434251785278,,,1.0979434251785278
rough_otsu_gtbox__detstats,tn3k_4c7ff2a789,tn3k,thyroid,,1,1,,,,,,,,0.0,0.0,
yolo26n_seg,tn3k_96e2023c6f,tn3k,thyroid,0.7990468740463257,1,1,0.8883002207505519,0.7990468625893566,4.47213595499958,1.6807854280238559,0.7134146341463415,0.1342668863261944,1.746399164199829,,,
yolo26n_seg__detstats,tn3k_96e2023c6f,tn3k,thyroid,,1,1,,,,,,,,0.0,0.0,
seg_refiner,tn3k_96e2023c6f,tn3k,thyroid,0.7793047428131104,1,1,0.8759654702407996,0.7793047696038804,4.123105625617661,1.8486896700641924,0.5909929611152872,0.18698517298187808,1.8799633979797363,,,1.6466708183288574
seg_refiner__detstats,tn3k_96e2023c6f,tn3k,thyroid,,1,1,,,,,,,,0.0,0.0,
refiner,tn3k_96e2023c6f,tn3k,thyroid,0.6931818127632141,1,1,0.8187919463087249,0.6931818181818182,5.656854249492381,2.5664691948483185,0.46477495107632094,0.28171334431630973,2.7034783363342285,,,3.9803848266601562
refiner__detstats,tn3k_96e2023c6f,tn3k,thyroid,,1,1,,,,,,,,0.0,0.0,
rough_otsu,tn3k_96e2023c6f,tn3k,thyroid,0.5683690309524536,1,1,0.7247899159663865,0.5683690280065898,7.0,3.6254747339177973,0.3323615160349854,0.4316309719934102,4.005072116851807,,,4.005072116851807
rough_otsu__detstats,tn3k_96e2023c6f,tn3k,thyroid,,1,1,,,,,,,,0.0,0.0,
refiner_box,tn3k_96e2023c6f,tn3k,thyroid,0.7768924236297607,1,1,0.874439461883408,0.7768924302788844,4.47213595499958,1.949938985803457,0.601624942202259,0.1630971993410214,1.9151246547698975,,,1.929990530014038
refiner_box__detstats,tn3k_96e2023c6f,tn3k,thyroid,,1,1,,,,,,,,0.0,0.0,
refiner_gtbox,tn3k_96e2023c6f,tn3k,thyroid,0.8186196088790894,1,1,0.9002647837599294,0.8186195826645265,3.605551275463989,1.4545719485967579,0.702425152065724,0.13344316309719934,1.486690878868103,,,3.4923107624053955
refiner_gtbox__detstats,tn3k_96e2023c6f,tn3k,thyroid,,1,1,,,,,,,,0.0,0.0,
rough_otsu_gtbox,tn3k_96e2023c6f,tn3k,thyroid,0.6202635765075684,1,1,0.7656329435688867,0.6202635914332785,6.43363220693949,3.148193117565566,0.3746515517561791,0.3797364085667216,3.4944891929626465,,,3.4944891929626465
rough_otsu_gtbox__detstats,tn3k_96e2023c6f,tn3k,thyroid,,1,1,,,,,,,,0.0,0.0,
yolo26n_seg,tn3k_777ac21d90,tn3k,thyroid,0.9009150862693787,1,1,0.9478751660026561,0.9009151151782897,4.47213595499958,1.3024326315544879,0.8081224789145581,0.07969397513547975,1.2135857343673706,,,
yolo26n_seg__detstats,tn3k_777ac21d90,tn3k,thyroid,,1,1,,,,,,,,0.0,0.0,
seg_refiner,tn3k_777ac21d90,tn3k,thyroid,0.7179650068283081,1,1,0.835831945215621,0.7179650238473768,10.63014581273465,4.109299396036784,0.3281818839356752,0.27765380937201145,3.392273426055908,,,1.3928419351577759
seg_refiner__detstats,tn3k_777ac21d90,tn3k,thyroid,,1,1,,,,,,,,0.0,0.0,
refiner,tn3k_777ac21d90,tn3k,thyroid,0.6228988170623779,1,2,0.7676372874731288,0.6228988265144307,12.727922061357855,5.431843488423068,0.2523135776771399,0.36882371692700033,5.231320381164551,,,9.858175277709961
refiner__detstats,tn3k_777ac21d90,tn3k,thyroid,,1,2,,,,,,,,0.0,1.0,
rough_otsu,tn3k_777ac21d90,tn3k,thyroid,0.5068405866622925,1,2,0.6727195945945946,0.5068405981546293,19.318371911983945,6.7941005299267,0.25146309231640546,0.4902773350334715,7.631148815155029,,,7.631148815155029
rough_otsu__detstats,tn3k_777ac21d90,tn3k,thyroid,,1,2,,,,,,,,0.0,1.0,
refiner_box,tn3k_777ac21d90,tn3k,thyroid,0.6627463698387146,1,2,0.7971707130567769,0.6627463445645264,10.770329614269007,4.847740727423628,0.1838890579489632,0.33248326426522157,4.964842319488525,,,5.985621452331543
refiner_box__detstats,tn3k_777ac21d90,tn3k,thyroid,,1,2,,,,,,,,0.0,1.0,
refiner_gtbox,tn3k_777ac21d90,tn3k,thyroid,0.752525269985199,1,1,0.8587896253602305,0.7525252525252525,9.219544457292887,3.474827055232148,0.4250655574645085,0.23015620019126554,3.3659873008728027,,,5.42509651184082
refiner_gtbox__detstats,tn3k_777ac21d90,tn3k,thyroid,,1,1,,,,,,,,0.0,0.0,
rough_otsu_gtbox,tn3k_777ac21d90,tn3k,thyroid,0.7308946847915649,1,1,0.8445282002961367,0.7308946877912396,12.083045973594572,4.911394861809026,0.3411253620190319,0.36818616512591645,5.441842079162598,,,5.441842079162598
rough_otsu_gtbox__detstats,tn3k_777ac21d90,tn3k,thyroid,,1,1,,,,,,,,0.0,0.0,
yolo26n_seg,tn3k_5696e50027,tn3k,thyroid,0.860710859298706,1,1,0.9251419721218379,0.8607108549471661,3.0,1.0158834797880645,0.8162613172377063,0.03894736842105263,0.7650408744812012,,,
yolo26n_seg__detstats,tn3k_5696e50027,tn3k,thyroid,,1,1,,,,,,,,0.0,0.0,
seg_refiner,tn3k_5696e50027,tn3k,thyroid,0.849056601524353,1,1,0.9183673469387755,0.8490566037735849,2.8627416997969504,1.0661666644369774,0.8786353900544502,0.04,1.2999236583709717,,,1.1554713249206543
seg_refiner__detstats,tn3k_5696e50027,tn3k,thyroid,,1,1,,,,,,,,0.0,0.0,
refiner,tn3k_5696e50027,tn3k,thyroid,0.7806385159492493,1,1,0.8768074031231926,0.780638516992791,5.385164807134504,1.6247732715701122,0.7337478801582814,0.18,1.9751451015472412,,,3.0372936725616455
refiner__detstats,tn3k_5696e50027,tn3k,thyroid,,1,1,,,,,,,,0.0,0.0,
rough_otsu,tn3k_5696e50027,tn3k,thyroid,0.6339548826217651,1,1,0.775975975975976,0.633954857703631,8.246211251235321,2.503574751971304,0.5960890087660149,0.24736842105263157,3.042532444000244,,,3.042532444000244
rough_otsu__detstats,tn3k_5696e50027,tn3k,thyroid,,1,1,,,,,,,,0.0,0.0,
refiner_box,tn3k_5696e50027,tn3k,thyroid,0.8498061895370483,1,1,0.9188056574122577,0.8498062015503876,3.1622776601683795,1.0747508459583104,0.847049247049247,0.009473684210526316,1.2292752265930176,,,3.301659107208252
refiner_box__detstats,tn3k_5696e50027,tn3k,thyroid,,1,1,,,,,,,,0.0,0.0,
refiner_gtbox,tn3k_5696e50027,tn3k,thyroid,0.8690702319145203,1,1,0.9299492385786802,0.8690702087286527,2.8284271247461903,0.9330143337437296,0.8998183596478971,0.07368421052631578,1.1696313619613647,,,3.686365842819214
refiner_gtbox__detstats,tn3k_5696e50027,tn3k,thyroid,,1,1,,,,,,,,0.0,0.0,
rough_otsu_gtbox,tn3k_5696e50027,tn3k,thyroid,0.6814920902252197,1,1,0.810580204778157,0.6814921090387375,8.0,3.3655832451676497,0.36774114173228345,0.4673684210526316,3.6903676986694336,,,3.6903676986694336
rough_otsu_gtbox__detstats,tn3k_5696e50027,tn3k,thyroid,,1,1,,,,,,,,0.0,0.0,
yolo26n_seg,tn3k_c348f31a7c,tn3k,thyroid,0.9462617039680481,2,2,0.9723889555822329,0.9462616822429907,2.0,0.6419993636512906,0.9920614759303951,0.03139770425388251,0.7968029975891113,,,
yolo26n_seg,tn3k_c348f31a7c,tn3k,thyroid,0.8699772357940674,2,2,0.9304682748834381,0.8699772554965883,5.094068537913144,1.7170368555241227,0.7513916972465613,0.11645666284841542,1.634932518005371,,,
yolo26n_seg__detstats,tn3k_c348f31a7c,tn3k,thyroid,,2,2,,,,,,,,0.0,0.0,
seg_refiner,tn3k_c348f31a7c,tn3k,thyroid,0.9597873091697693,2,2,0.979481092080719,0.9597873047524095,1.3106601717798214,0.4786702513033496,0.9980430528375733,0.00911546252532073,0.6830350756645203,,,0.7774239182472229
seg_refiner,tn3k_c348f31a7c,tn3k,thyroid,0.9169797301292419,2,2,0.9566921418773271,0.9169797145003756,4.0,1.058837524577085,0.8590647938007319,0.05154639175257732,0.9889256358146667,,,1.4829380512237549
seg_refiner__detstats,tn3k_c348f31a7c,tn3k,thyroid,,2,2,,,,,,,,0.0,0.0,
refiner,tn3k_c348f31a7c,tn3k,thyroid,0.9526982307434082,2,2,0.9757761856021836,0.9526982011992006,1.4142135623730951,0.5572617854345043,0.9960548416077497,0.020931802835921675,0.7238829731941223,,,1.4862266778945923
refiner,tn3k_c348f31a7c,tn3k,thyroid,0.8538230657577515,2,2,0.9211484027496967,0.8538230884557722,6.324555320336759,1.9849208654673574,0.6872480373435179,0.11149293623520427,1.697321891784668,,,3.6357836723327637
refiner__detstats,tn3k_c348f31a7c,tn3k,thyroid,,2,2,,,,,,,,0.0,0.0,
rough_otsu,tn3k_c348f31a7c,tn3k,thyroid,0.8960777521133423,2,2,0.9451909476661952,0.8960777740529668,3.0,1.3239492815980254,0.8300579775619306,0.09047940580688724,1.4779410362243652,,,1.4779410362243652
rough_otsu,tn3k_c348f31a7c,tn3k,thyroid,0.7816879749298096,2,2,0.8774689739556022,0.7816879476798505,9.0,3.4354693117712225,0.4707610356037758,0.18442153493699887,3.6437346935272217,,,3.6437346935272217
rough_otsu__detstats,tn3k_c348f31a7c,tn3k,thyroid,,2,2,,,,,,,,0.0,0.0,
refiner_box,tn3k_c348f31a7c,tn3k,thyroid,0.9314703941345215,2,2,0.9645194626248709,0.9314703925482368,2.23606797749979,0.867310696843344,0.9405144694533762,0.039837947332883185,1.0089247226715088,,,4.643723011016846
refiner_box,tn3k_c348f31a7c,tn3k,thyroid,0.8728845715522766,2,2,0.9321285140562249,0.8728845430613013,6.049657518178929,1.7153939552765614,0.7136950575663126,0.09851088201603665,1.5248732566833496,,,3.841403007507324
refiner_box__detstats,tn3k_c348f31a7c,tn3k,thyroid,,2,2,,,,,,,,0.0,0.0,
refiner_gtbox,tn3k_c348f31a7c,tn3k,thyroid,0.9444625973701477,2,2,0.9714381720430108,0.9444625939235544,2.0,0.696003235183688,0.9802656546489563,0.009453072248480757,0.8377843499183655,,,1.5076719522476196
refiner_gtbox,tn3k_c348f31a7c,tn3k,thyroid,0.5723006725311279,2,2,0.7279786459597185,0.5723006486074017,24.569202274343137,6.814919056454278,0.43705763397371084,0.4264986636120657,4.674624443054199,,,6.823410987854004
refiner_gtbox__detstats,tn3k_c348f31a7c,tn3k,thyroid,,2,2,,,,,,,,0.0,0.0,
rough_otsu_gtbox,tn3k_c348f31a7c,tn3k,thyroid,0.8934891223907471,2,2,0.9437488979016047,0.8934891485809683,3.0,1.3454375608345481,0.8011607661056298,0.08541525995948683,1.4975141286849976,,,1.4975141286849976
rough_otsu_gtbox__detstats,tn3k_c348f31a7c,tn3k,thyroid,,2,2,,,,,,,,1.0,1.0,
yolo26n_seg,tn3k_5c10a50bcc,tn3k,thyroid,0.8100571036338806,1,1,0.895062494459711,0.8100571208523202,23.769728648009426,9.135301839355606,0.20507164681469864,0.18580939821813386,9.55585765838623,,,
yolo26n_seg__detstats,tn3k_5c10a50bcc,tn3k,thyroid,,1,1,,,,,,,,0.0,0.0,
seg_refiner,tn3k_5c10a50bcc,tn3k,thyroid,0.7327807545661926,1,1,0.8457859023323074,0.73278077615009,24.08318915758459,13.087943024481767,0.05218283223283544,0.2651571194236274,13.264163970947266,,,8.723149299621582
seg_refiner__detstats,tn3k_5c10a50bcc,tn3k,thyroid,,1,1,,,,,,,,0.0,0.0,
refiner,tn3k_5c10a50bcc,tn3k,thyroid,0.0,1,1,0.0,0.0,,,0.0,,,,,
refiner__detstats,tn3k_5c10a50bcc,tn3k,thyroid,,1,1,,,,,,,,1.0,1.0,
rough_otsu,tn3k_5c10a50bcc,tn3k,thyroid,0.0,1,1,0.0,0.0,,,0.0,,,,,
rough_otsu__detstats,tn3k_5c10a50bcc,tn3k,thyroid,,1,1,,,,,,,,1.0,1.0,
refiner_box,tn3k_5c10a50bcc,tn3k,thyroid,0.7798247337341309,1,1,0.8762938651855592,0.7798247584812402,21.213203435596427,10.464786370944292,0.12949935815147626,0.21639702807886527,10.62838363647461,,,9.932111740112305
refiner_box__detstats,tn3k_5c10a50bcc,tn3k,thyroid,,1,1,,,,,,,,0.0,0.0,
refiner_gtbox,tn3k_5c10a50bcc,tn3k,thyroid,0.5788882374763489,1,1,0.7332858740974271,0.5788882109252064,45.37399606805594,21.683590199964584,0.050698808742144275,0.4186742144028819,20.768463134765625,,,29.100128173828125
refiner_gtbox__detstats,tn3k_5c10a50bcc,tn3k,thyroid,,1,1,,,,,,,,0.0,0.0,
rough_otsu_gtbox,tn3k_5c10a50bcc,tn3k,thyroid,0.0,1,1,0.0,0.0,,,0.0,,,,,
rough_otsu_gtbox__detstats,tn3k_5c10a50bcc,tn3k,thyroid,,1,1,,,,,,,,1.0,1.0,
yolo26n_seg,tn3k_0a5da3998e,tn3k,thyroid,0.9424066543579102,1,1,0.9703495021059385,0.9424066749742646,6.082762530298219,2.007386803660028,0.6553586539897457,0.030527865881286816,2.548532247543335,,,
yolo26n_seg__detstats,tn3k_0a5da3998e,tn3k,thyroid,,1,1,,,,,,,,0.0,0.0,
seg_refiner,tn3k_0a5da3998e,tn3k,thyroid,0.9381426572799683,1,1,0.9680842057736264,0.9381426383723475,5.385164807134504,2.14973203352375,0.5837495523682078,0.007079746261893974,2.950359344482422,,,2.448880195617676
seg_refiner__detstats,tn3k_0a5da3998e,tn3k,thyroid,,1,1,,,,,,,,0.0,0.0,
refiner,tn3k_0a5da3998e,tn3k,thyroid,0.911498486995697,1,1,0.9537004559803578,0.9114984914515588,7.280109889280518,3.0420103421538736,0.43807461414760096,0.06230176710466697,3.613888740539551,,,6.828786849975586
refiner__detstats,tn3k_0a5da3998e,tn3k,thyroid,,1,1,,,,,,,,0.0,0.0,
rough_otsu,tn3k_0a5da3998e,tn3k,thyroid,0.858641505241394,1,1,0.9239452679589509,0.8586415174313871,18.384776310850235,5.1656191395020805,0.33346727291953054,0.013140009062075216,6.838652610778809,,,6.838652610778809
rough_otsu__detstats,tn3k_0a5da3998e,tn3k,thyroid,,1,1,,,,,,,,0.0,0.0,
refiner_box,tn3k_0a5da3998e,tn3k,thyroid,0.9203189611434937,1,1,0.9585063445512355,0.9203189472510316,8.0,2.7439645836787805,0.5017123287671232,0.04944494789306751,3.2987780570983887,,,11.405829429626465
refiner_box__detstats,tn3k_0a5da3998e,tn3k,thyroid,,1,1,,,,,,,,0.0,0.0,
refiner_gtbox,tn3k_0a5da3998e,tn3k,thyroid,0.9038687348365784,1,1,0.9495074253786208,0.9038687643469011,8.97213595499958,3.334289569672686,0.4114520829761701,0.0740258269143634,4.127860069274902,,,6.74936580657959
refiner_gtbox__detstats,tn3k_0a5da3998e,tn3k,thyroid,,1,1,,,,,,,,0.0,0.0,
rough_otsu_gtbox,tn3k_0a5da3998e,tn3k,thyroid,0.8601694703102112,1,1,0.9248291571753986,0.8601694915254238,18.391388583662994,5.045830579078201,0.3458662910391158,0.010874490258269144,6.724443435668945,,,6.724443435668945
rough_otsu_gtbox__detstats,tn3k_0a5da3998e,tn3k,thyroid,,1,1,,,,,,,,0.0,0.0,
yolo26n_seg,tn3k_120764bb3d,tn3k,thyroid,0.9091265201568604,1,1,0.9524004924086992,0.90912651782217,5.717788425365887,2.0544632690059847,0.6460445932955003,0.07630574924352058,2.268446445465088,,,
yolo26n_seg__detstats,tn3k_120764bb3d,tn3k,thyroid,,1,1,,,,,,,,0.0,0.0,
seg_refiner,tn3k_120764bb3d,tn3k,thyroid,0.7338677644729614,1,1,0.8465095126203289,0.733867788145617,20.12461179749811,6.363533784388981,0.29121164846593867,0.2643073279831601,5.9764533042907715,,,2.095263957977295
seg_refiner__detstats,tn3k_120764bb3d,tn3k,thyroid,,1,1,,,,,,,,0.0,0.0,
refiner,tn3k_120764bb3d,tn3k,thyroid,0.5194053649902344,1,1,0.6836955580569747,0.5194053414024471,20.09975124224178,11.464995975757262,0.022541561003099467,0.48059465859755296,11.295889854431152,,,14.014626502990723
refiner__detstats,tn3k_120764bb3d,tn3k,thyroid,,1,1,,,,,,,,0.0,0.0,
rough_otsu,tn3k_120764bb3d,tn3k,thyroid,0.0,1,1,0.0,0.0,,,0.0,,,,,
rough_otsu__detstats,tn3k_120764bb3d,tn3k,thyroid,,1,1,,,,,,,,1.0,1.0,
refiner_box,tn3k_120764bb3d,tn3k,thyroid,0.8034855127334595,1,1,0.8910362731665105,0.8034854987644687,11.180339887498949,4.539663503635342,0.3496546431312356,0.17563478489672413,4.675590991973877,,,7.58668327331543
refiner_box__detstats,tn3k_120764bb3d,tn3k,thyroid,,1,1,,,,,,,,0.0,0.0,
refiner_gtbox,tn3k_120764bb3d,tn3k,thyroid,0.5459808111190796,1,1,0.706322866139052,0.5459807920010525,19.4164878389476,10.736752212832243,0.034313725490196074,0.4540192079989475,10.337041854858398,,,13.848733901977539
refiner_gtbox__detstats,tn3k_120764bb3d,tn3k,thyroid,,1,1,,,,,,,,0.0,0.0,
rough_otsu_gtbox,tn3k_120764bb3d,tn3k,thyroid,0.0,1,1,0.0,0.0,,,0.0,,,,,
rough_otsu_gtbox__detstats,tn3k_120764bb3d,tn3k,thyroid,,1,1,,,,,,,,1.0,1.0,
yolo26n_seg,tn3k_9215f94b5b,tn3k,thyroid,0.0,1,0,0.0,0.0,,,0.0,,,,,
yolo26n_seg__detstats,tn3k_9215f94b5b,tn3k,thyroid,,1,0,,,,,,,,1.0,0.0,
seg_refiner,tn3k_9215f94b5b,tn3k,thyroid,0.0,1,0,0.0,0.0,,,0.0,,,,,
seg_refiner__detstats,tn3k_9215f94b5b,tn3k,thyroid,,1,0,,,,,,,,1.0,0.0,
refiner,tn3k_9215f94b5b,tn3k,thyroid,0.0,1,0,0.0,0.0,,,0.0,,,,,
refiner__detstats,tn3k_9215f94b5b,tn3k,thyroid,,1,0,,,,,,,,1.0,0.0,
rough_otsu,tn3k_9215f94b5b,tn3k,thyroid,0.0,1,0,0.0,0.0,,,0.0,,,,,
rough_otsu__detstats,tn3k_9215f94b5b,tn3k,thyroid,,1,0,,,,,,,,1.0,0.0,
refiner_gtbox,tn3k_9215f94b5b,tn3k,thyroid,0.5055792331695557,1,1,0.6716076000539011,0.505579224994928,38.18376618407357,12.96426950095987,0.11030389849585594,0.262874531835206,11.938167572021484,,,13.597890853881836
refiner_gtbox__detstats,tn3k_9215f94b5b,tn3k,thyroid,,1,1,,,,,,,,0.0,0.0,
rough_otsu_gtbox,tn3k_9215f94b5b,tn3k,thyroid,0.0,1,1,0.0,0.0,,,0.0,,,,,
rough_otsu_gtbox__detstats,tn3k_9215f94b5b,tn3k,thyroid,,1,1,,,,,,,,1.0,1.0,
yolo26n_seg,tn3k_726b72c489,tn3k,thyroid,0.8660507798194885,1,1,0.9282178217821783,0.8660508083140878,3.684441020371187,1.2780155426336335,0.8658520482270368,0.05113362276893391,1.5661543607711792,,,
yolo26n_seg__detstats,tn3k_726b72c489,tn3k,thyroid,,1,1,,,,,,,,0.0,0.0,
seg_refiner,tn3k_726b72c489,tn3k,thyroid,0.7672209143638611,1,1,0.8682795698924731,0.7672209026128266,5.0990195135927845,2.437366529996871,0.4794999383147593,0.20549927641099855,2.5067105293273926,,,1.448991298675537
seg_refiner__detstats,tn3k_726b72c489,tn3k,thyroid,,1,1,,,,,,,,0.0,0.0,
refiner,tn3k_726b72c489,tn3k,thyroid,0.7827681303024292,1,1,0.8781491002570694,0.7827681026581118,5.0990195135927845,2.3653926209385387,0.5242290748898678,0.12349252291365172,2.3870668411254883,,,3.937105417251587
refiner__detstats,tn3k_726b72c489,tn3k,thyroid,,1,1,,,,,,,,0.0,0.0,
rough_otsu,tn3k_726b72c489,tn3k,thyroid,0.6290400624275208,1,1,0.7722830915013326,0.6290400385914134,8.246211251235321,3.881172787975794,0.29845851098720894,0.3709599614085866,3.9628710746765137,,,3.9628710746765137
rough_otsu__detstats,tn3k_726b72c489,tn3k,thyroid,,1,1,,,,,,,,0.0,0.0,
refiner_box,tn3k_726b72c489,tn3k,thyroid,0.7380505800247192,1,1,0.8492855217039633,0.7380506091846298,5.830951894845301,2.810236813733205,0.41533075363921135,0.21080559575494454,2.7521538734436035,,,3.4868695735931396
refiner_box__detstats,tn3k_726b72c489,tn3k,thyroid,,1,1,,,,,,,,0.0,0.0,
refiner_gtbox,tn3k_726b72c489,tn3k,thyroid,0.7910942435264587,1,1,0.8833641893678921,0.7910942681193747,5.385164807134504,2.1254903664131573,0.57859301786314,0.17607332368547998,2.227571487426758,,,3.684953451156616
refiner_gtbox__detstats,tn3k_726b72c489,tn3k,thyroid,,1,1,,,,,,,,0.0,0.0,
rough_otsu_gtbox,tn3k_726b72c489,tn3k,thyroid,0.7382478713989258,1,1,0.8494161032575291,0.7382478632478633,9.219544457292887,3.5539610952456977,0.4255255255255255,0.3545586107091172,3.69328236579895,,,3.69328236579895
rough_otsu_gtbox__detstats,tn3k_726b72c489,tn3k,thyroid,,1,1,,,,,,,,0.0,0.0,
yolo26n_seg,tn3k_df845d2565,tn3k,thyroid,0.6679487228393555,1,1,0.8009223674096848,0.6679487179487179,8.0,2.355335411528722,0.5905615607698391,0.03770739064856712,2.0359482765197754,,,
yolo26n_seg__detstats,tn3k_df845d2565,tn3k,thyroid,,1,1,,,,,,,,0.0,0.0,
seg_refiner,tn3k_df845d2565,tn3k,thyroid,0.7118644118309021,1,1,0.8316831683168316,0.711864406779661,5.839404300103033,1.995204393756544,0.6488451668092386,0.0196078431372549,1.8784799575805664,,,2.154287099838257
seg_refiner__detstats,tn3k_df845d2565,tn3k,thyroid,,1,1,,,,,,,,0.0,0.0,
refiner,tn3k_df845d2565,tn3k,thyroid,0.5722070932388306,1,1,0.7279029462738301,0.5722070844686649,11.379612814642131,2.9773806699153,0.5773797125598834,0.2594268476621418,2.379983901977539,,,2.254744529724121
refiner__detstats,tn3k_df845d2565,tn3k,thyroid,,1,1,,,,,,,,0.0,0.0,
rough_otsu,tn3k_df845d2565,tn3k,thyroid,0.0,1,1,0.0,0.0,,,0.0,,,,,
rough_otsu__detstats,tn3k_df845d2565,tn3k,thyroid,,1,1,,,,,,,,1.0,1.0,
refiner_box,tn3k_df845d2565,tn3k,thyroid,0.793433666229248,1,1,0.8848207475209764,0.7934336525307798,3.0,1.3069359049844735,0.8569545154911009,0.02262443438914027,1.425987958908081,,,3.530932664871216
refiner_box__detstats,tn3k_df845d2565,tn3k,thyroid,,1,1,,,,,,,,0.0,0.0,
refiner_gtbox,tn3k_df845d2565,tn3k,thyroid,0.601902186870575,1,1,0.7514843087362172,0.6019021739130435,11.146595169921028,2.8034610479397606,0.6880733944954127,0.22171945701357465,1.9528295993804932,,,2.019333600997925
refiner_gtbox__detstats,tn3k_df845d2565,tn3k,thyroid,,1,1,,,,,,,,0.0,0.0,
rough_otsu_gtbox,tn3k_df845d2565,tn3k,thyroid,0.0,1,1,0.0,0.0,,,0.0,,,,,
rough_otsu_gtbox__detstats,tn3k_df845d2565,tn3k,thyroid,,1,1,,,,,,,,1.0,1.0,
yolo26n_seg,tn3k_e70e3dbb4b,tn3k,thyroid,0.9089771509170532,1,1,0.9523185153433017,0.9089771359807461,9.219544457292887,3.5382594835275065,0.46194182030047026,0.04153086419753087,4.198549270629883,,,
yolo26n_seg__detstats,tn3k_e70e3dbb4b,tn3k,thyroid,,1,1,,,,,,,,0.0,0.0,
seg_refiner,tn3k_e70e3dbb4b,tn3k,thyroid,0.8890306949615479,1,1,0.9412559419564673,0.889030672527057,15.811388300841896,4.669593411288135,0.35374408063004886,0.02617283950617284,5.303287506103516,,,4.025846481323242
seg_refiner__detstats,tn3k_e70e3dbb4b,tn3k,thyroid,,1,1,,,,,,,,0.0,0.0,
refiner,tn3k_e70e3dbb4b,tn3k,thyroid,0.5200410485267639,1,1,0.6842460687526128,0.5200410597321341,52.001922899156675,13.101634508914229,0.16970793019260333,0.4643456790123457,16.707069396972656,,,14.535314559936523
refiner__detstats,tn3k_e70e3dbb4b,tn3k,thyroid,,1,1,,,,,,,,0.0,0.0,
rough_otsu,tn3k_e70e3dbb4b,tn3k,thyroid,0.0,1,1,0.0,0.0,,,0.0,,,,,
rough_otsu__detstats,tn3k_e70e3dbb4b,tn3k,thyroid,,1,1,,,,,,,,1.0,1.0,
refiner_box,tn3k_e70e3dbb4b,tn3k,thyroid,0.852972686290741,1,1,0.9206532887988849,0.8529727095516569,10.0,5.606242457611563,0.16497540932577975,0.12232098765432099,5.851344108581543,,,10.524897575378418
refiner_box__detstats,tn3k_e70e3dbb4b,tn3k,thyroid,,1,1,,,,,,,,0.0,0.0,
refiner_gtbox,tn3k_e70e3dbb4b,tn3k,thyroid,0.5107818245887756,1,1,0.676182096653306,0.5107818038597873,52.392747589718944,13.194187677333991,0.164948547242986,0.4845925925925926,16.8351993560791,,,14.028239250183105
refiner_gtbox__detstats,tn3k_e70e3dbb4b,tn3k,thyroid,,1,1,,,,,,,,0.0,0.0,
rough_otsu_gtbox,tn3k_e70e3dbb4b,tn3k,thyroid,0.0,1,1,0.0,0.0,,,0.0,,,,,
rough_otsu_gtbox__detstats,tn3k_e70e3dbb4b,tn3k,thyroid,,1,1,,,,,,,,1.0,1.0,
yolo26n_seg,tn3k_a7c4e64d87,tn3k,thyroid,0.5765057802200317,1,1,0.7313716184148078,0.576505798728021,23.706539182259394,6.161414215910288,0.4462143258283556,0.6206467661691543,7.571515083312988,,,
yolo26n_seg__detstats,tn3k_a7c4e64d87,tn3k,thyroid,,1,1,,,,,,,,0.0,0.0,
seg_refiner,tn3k_a7c4e64d87,tn3k,thyroid,0.5673374533653259,1,1,0.7239506172839506,0.5673374613003096,23.0,6.234228069563079,0.42406063365382046,0.5186567164179104,8.257373809814453,,,8.25728988647461
seg_refiner__detstats,tn3k_a7c4e64d87,tn3k,thyroid,,1,1,,,,,,,,0.0,0.0,
refiner,tn3k_a7c4e64d87,tn3k,thyroid,0.7384026646614075,1,1,0.8495185694635489,0.7384026781444285,11.180339887498949,3.246504043175924,0.5808580858085809,0.2605721393034826,4.117281913757324,,,3.794691324234009
refiner__detstats,tn3k_a7c4e64d87,tn3k,thyroid,,1,1,,,,,,,,0.0,0.0,
rough_otsu,tn3k_a7c4e64d87,tn3k,thyroid,0.688961386680603,1,1,0.8158403090792016,0.6889613920609027,8.0,3.1524980431399454,0.4434058711844603,0.06840796019900497,3.777340888977051,,,3.777340888977051
rough_otsu__detstats,tn3k_a7c4e64d87,tn3k,thyroid,,1,1,,,,,,,,0.0,0.0,
refiner_box,tn3k_a7c4e64d87,tn3k,thyroid,0.7243816256523132,1,1,0.8401639344262295,0.7243816254416962,10.844155752433169,3.4225607713432575,0.48353552859618726,0.12437810945273632,3.701049327850342,,,6.665505409240723
refiner_box__detstats,tn3k_a7c4e64d87,tn3k,thyroid,,1,1,,,,,,,,0.0,0.0,
refiner_gtbox,tn3k_a7c4e64d87,tn3k,thyroid,0.8380952477455139,1,1,0.9119170984455959,0.8380952380952381,6.570918069719438,1.7518947925779518,0.7620089851399608,0.04042288557213931,1.814331293106079,,,2.7561120986938477
refiner_gtbox__detstats,tn3k_a7c4e64d87,tn3k,thyroid,,1,1,,,,,,,,0.0,0.0,
rough_otsu_gtbox,tn3k_a7c4e64d87,tn3k,thyroid,0.7793510556221008,1,1,0.8759946949602122,0.7793510324483776,7.056854249492381,2.4747875488066526,0.5668016194331984,0.12437810945273632,2.7694711685180664,,,2.7694711685180664
rough_otsu_gtbox__detstats,tn3k_a7c4e64d87,tn3k,thyroid,,1,1,,,,,,,,0.0,0.0,
yolo26n_seg,tn3k_29b296a0c1,tn3k,thyroid,0.7019891142845154,1,1,0.8249043478260869,0.7019891072697134,21.75266947145488,7.602176453996524,0.40348855525065697,0.39065358390154664,6.858338356018066,,,
yolo26n_seg__detstats,tn3k_29b296a0c1,tn3k,thyroid,,1,1,,,,,,,,0.0,0.0,
seg_refiner,tn3k_29b296a0c1,tn3k,thyroid,0.7268620133399963,1,1,0.8418298805062575,0.7268620268620268,18.694684732897105,6.780037949195329,0.380849865027373,0.35207051388657906,7.577240943908691,,,8.607550621032715
seg_refiner__detstats,tn3k_29b296a0c1,tn3k,thyroid,,1,1,,,,,,,,0.0,0.0,
refiner,tn3k_29b296a0c1,tn3k,thyroid,0.0,1,1,0.0,0.0,,,0.0,,,,,
refiner__detstats,tn3k_29b296a0c1,tn3k,thyroid,,1,1,,,,,,,,1.0,1.0,
rough_otsu,tn3k_29b296a0c1,tn3k,thyroid,0.0,1,1,0.0,0.0,,,0.0,,,,,
rough_otsu__detstats,tn3k_29b296a0c1,tn3k,thyroid,,1,1,,,,,,,,1.0,1.0,
refiner_box,tn3k_29b296a0c1,tn3k,thyroid,0.0,1,1,0.0,0.0,,,0.0,,,,,
refiner_box__detstats,tn3k_29b296a0c1,tn3k,thyroid,,1,1,,,,,,,,1.0,1.0,
refiner_gtbox,tn3k_29b296a0c1,tn3k,thyroid,0.8336238265037537,1,1,0.9092637400622191,0.8336238314054825,10.816653826391969,3.2020568436312296,0.5330490696514354,0.07550307666722102,3.4048640727996826,,,4.714377403259277
refiner_gtbox__detstats,tn3k_29b296a0c1,tn3k,thyroid,,1,1,,,,,,,,0.0,0.0,
rough_otsu_gtbox,tn3k_29b296a0c1,tn3k,thyroid,0.8244134187698364,1,1,0.9037572497268219,0.8244134335224659,12.473737562890623,3.3243998752801964,0.5219170727259834,0.02145351737901214,4.677987098693848,,,4.677987098693848
rough_otsu_gtbox__detstats,tn3k_29b296a0c1,tn3k,thyroid,,1,1,,,,,,,,0.0,0.0,
yolo26n_seg,tn3k_cff6e24402,tn3k,thyroid,0.8138554096221924,2,1,0.8973762869478579,0.813855421686747,4.0,1.8210168421345196,0.628210861032444,0.14306049822064057,1.5337603092193604,,,
yolo26n_seg__detstats,tn3k_cff6e24402,tn3k,thyroid,,2,1,,,,,,,,1.0,0.0,
seg_refiner,tn3k_cff6e24402,tn3k,thyroid,0.8051947951316833,2,1,0.8920863309352518,0.8051948051948052,5.0,1.9298500726410248,0.6579537324111614,0.07758007117437722,2.054546356201172,,,2.2498562335968018
seg_refiner__detstats,tn3k_cff6e24402,tn3k,thyroid,,2,1,,,,,,,,1.0,0.0,
refiner,tn3k_cff6e24402,tn3k,thyroid,0.8603329658508301,2,2,0.9249236276113185,0.8603329506314581,15.158450718845938,4.565281835930982,0.3248406881792422,0.07227410623996193,4.9680938720703125,,,12.481767654418945
refiner,tn3k_cff6e24402,tn3k,thyroid,0.8555408716201782,2,2,0.9221471738357625,0.8555408970976254,4.0,1.2743794593342561,0.7701149425287357,0.002135231316725979,1.4657933712005615,,,4.380230903625488
refiner__detstats,tn3k_cff6e24402,tn3k,thyroid,,2,2,,,,,,,,0.0,0.0,
rough_otsu,tn3k_cff6e24402,tn3k,thyroid,0.6969092488288879,2,2,0.8213866039952996,0.6969092721834497,36.69738791436244,10.127631963225081,0.2748777900585272,0.1776217952531081,12.540037155151367,,,12.540037155151367
rough_otsu,tn3k_cff6e24402,tn3k,thyroid,0.6765285730361938,2,2,0.8070588235294117,0.6765285996055227,8.168013654783554,3.989227864298935,0.29136383069687904,0.4199288256227758,4.388753890991211,,,4.388753890991211
rough_otsu__detstats,tn3k_cff6e24402,tn3k,thyroid,,2,2,,,,,,,,0.0,0.0,
refiner_box,tn3k_cff6e24402,tn3k,thyroid,0.8776821494102478,2,2,0.9348570102674169,0.8776821696982899,13.0,4.394424427142664,0.3946327011655818,0.05091904110403902,5.319775581359863,,,11.323765754699707
refiner_box,tn3k_cff6e24402,tn3k,thyroid,0.8568601608276367,2,2,0.9229129662522203,0.8568601583113457,3.1622776601683795,1.2766882740938141,0.7621776504297995,0.0035587188612099642,1.4396986961364746,,,4.531284332275391
refiner_box__detstats,tn3k_cff6e24402,tn3k,thyroid,,2,2,,,,,,,,0.0,0.0,
refiner_gtbox,tn3k_cff6e24402,tn3k,thyroid,0.8858920931816101,2,2,0.9394939493949395,0.8858921161825726,2.8284271247461903,0.9470637328809799,0.8991753125831339,0.05907473309608541,1.1228567361831665,,,2.9590797424316406
refiner_gtbox,tn3k_cff6e24402,tn3k,thyroid,0.865278959274292,2,2,0.9277743335399876,0.8652789823648454,17.272755136379104,4.417976561137107,0.3509712760081016,0.08101838082208078,4.758718967437744,,,12.302366256713867
refiner_gtbox__detstats,tn3k_cff6e24402,tn3k,thyroid,,2,2,,,,,,,,0.0,0.0,
rough_otsu_gtbox,tn3k_cff6e24402,tn3k,thyroid,0.7681793570518494,2,2,0.8688930117501547,0.7681793329688354,7.0319805153394634,2.6690908652428993,0.5392670157068062,0.30177935943060497,2.9676456451416016,,,2.9676456451416016
rough_otsu_gtbox,tn3k_cff6e24402,tn3k,thyroid,0.6932759284973145,2,2,0.8188575770590373,0.6932759006489148,37.52042275901654,10.216816740506847,0.28822883930637566,0.19945273927785379,12.246747016906738,,,12.246747016906738
rough_otsu_gtbox__detstats,tn3k_cff6e24402,tn3k,thyroid,,2,2,,,,,,,,0.0,0.0,
yolo26n_seg,tn3k_419443b4aa,tn3k,thyroid,0.8151710629463196,1,1,0.8981754864107805,0.8151710869863955,15.0,4.003698796959817,0.498606714822931,0.12705314009661836,3.707383155822754,,,
yolo26n_seg__detstats,tn3k_419443b4aa,tn3k,thyroid,,1,1,,,,,,,,0.0,0.0,
seg_refiner,tn3k_419443b4aa,tn3k,thyroid,0.8334274291992188,1,1,0.9091469048352325,0.8334274421230943,11.0,3.506042965553509,0.45097201767304856,0.09146537842190017,3.720494508743286,,,4.453199863433838
seg_refiner__detstats,tn3k_419443b4aa,tn3k,thyroid,,1,1,,,,,,,,0.0,0.0,
refiner,tn3k_419443b4aa,tn3k,thyroid,0.7939661741256714,1,1,0.8851517637407711,0.7939661515820456,10.03990049689671,4.1351578007259695,0.37552711400458677,0.037037037037037035,4.230086326599121,,,7.278639793395996
refiner__detstats,tn3k_419443b4aa,tn3k,thyroid,,1,1,,,,,,,,0.0,0.0,
rough_otsu,tn3k_419443b4aa,tn3k,thyroid,0.6880984902381897,1,1,0.8152350081037277,0.6880984952120383,17.08800749063506,5.971432615546869,0.40254154118788454,0.01288244766505636,7.293466091156006,,,7.293466091156006
rough_otsu__detstats,tn3k_419443b4aa,tn3k,thyroid,,1,1,,,,,,,,0.0,0.0,
refiner_box,tn3k_419443b4aa,tn3k,thyroid,0.8396373391151428,1,1,0.9128292006776528,0.8396373423997734,8.246211251235321,3.2783532035041443,0.40972897620437015,0.09114331723027375,3.6798276901245117,,,9.607158660888672
refiner_box__detstats,tn3k_419443b4aa,tn3k,thyroid,,1,1,,,,,,,,0.0,0.0,
refiner_gtbox,tn3k_419443b4aa,tn3k,thyroid,0.8460366129875183,1,1,0.916597853014038,0.8460365853658537,8.06225774829855,2.8987631724771292,0.5141451414514144,0.0499194847020934,2.909884214401245,,,6.4669904708862305
refiner_gtbox__detstats,tn3k_419443b4aa,tn3k,thyroid,,1,1,,,,,,,,0.0,0.0,
rough_otsu_gtbox,tn3k_419443b4aa,tn3k,thyroid,0.7298874855041504,1,1,0.843855461354844,0.729887512459063,18.384776310850235,5.187228342868012,0.4775174957046473,0.04363929146537842,6.436310768127441,,,6.436310768127441
rough_otsu_gtbox__detstats,tn3k_419443b4aa,tn3k,thyroid,,1,1,,,,,,,,0.0,0.0,
yolo26n_seg,tn3k_a48f5a3bd5,tn3k,thyroid,0.690680742263794,1,1,0.8170445660672401,0.6906807666886979,8.602325267042627,3.1917898422816116,0.498872350022553,0.38619402985074625,3.198425054550171,,,
yolo26n_seg__detstats,tn3k_a48f5a3bd5,tn3k,thyroid,,1,1,,,,,,,,0.0,0.0,
seg_refiner,tn3k_a48f5a3bd5,tn3k,thyroid,0.6889035701751709,1,1,0.8157997653500195,0.6889035667107001,7.810249675906654,3.2255054011947966,0.4597014925373134,0.38526119402985076,3.6588668823242188,,,3.747403144836426
seg_refiner__detstats,tn3k_a48f5a3bd5,tn3k,thyroid,,1,1,,,,,,,,0.0,0.0,
refiner,tn3k_a48f5a3bd5,tn3k,thyroid,0.7231520414352417,1,1,0.839336301092675,0.7231520223152023,8.94427190999916,2.6298031962431305,0.5245380488774091,0.3050373134328358,2.99357008934021,,,5.292717456817627
refiner__detstats,tn3k_a48f5a3bd5,tn3k,thyroid,,1,1,,,,,,,,0.0,0.0,
rough_otsu,tn3k_a48f5a3bd5,tn3k,thyroid,0.575087308883667,1,1,0.7302291204730229,0.5750873108265425,10.554210091205004,4.024391723459898,0.3694188173926583,0.5242537313432836,5.283435344696045,,,5.283435344696045
rough_otsu__detstats,tn3k_a48f5a3bd5,tn3k,thyroid,,1,1,,,,,,,,0.0,0.0,
refiner_box,tn3k_a48f5a3bd5,tn3k,thyroid,0.681208074092865,1,1,0.810379241516966,0.6812080536912751,8.54400374531753,3.350283362779881,0.4466988727858293,0.33675373134328357,3.7274158000946045,,,6.621094226837158
refiner_box__detstats,tn3k_a48f5a3bd5,tn3k,thyroid,,1,1,,,,,,,,0.0,0.0,
refiner_gtbox,tn3k_a48f5a3bd5,tn3k,thyroid,0.7809452414512634,1,1,0.8770008424599831,0.7809452363090773,5.385164807134504,2.07387777629445,0.672782874617737,0.21455223880597016,2.232311487197876,,,4.204479217529297
refiner_gtbox__detstats,tn3k_a48f5a3bd5,tn3k,thyroid,,1,1,,,,,,,,0.0,0.0,
rough_otsu_gtbox,tn3k_a48f5a3bd5,tn3k,thyroid,0.6708385348320007,1,1,0.8029962546816479,0.6708385481852316,10.0,3.7656212193153156,0.38313856427378956,0.4906716417910448,4.193236351013184,,,4.193236351013184
rough_otsu_gtbox__detstats,tn3k_a48f5a3bd5,tn3k,thyroid,,1,1,,,,,,,,0.0,0.0,
yolo26n_seg,tn3k_7e1390b927,tn3k,thyroid,0.8383380174636841,1,1,0.9120607787274454,0.8383379888268156,5.822247012577653,2.0731951554252257,0.6301937767840506,0.18102734051367025,1.8896925449371338,,,
yolo26n_seg__detstats,tn3k_7e1390b927,tn3k,thyroid,,1,1,,,,,,,,0.0,0.0,
seg_refiner,tn3k_7e1390b927,tn3k,thyroid,0.7995314598083496,1,1,0.8885995908499164,0.7995314591700133,7.0710678118654755,2.6781489755817875,0.5597550621349733,0.22742336371168187,2.8036398887634277,,,2.1651275157928467
seg_refiner__detstats,tn3k_7e1390b927,tn3k,thyroid,,1,1,,,,,,,,0.0,0.0,
refiner,tn3k_7e1390b927,tn3k,thyroid,0.8862161040306091,1,1,0.9396761133603239,0.8862161130202367,3.0,1.274267987221413,0.7974380871050384,0.0463960231980116,1.3840782642364502,,,2.653071641921997
refiner__detstats,tn3k_7e1390b927,tn3k,thyroid,,1,1,,,,,,,,0.0,0.0,
rough_otsu,tn3k_7e1390b927,tn3k,thyroid,0.8105944991111755,1,1,0.895390444117028,0.8105945121951219,5.493840584077648,2.154344665778618,0.6071297949699878,0.03189726594863297,2.663217782974243,,,2.663217782974243
rough_otsu__detstats,tn3k_7e1390b927,tn3k,thyroid,,1,1,,,,,,,,0.0,0.0,
refiner_box,tn3k_7e1390b927,tn3k,thyroid,0.7630019783973694,1,1,0.8655713218820015,0.7630019749835418,8.971799164728523,3.191232854643266,0.43690059369767087,0.2187241093620547,3.3237133026123047,,,9.714170455932617
refiner_box__detstats,tn3k_7e1390b927,tn3k,thyroid,,1,1,,,,,,,,0.0,0.0,
refiner_gtbox,tn3k_7e1390b927,tn3k,thyroid,0.8936581611633301,1,1,0.9438431692873188,0.8936581593194122,2.8284271247461903,1.1924819360212853,0.824343802154453,0.028583264291632146,1.3238568305969238,,,2.4194064140319824
refiner_gtbox__detstats,tn3k_7e1390b927,tn3k,thyroid,,1,1,,,,,,,,0.0,0.0,
rough_otsu_gtbox,tn3k_7e1390b927,tn3k,thyroid,0.825716495513916,1,1,0.9045396690708528,0.82571649883811,5.0990195135927845,1.96434861692858,0.6663460456168714,0.04722452361226181,2.4092061519622803,,,2.4092061519622803
rough_otsu_gtbox__detstats,tn3k_7e1390b927,tn3k,thyroid,,1,1,,,,,,,,0.0,0.0,
