method,uid,dataset,match_iou,n_gt,n_pred,dice,iou,hd95,assd,bf1,area_err,n_miss,n_fp
A_box,busi_c4322390d6,busi,0.8683147430419922,1,1,0.9295165394402035,0.868314713572617,5.0,2.109949897637993,0.5831390507910076,0.0,,
A_box__detstats,busi_c4322390d6,busi,,1,1,,,,,,,0.0,0.0
B_seg,busi_c4322390d6,busi,0.894178569316864,1,1,0.9441333506967053,0.894178589047854,5.907023542164904,1.6137330885097403,0.8132513595068661,0.046055979643765906,,
B_seg__detstats,busi_c4322390d6,busi,,1,1,,,,,,,0.0,0.0
SAM_edgesam,busi_c4322390d6,busi,0.8802816867828369,1,1,0.9363295880149812,0.8802816901408451,4.242640687119285,1.875615265049652,0.6677692863389224,0.09770992366412214,,
SAM_edgesam__detstats,busi_c4322390d6,busi,,1,1,,,,,,,0.0,0.0
SAM_efficientvit-t,busi_c4322390d6,busi,0.0,1,1,0.0,0.0,,,0.0,,,
SAM_efficientvit-t__detstats,busi_c4322390d6,busi,,1,1,,,,,,,1.0,1.0
A_box,busi_a3108459ab,busi,0.8610432147979736,1,1,0.9253339172323188,0.8610431947840261,5.0,1.8096936935583252,0.6476190476190475,0.07055344317701732,,
A_box__detstats,busi_a3108459ab,busi,,1,1,,,,,,,0.0,0.0
B_seg,busi_a3108459ab,busi,0.8855640888214111,1,1,0.9393094574308385,0.8855640921957137,3.18444134093314,1.4677843308397875,0.7000000000000001,0.02999577524292353,,
B_seg__detstats,busi_a3108459ab,busi,,1,1,,,,,,,0.0,0.0
SAM_edgesam,busi_a3108459ab,busi,0.8048373460769653,1,1,0.8918669131238447,0.804837364470392,6.708203932499369,2.546305467677413,0.5745963579303794,0.17152513730460497,,
SAM_edgesam__detstats,busi_a3108459ab,busi,,1,1,,,,,,,0.0,0.0
SAM_efficientvit-t,busi_a3108459ab,busi,0.0,1,1,0.0,0.0,,,0.0,,,
SAM_efficientvit-t__detstats,busi_a3108459ab,busi,,1,1,,,,,,,1.0,1.0
A_box,busi_6ca345f4b1,busi,0.8876475691795349,1,2,0.9404801936915731,0.8876475815665863,6.0,2.244002053627721,0.574331151125936,0.03476077187417394,,
A_box__detstats,busi_6ca345f4b1,busi,,1,2,,,,,,,0.0,1.0
B_seg,busi_6ca345f4b1,busi,0.7945412397384644,1,3,0.885509028541842,0.794541231126597,11.0,4.33015268082056,0.2608160032851319,0.04216230504890299,,
B_seg__detstats,busi_6ca345f4b1,busi,,1,3,,,,,,,0.0,2.0
SAM_edgesam,busi_6ca345f4b1,busi,0.832065761089325,1,2,0.9083361232005357,0.8320657507360157,8.602325267042627,3.4802461079989992,0.4228731951768221,0.0260375363468147,,
SAM_edgesam__detstats,busi_6ca345f4b1,busi,,1,2,,,,,,,0.0,1.0
SAM_efficientvit-t,busi_6ca345f4b1,busi,0.0,1,2,0.0,0.0,,,0.0,,,
SAM_efficientvit-t__detstats,busi_6ca345f4b1,busi,,1,2,,,,,,,1.0,2.0
A_box,busi_9460d57994,busi,0.8517837524414062,1,1,0.9199602780536247,0.8517837440235381,6.708203932499369,2.598336470424993,0.5331412103746398,0.053007135575942915,,
A_box__detstats,busi_9460d57994,busi,,1,1,,,,,,,0.0,0.0
B_seg,busi_9460d57994,busi,0.8912110328674316,1,1,0.9424765663542181,0.8912110468370965,5.0,1.8421252795949372,0.6647908939762117,0.06625891946992865,,
B_seg__detstats,busi_9460d57994,busi,,1,1,,,,,,,0.0,0.0
SAM_edgesam,busi_9460d57994,busi,0.7409201264381409,1,1,0.8511821974965229,0.7409200968523002,10.0,4.597175121517339,0.14117338920900993,0.24097859327217125,,
SAM_edgesam__detstats,busi_9460d57994,busi,,1,1,,,,,,,0.0,0.0
SAM_efficientvit-t,busi_9460d57994,busi,0.0,1,1,0.0,0.0,,,0.0,,,
SAM_efficientvit-t__detstats,busi_9460d57994,busi,,1,1,,,,,,,1.0,1.0
A_box,busi_bd7080a2a6,busi,0.7377426624298096,1,1,0.8490816133308086,0.7377426785126686,13.0,5.170781330487572,0.281949479256574,0.13458141999293535,,
A_box__detstats,busi_bd7080a2a6,busi,,1,1,,,,,,,0.0,0.0
B_seg,busi_bd7080a2a6,busi,0.8568075299263,1,1,0.922882427307206,0.8568075117370892,7.0,2.641076232713116,0.4355579573088355,0.04415400918403391,,
B_seg__detstats,busi_bd7080a2a6,busi,,1,1,,,,,,,0.0,0.0
SAM_edgesam,busi_bd7080a2a6,busi,0.6554327011108398,1,1,0.7918566429858975,0.6554326838687028,17.0,6.759515279443706,0.27759320782576596,0.33433415754150475,,
SAM_edgesam__detstats,busi_bd7080a2a6,busi,,1,1,,,,,,,0.0,0.0
SAM_efficientvit-t,busi_bd7080a2a6,busi,0.0,1,1,0.0,0.0,,,0.0,,,
SAM_efficientvit-t__detstats,busi_bd7080a2a6,busi,,1,1,,,,,,,1.0,1.0
A_box,busi_479bc9d958,busi,0.0,1,1,0.0,0.0,,,0.0,,,
A_box__detstats,busi_479bc9d958,busi,,1,1,,,,,,,1.0,1.0
B_seg,busi_479bc9d958,busi,0.5130279660224915,1,2,0.6781473463229023,0.5130279418333415,111.31936040060597,41.93632169221125,0.00999061487693379,0.19275287143386438,,
B_seg__detstats,busi_479bc9d958,busi,,1,2,,,,,,,0.0,1.0
SAM_edgesam,busi_479bc9d958,busi,0.0,1,1,0.0,0.0,,,0.0,,,
SAM_edgesam__detstats,busi_479bc9d958,busi,,1,1,,,,,,,1.0,1.0
SAM_efficientvit-t,busi_479bc9d958,busi,0.0,1,1,0.0,0.0,,,0.0,,,
SAM_efficientvit-t__detstats,busi_479bc9d958,busi,,1,1,,,,,,,1.0,1.0
A_box,busi_5f2389aed3,busi,0.8897566199302673,1,1,0.941662673694298,0.889756649688738,6.0,2.6984014456133405,0.47794117647058826,0.06355833913245186,,
A_box__detstats,busi_5f2389aed3,busi,,1,1,,,,,,,0.0,0.0
B_seg,busi_5f2389aed3,busi,0.8817285895347595,1,2,0.9371474617244158,0.8817285822592873,6.60142603922608,2.915617989814759,0.38888888888888895,0.01507770818835537,,
B_seg__detstats,busi_5f2389aed3,busi,,1,2,,,,,,,0.0,1.0
SAM_edgesam,busi_5f2389aed3,busi,0.8199837803840637,1,1,0.9010891026049296,0.8199837718789846,9.433981132056603,4.408540976576511,0.2044790652385589,0.17896079795871028,,
SAM_edgesam__detstats,busi_5f2389aed3,busi,,1,1,,,,,,,0.0,0.0
SAM_efficientvit-t,busi_5f2389aed3,busi,0.0,1,1,0.0,0.0,,,0.0,,,
SAM_efficientvit-t__detstats,busi_5f2389aed3,busi,,1,1,,,,,,,1.0,1.0
A_box,busi_7432afad2c,busi,0.8822672963142395,1,1,0.9374516521162559,0.8822672906916277,8.0,2.7670602680058964,0.5222101841820151,0.00022104332449160034,,
A_box__detstats,busi_7432afad2c,busi,,1,1,,,,,,,0.0,0.0
B_seg,busi_7432afad2c,busi,0.9091380834579468,1,1,0.9524068238617842,0.9091380562182346,5.0,2.0450016869283654,0.6346516562536838,0.03426171529619806,,
B_seg__detstats,busi_7432afad2c,busi,,1,1,,,,,,,0.0,0.0
SAM_edgesam,busi_7432afad2c,busi,0.8706035614013672,1,1,0.9308263695450325,0.8706035605731655,12.190143393678794,3.0066714125434766,0.5906063361761742,0.09549071618037135,,
SAM_edgesam__detstats,busi_7432afad2c,busi,,1,1,,,,,,,0.0,0.0
SAM_efficientvit-t,busi_7432afad2c,busi,0.0,1,1,0.0,0.0,,,0.0,,,
SAM_efficientvit-t__detstats,busi_7432afad2c,busi,,1,1,,,,,,,1.0,1.0
A_box,busi_98197bf517,busi,0.9016736149787903,1,4,0.9482948294829483,0.9016736401673641,4.036931687685293,1.3378727460066635,0.7559894202880032,0.05353319057815846,,
A_box__detstats,busi_98197bf517,busi,,1,4,,,,,,,0.0,3.0
B_seg,busi_98197bf517,busi,0.0,1,2,0.0,0.0,,,0.0,,,
B_seg__detstats,busi_98197bf517,busi,,1,2,,,,,,,1.0,2.0
SAM_edgesam,busi_98197bf517,busi,0.8831908702850342,1,4,0.9379727685325264,0.8831908831908832,5.385164807134504,1.6324617069602714,0.6820955062771326,0.11277658815132048,,
SAM_edgesam__detstats,busi_98197bf517,busi,,1,4,,,,,,,0.0,3.0
SAM_efficientvit-t,busi_98197bf517,busi,0.0,1,4,0.0,0.0,,,0.0,,,
SAM_efficientvit-t__detstats,busi_98197bf517,busi,,1,4,,,,,,,1.0,4.0
A_box,busi_4e9b7d897c,busi,0.8509141802787781,1,1,0.9194528875379939,0.8509142053445851,3.605551275463989,1.691803230968537,0.7204753321316509,0.08349514563106795,,
A_box__detstats,busi_4e9b7d897c,busi,,1,1,,,,,,,0.0,0.0
B_seg,busi_4e9b7d897c,busi,0.8681267499923706,1,1,0.9294088301322025,0.8681267474370923,3.0,1.4600193182701262,0.7981605766840665,0.053883495145631066,,
B_seg__detstats,busi_4e9b7d897c,busi,,1,1,,,,,,,0.0,0.0
SAM_edgesam,busi_4e9b7d897c,busi,0.8060489892959595,1,1,0.8926103136629452,0.8060489678348536,6.0,2.181517115376618,0.6032103056947142,0.17378640776699028,,
SAM_edgesam__detstats,busi_4e9b7d897c,busi,,1,1,,,,,,,0.0,0.0
SAM_efficientvit-t,busi_4e9b7d897c,busi,0.0,1,1,0.0,0.0,,,0.0,,,
SAM_efficientvit-t__detstats,busi_4e9b7d897c,busi,,1,1,,,,,,,1.0,1.0
A_box,busi_881775a5f8,busi,0.0,1,1,0.0,0.0,,,0.0,,,
A_box__detstats,busi_881775a5f8,busi,,1,1,,,,,,,1.0,1.0
B_seg,busi_881775a5f8,busi,0.0,1,1,0.0,0.0,,,0.0,,,
B_seg__detstats,busi_881775a5f8,busi,,1,1,,,,,,,1.0,1.0
SAM_edgesam,busi_881775a5f8,busi,0.0,1,1,0.0,0.0,,,0.0,,,
SAM_edgesam__detstats,busi_881775a5f8,busi,,1,1,,,,,,,1.0,1.0
SAM_efficientvit-t,busi_881775a5f8,busi,0.0,1,1,0.0,0.0,,,0.0,,,
SAM_efficientvit-t__detstats,busi_881775a5f8,busi,,1,1,,,,,,,1.0,1.0
A_box,busi_11c694f20f,busi,0.8238672614097595,1,1,0.9034289713086074,0.8238672622846203,4.47213595499958,1.7130774122123593,0.7088459285295841,0.04727793696275072,,
A_box__detstats,busi_11c694f20f,busi,,1,1,,,,,,,0.0,0.0
B_seg,busi_11c694f20f,busi,0.6828617453575134,1,1,0.8115482233502538,0.6828617191671116,10.391853012565557,3.650471117392532,0.5182346109175376,0.25787965616045844,,
B_seg__detstats,busi_11c694f20f,busi,,1,1,,,,,,,0.0,0.0
SAM_edgesam,busi_11c694f20f,busi,0.7871643900871277,1,1,0.880908757786735,0.7871643745907008,7.0710678118654755,2.102983251724688,0.6223652096738407,0.04512893982808023,,
SAM_edgesam__detstats,busi_11c694f20f,busi,,1,1,,,,,,,0.0,0.0
SAM_efficientvit-t,busi_11c694f20f,busi,0.0,1,1,0.0,0.0,,,0.0,,,
SAM_efficientvit-t__detstats,busi_11c694f20f,busi,,1,1,,,,,,,1.0,1.0
A_box,busi_dcf573aebc,busi,0.9082112908363342,1,1,0.9518980402905304,0.9082112970711297,10.0,3.894205725120074,0.34410234514603794,0.009547190398254229,,
A_box__detstats,busi_dcf573aebc,busi,,1,1,,,,,,,0.0,0.0
B_seg,busi_dcf573aebc,busi,0.9432991743087769,1,1,0.9708223844282239,0.9432991640503839,5.0,2.1976034635590644,0.5347738014854827,0.00198737432779986,,
B_seg__detstats,busi_dcf573aebc,busi,,1,1,,,,,,,0.0,0.0
SAM_edgesam,busi_dcf573aebc,busi,0.9316385984420776,1,1,0.9646096174775283,0.9316385720403317,6.082762530298219,2.7606775738632408,0.44653496784315677,0.06647961967110903,,
SAM_edgesam__detstats,busi_dcf573aebc,busi,,1,1,,,,,,,0.0,0.0
SAM_efficientvit-t,busi_dcf573aebc,busi,0.0,1,1,0.0,0.0,,,0.0,,,
SAM_efficientvit-t__detstats,busi_dcf573aebc,busi,,1,1,,,,,,,1.0,1.0
A_box,busi_25d8683937,busi,0.9008662104606628,1,1,0.9478481012658228,0.9008662175168431,3.1622776601683795,1.3717448569424742,0.7921462423832092,0.09363957597173145,,
A_box__detstats,busi_25d8683937,busi,,1,1,,,,,,,0.0,0.0
B_seg,busi_25d8683937,busi,0.8575757741928101,1,1,0.9233278955954323,0.8575757575757575,4.242640687119285,2.1455438115171037,0.517385257301808,0.16607773851590105,,
B_seg__detstats,busi_25d8683937,busi,,1,1,,,,,,,0.0,0.0
SAM_edgesam,busi_25d8683937,busi,0.9088769555091858,1,1,0.9522635194645059,0.9088769334229994,2.8284271247461903,1.1808011809557328,0.8585848705960603,0.006007067137809187,,
SAM_edgesam__detstats,busi_25d8683937,busi,,1,1,,,,,,,0.0,0.0
SAM_efficientvit-t,busi_25d8683937,busi,0.0,1,1,0.0,0.0,,,0.0,,,
SAM_efficientvit-t__detstats,busi_25d8683937,busi,,1,1,,,,,,,1.0,1.0
A_box,busi_a2e0eb1c41,busi,0.7512995004653931,1,1,0.8579908675799087,0.7512994802079168,6.4031242374328485,3.3944637917580938,0.32221480987324885,0.31746031746031744,,
A_box__detstats,busi_a2e0eb1c41,busi,,1,1,,,,,,,0.0,0.0
B_seg,busi_a2e0eb1c41,busi,0.6872727274894714,1,1,0.8146551724137931,0.6872727272727273,9.0,4.584911547638304,0.270661332879394,0.455026455026455,,
B_seg__detstats,busi_a2e0eb1c41,busi,,1,1,,,,,,,0.0,0.0
SAM_edgesam,busi_a2e0eb1c41,busi,0.8704319000244141,1,1,0.9307282415630551,0.8704318936877077,5.0,1.4976932282388649,0.7985522368592671,0.08518518518518518,,
SAM_edgesam__detstats,busi_a2e0eb1c41,busi,,1,1,,,,,,,0.0,0.0
SAM_efficientvit-t,busi_a2e0eb1c41,busi,0.0,1,1,0.0,0.0,,,0.0,,,
SAM_efficientvit-t__detstats,busi_a2e0eb1c41,busi,,1,1,,,,,,,1.0,1.0
A_box,busi_0d51c07bd5,busi,0.6917049288749695,1,1,0.8177607199576495,0.6917049143624762,59.093091734040094,10.988957532735837,0.3006309417751797,0.020045856534556174,,
A_box__detstats,busi_0d51c07bd5,busi,,1,1,,,,,,,0.0,0.0
B_seg,busi_0d51c07bd5,busi,0.7460142374038696,1,2,0.8545339608063497,0.7460142261466765,60.09999999999991,8.605520487812289,0.4006522847589531,0.13468719292499182,,
B_seg__detstats,busi_0d51c07bd5,busi,,1,2,,,,,,,0.0,1.0
SAM_edgesam,busi_0d51c07bd5,busi,0.6809272766113281,1,1,0.8101805221972573,0.6809272644396692,72.84087911424416,10.962678658680375,0.30706445348472755,0.30894202423845396,,
SAM_edgesam__detstats,busi_0d51c07bd5,busi,,1,1,,,,,,,0.0,0.0
SAM_efficientvit-t,busi_0d51c07bd5,busi,0.0,1,1,0.0,0.0,,,0.0,,,
SAM_efficientvit-t__detstats,busi_0d51c07bd5,busi,,1,1,,,,,,,1.0,1.0
A_box,busi_3aa2ecd082,busi,0.8283270597457886,1,1,0.9061038295621705,0.8283270881179742,13.0,7.517728617816434,0.04289472510812859,0.20725256283973587,,
A_box__detstats,busi_3aa2ecd082,busi,,1,1,,,,,,,0.0,0.0
B_seg,busi_3aa2ecd082,busi,0.9122441411018372,1,1,0.9541084384717109,0.9122441308136555,8.0,3.4811600532416813,0.337490551776266,0.04144321622706213,,
B_seg__detstats,busi_3aa2ecd082,busi,,1,1,,,,,,,0.0,0.0
SAM_edgesam,busi_3aa2ecd082,busi,0.0,1,1,0.0,0.0,,,0.0,,,
SAM_edgesam__detstats,busi_3aa2ecd082,busi,,1,1,,,,,,,1.0,1.0
SAM_efficientvit-t,busi_3aa2ecd082,busi,0.0,1,1,0.0,0.0,,,0.0,,,
SAM_efficientvit-t__detstats,busi_3aa2ecd082,busi,,1,1,,,,,,,1.0,1.0
A_box,busi_f89428ed30,busi,0.8572213649749756,1,1,0.9231224565297818,0.8572213824378178,10.295630140987,4.118334100564924,0.29219443864930117,0.025629496402877698,,
A_box__detstats,busi_f89428ed30,busi,,1,1,,,,,,,0.0,0.0
B_seg,busi_f89428ed30,busi,0.9325850605964661,1,1,0.9651167175774031,0.9325850885503972,5.385164807134504,1.8443676576552983,0.662204243182678,0.012814748201438849,,
B_seg__detstats,busi_f89428ed30,busi,,1,1,,,,,,,0.0,0.0
SAM_edgesam,busi_f89428ed30,busi,0.0,1,1,0.0,0.0,,,0.0,,,
SAM_edgesam__detstats,busi_f89428ed30,busi,,1,1,,,,,,,1.0,1.0
SAM_efficientvit-t,busi_f89428ed30,busi,0.0,1,1,0.0,0.0,,,0.0,,,
SAM_efficientvit-t__detstats,busi_f89428ed30,busi,,1,1,,,,,,,1.0,1.0
A_box,busi_42f20b000b,busi,0.834325909614563,1,1,0.9096812278630461,0.834325933946941,20.09975124224178,5.429163221456127,0.36249677493972465,0.04331504475887958,,
A_box__detstats,busi_42f20b000b,busi,,1,1,,,,,,,0.0,0.0
B_seg,busi_42f20b000b,busi,0.9100979566574097,1,1,0.9529332932831165,0.9100979786388913,5.0,2.7599239605145938,0.4005603075730933,0.08292424679949947,,
B_seg__detstats,busi_42f20b000b,busi,,1,1,,,,,,,0.0,0.0
SAM_edgesam,busi_42f20b000b,busi,0.0,1,1,0.0,0.0,,,0.0,,,
SAM_edgesam__detstats,busi_42f20b000b,busi,,1,1,,,,,,,1.0,1.0
SAM_efficientvit-t,busi_42f20b000b,busi,0.0,1,1,0.0,0.0,,,0.0,,,
SAM_efficientvit-t__detstats,busi_42f20b000b,busi,,1,1,,,,,,,1.0,1.0
A_box,busi_e236c55059,busi,0.7545768618583679,1,1,0.8601240162175053,0.7545768385814415,17.69180601295413,6.1835520612138435,0.29882604055496265,0.1878424210800939,,
A_box__detstats,busi_e236c55059,busi,,1,1,,,,,,,0.0,0.0
B_seg,busi_e236c55059,busi,0.8332374095916748,1,1,0.9090338376545922,0.833237426631373,7.810249675906654,3.692365186960873,0.2890769020229748,0.07787633707278893,,
B_seg__detstats,busi_e236c55059,busi,,1,1,,,,,,,0.0,0.0
SAM_edgesam,busi_e236c55059,busi,0.0,1,1,0.0,0.0,,,0.0,,,
SAM_edgesam__detstats,busi_e236c55059,busi,,1,1,,,,,,,1.0,1.0
SAM_efficientvit-t,busi_e236c55059,busi,0.0,1,1,0.0,0.0,,,0.0,,,
SAM_efficientvit-t__detstats,busi_e236c55059,busi,,1,1,,,,,,,1.0,1.0
A_box,busi_d07111ff97,busi,0.0,1,0,0.0,0.0,,,0.0,,,
A_box__detstats,busi_d07111ff97,busi,,1,0,,,,,,,1.0,0.0
B_seg,busi_d07111ff97,busi,0.0,1,1,0.0,0.0,,,0.0,,,
B_seg__detstats,busi_d07111ff97,busi,,1,1,,,,,,,1.0,1.0
SAM_edgesam,busi_d07111ff97,busi,0.0,1,0,0.0,0.0,,,0.0,,,
SAM_edgesam__detstats,busi_d07111ff97,busi,,1,0,,,,,,,1.0,0.0
SAM_efficientvit-t,busi_d07111ff97,busi,0.0,1,0,0.0,0.0,,,0.0,,,
SAM_efficientvit-t__detstats,busi_d07111ff97,busi,,1,0,,,,,,,1.0,0.0
A_box,busi_5297c4215c,busi,0.725955069065094,1,1,0.8412212999368963,0.7259550938337802,12.041594578792296,6.952745198356416,0.06852677453288583,0.2679502270052127,,
A_box__detstats,busi_5297c4215c,busi,,1,1,,,,,,,0.0,0.0
B_seg,busi_5297c4215c,busi,0.8573172688484192,1,1,0.9231780533765721,0.857317271691356,9.486832980505138,3.5681249609004517,0.4347121587330704,0.08146964856230032,,
B_seg__detstats,busi_5297c4215c,busi,,1,1,,,,,,,0.0,0.0
SAM_edgesam,busi_5297c4215c,busi,0.8598639369010925,1,1,0.9246525237746891,0.8598639455782313,9.0,3.6009379352930795,0.38432908912830566,0.046157726584832685,,
SAM_edgesam__detstats,busi_5297c4215c,busi,,1,1,,,,,,,0.0,0.0
SAM_efficientvit-t,busi_5297c4215c,busi,0.0,1,1,0.0,0.0,,,0.0,,,
SAM_efficientvit-t__detstats,busi_5297c4215c,busi,,1,1,,,,,,,1.0,1.0
A_box,busi_b5c3b1d7df,busi,0.8800049424171448,1,1,0.936173014253267,0.880004950801411,8.0,3.468562896201213,0.40282451068669733,0.11420418957477904,,
A_box__detstats,busi_b5c3b1d7df,busi,,1,1,,,,,,,0.0,0.0
B_seg,busi_b5c3b1d7df,busi,0.9179745316505432,1,1,0.9572332762177851,0.9179745137491616,7.582206784205524,2.271597986896306,0.6076435322907854,0.009812791425986499,,
B_seg__detstats,busi_b5c3b1d7df,busi,,1,1,,,,,,,0.0,0.0
SAM_edgesam,busi_b5c3b1d7df,busi,0.0,1,1,0.0,0.0,,,0.0,,,
SAM_edgesam__detstats,busi_b5c3b1d7df,busi,,1,1,,,,,,,1.0,1.0
SAM_efficientvit-t,busi_b5c3b1d7df,busi,0.0,1,1,0.0,0.0,,,0.0,,,
SAM_efficientvit-t__detstats,busi_b5c3b1d7df,busi,,1,1,,,,,,,1.0,1.0
A_box,busi_16e7d3f1d9,busi,0.7743151187896729,1,1,0.8728045266191288,0.7743151451817571,26.0,9.48044597527577,0.15522771007055805,0.18458781362007168,,
A_box__detstats,busi_16e7d3f1d9,busi,,1,1,,,,,,,0.0,0.0
B_seg,busi_16e7d3f1d9,busi,0.0,1,2,0.0,0.0,,,0.0,,,
B_seg__detstats,busi_16e7d3f1d9,busi,,1,2,,,,,,,1.0,2.0
SAM_edgesam,busi_16e7d3f1d9,busi,0.8027316927909851,1,1,0.8905725520283878,0.802731673582296,18.110770276274835,6.920946600850965,0.30592865660568747,0.08344821248047055,,
SAM_edgesam__detstats,busi_16e7d3f1d9,busi,,1,1,,,,,,,0.0,0.0
SAM_efficientvit-t,busi_16e7d3f1d9,busi,0.0,1,1,0.0,0.0,,,0.0,,,
SAM_efficientvit-t__detstats,busi_16e7d3f1d9,busi,,1,1,,,,,,,1.0,1.0
A_box,busi_f0ca639c01,busi,0.0,1,1,0.0,0.0,,,0.0,,,
A_box__detstats,busi_f0ca639c01,busi,,1,1,,,,,,,1.0,1.0
B_seg,busi_f0ca639c01,busi,0.0,1,2,0.0,0.0,,,0.0,,,
B_seg__detstats,busi_f0ca639c01,busi,,1,2,,,,,,,1.0,2.0
SAM_edgesam,busi_f0ca639c01,busi,0.0,1,1,0.0,0.0,,,0.0,,,
SAM_edgesam__detstats,busi_f0ca639c01,busi,,1,1,,,,,,,1.0,1.0
SAM_efficientvit-t,busi_f0ca639c01,busi,0.0,1,1,0.0,0.0,,,0.0,,,
SAM_efficientvit-t__detstats,busi_f0ca639c01,busi,,1,1,,,,,,,1.0,1.0
A_box,busi_22c13c0f43,busi,0.0,1,0,0.0,0.0,,,0.0,,,
A_box__detstats,busi_22c13c0f43,busi,,1,0,,,,,,,1.0,0.0
B_seg,busi_22c13c0f43,busi,0.0,1,1,0.0,0.0,,,0.0,,,
B_seg__detstats,busi_22c13c0f43,busi,,1,1,,,,,,,1.0,1.0
SAM_edgesam,busi_22c13c0f43,busi,0.0,1,0,0.0,0.0,,,0.0,,,
SAM_edgesam__detstats,busi_22c13c0f43,busi,,1,0,,,,,,,1.0,0.0
SAM_efficientvit-t,busi_22c13c0f43,busi,0.0,1,0,0.0,0.0,,,0.0,,,
SAM_efficientvit-t__detstats,busi_22c13c0f43,busi,,1,0,,,,,,,1.0,0.0
A_box,busi_6b1c7c6449,busi,0.7790075540542603,1,1,0.8757776856076317,0.779007563180225,8.94427190999916,3.4419315434730535,0.3607922290904504,0.11769872639437857,,
A_box__detstats,busi_6b1c7c6449,busi,,1,1,,,,,,,0.0,0.0
B_seg,busi_6b1c7c6449,busi,0.8468809127807617,1,1,0.917093142272262,0.8468809073724007,4.123105625617661,2.30950671194658,0.4972982100641675,0.1453667105841019,,
B_seg__detstats,busi_6b1c7c6449,busi,,1,1,,,,,,,0.0,0.0
SAM_edgesam,busi_6b1c7c6449,busi,0.0,1,1,0.0,0.0,,,0.0,,,
SAM_edgesam__detstats,busi_6b1c7c6449,busi,,1,1,,,,,,,1.0,1.0
SAM_efficientvit-t,busi_6b1c7c6449,busi,0.0,1,1,0.0,0.0,,,0.0,,,
SAM_efficientvit-t__detstats,busi_6b1c7c6449,busi,,1,1,,,,,,,1.0,1.0
A_box,busi_b83f3d49c5,busi,0.8541578054428101,1,1,0.921343146274149,0.8541577825159915,6.751973342624457,3.1440259681576057,0.39837852949398933,0.03198551599275799,,
A_box__detstats,busi_b83f3d49c5,busi,,1,1,,,,,,,0.0,0.0
B_seg,busi_b83f3d49c5,busi,0.888672411441803,1,1,0.9410551134689066,0.8886724185917061,5.830951894845301,2.4287798802384315,0.5407003415056832,0.04767652383826192,,
B_seg__detstats,busi_b83f3d49c5,busi,,1,1,,,,,,,0.0,0.0
SAM_edgesam,busi_b83f3d49c5,busi,0.0,1,1,0.0,0.0,,,0.0,,,
SAM_edgesam__detstats,busi_b83f3d49c5,busi,,1,1,,,,,,,1.0,1.0
SAM_efficientvit-t,busi_b83f3d49c5,busi,0.0,1,1,0.0,0.0,,,0.0,,,
SAM_efficientvit-t__detstats,busi_b83f3d49c5,busi,,1,1,,,,,,,1.0,1.0
A_box,busi_929cf0f851,busi,0.8563685417175293,1,3,0.9226277372262773,0.8563685636856369,3.0,1.084919835832207,0.8734157886700259,0.028627838104639685,,
A_box__detstats,busi_929cf0f851,busi,,1,3,,,,,,,0.0,2.0
B_seg,busi_929cf0f851,busi,0.8312757015228271,1,2,0.9078651685393259,0.831275720164609,3.0,1.392304846295889,0.7969547258443347,0.1964461994076999,,
B_seg__detstats,busi_929cf0f851,busi,,1,2,,,,,,,0.0,1.0
SAM_edgesam,busi_929cf0f851,busi,0.8159688115119934,1,3,0.8986595174262735,0.815968841285297,5.0,1.4427913140628215,0.7928378097022694,0.15893385982230998,,
SAM_edgesam__detstats,busi_929cf0f851,busi,,1,3,,,,,,,0.0,2.0
SAM_efficientvit-t,busi_929cf0f851,busi,0.0,1,3,0.0,0.0,,,0.0,,,
SAM_efficientvit-t__detstats,busi_929cf0f851,busi,,1,3,,,,,,,1.0,3.0
A_box,busi_b0824ba0e4,busi,0.0,1,0,0.0,0.0,,,0.0,,,
A_box__detstats,busi_b0824ba0e4,busi,,1,0,,,,,,,1.0,0.0
B_seg,busi_b0824ba0e4,busi,0.0,1,1,0.0,0.0,,,0.0,,,
B_seg__detstats,busi_b0824ba0e4,busi,,1,1,,,,,,,1.0,1.0
SAM_edgesam,busi_b0824ba0e4,busi,0.0,1,0,0.0,0.0,,,0.0,,,
SAM_edgesam__detstats,busi_b0824ba0e4,busi,,1,0,,,,,,,1.0,0.0
SAM_efficientvit-t,busi_b0824ba0e4,busi,0.0,1,0,0.0,0.0,,,0.0,,,
SAM_efficientvit-t__detstats,busi_b0824ba0e4,busi,,1,0,,,,,,,1.0,0.0
A_box,busi_cb24e22b98,busi,0.8568885326385498,1,1,0.9229294274300932,0.8568885372366729,7.211102550927978,3.4071968194948425,0.28239827926151634,0.052136845556891465,,
A_box__detstats,busi_cb24e22b98,busi,,1,1,,,,,,,0.0,0.0
B_seg,busi_cb24e22b98,busi,0.9332131743431091,1,1,0.9654529502083791,0.93321318774515,4.123105625617661,1.478255059447763,0.7723046099574097,0.006776696906765767,,
B_seg__detstats,busi_cb24e22b98,busi,,1,1,,,,,,,0.0,0.0
SAM_edgesam,busi_cb24e22b98,busi,0.0,1,1,0.0,0.0,,,0.0,,,
SAM_edgesam__detstats,busi_cb24e22b98,busi,,1,1,,,,,,,1.0,1.0
SAM_efficientvit-t,busi_cb24e22b98,busi,0.0,1,1,0.0,0.0,,,0.0,,,
SAM_efficientvit-t__detstats,busi_cb24e22b98,busi,,1,1,,,,,,,1.0,1.0
A_box,busi_034a4514ed,busi,0.8937451839447021,1,1,0.9438917089678511,0.8937451935401179,11.313708498984761,4.178970773651889,0.33971394773631575,0.002484752654167608,,
A_box__detstats,busi_034a4514ed,busi,,1,1,,,,,,,0.0,0.0
B_seg,busi_034a4514ed,busi,0.9171661138534546,1,1,0.956793569275427,0.917166095890411,8.06225774829855,3.179324945697009,0.405237147808228,0.02326632030720578,,
B_seg__detstats,busi_034a4514ed,busi,,1,1,,,,,,,0.0,0.0
SAM_edgesam,busi_034a4514ed,busi,0.8213639259338379,1,1,0.9019218165288907,0.8213639339212138,40.93154403417219,9.479045636163889,0.21137385112614887,0.1368421052631579,,
SAM_edgesam__detstats,busi_034a4514ed,busi,,1,1,,,,,,,0.0,0.0
SAM_efficientvit-t,busi_034a4514ed,busi,0.0,1,1,0.0,0.0,,,0.0,,,
SAM_efficientvit-t__detstats,busi_034a4514ed,busi,,1,1,,,,,,,1.0,1.0
A_box,busi_1541b9855b,busi,0.8069947957992554,1,1,0.8931899641577061,0.8069948186528497,16.0312195418814,5.1414068795948396,0.32037914691943126,0.15323514810524574,,
A_box__detstats,busi_1541b9855b,busi,,1,1,,,,,,,0.0,0.0
B_seg,busi_1541b9855b,busi,0.7428956031799316,1,1,0.8524843310019076,0.742895590912689,22.070320087725733,7.139606570999176,0.27650358003418707,0.17822273705113353,,
B_seg__detstats,busi_1541b9855b,busi,,1,1,,,,,,,0.0,0.0
SAM_edgesam,busi_1541b9855b,busi,0.0,1,1,0.0,0.0,,,0.0,,,
SAM_edgesam__detstats,busi_1541b9855b,busi,,1,1,,,,,,,1.0,1.0
SAM_efficientvit-t,busi_1541b9855b,busi,0.0,1,1,0.0,0.0,,,0.0,,,
SAM_efficientvit-t__detstats,busi_1541b9855b,busi,,1,1,,,,,,,1.0,1.0
A_box,busi_7142c7617d,busi,0.7794680595397949,1,1,0.8760686180150598,0.7794680636711666,13.892443989449804,5.245524731435313,0.28689370485036125,0.23695542046605877,,
A_box__detstats,busi_7142c7617d,busi,,1,1,,,,,,,0.0,0.0
B_seg,busi_7142c7617d,busi,0.9203863143920898,1,1,0.9585428676560775,0.9203862913673301,4.0,1.5623457131847773,0.7362827181262126,0.06509625126646404,,
B_seg__detstats,busi_7142c7617d,busi,,1,1,,,,,,,0.0,0.0
SAM_edgesam,busi_7142c7617d,busi,0.0,1,1,0.0,0.0,,,0.0,,,
SAM_edgesam__detstats,busi_7142c7617d,busi,,1,1,,,,,,,1.0,1.0
SAM_efficientvit-t,busi_7142c7617d,busi,0.0,1,1,0.0,0.0,,,0.0,,,
SAM_efficientvit-t__detstats,busi_7142c7617d,busi,,1,1,,,,,,,1.0,1.0
A_box,busi_5ea67a72a7,busi,0.0,1,2,0.0,0.0,,,0.0,,,
A_box__detstats,busi_5ea67a72a7,busi,,1,2,,,,,,,1.0,2.0
B_seg,busi_5ea67a72a7,busi,0.0,1,1,0.0,0.0,,,0.0,,,
B_seg__detstats,busi_5ea67a72a7,busi,,1,1,,,,,,,1.0,1.0
SAM_edgesam,busi_5ea67a72a7,busi,0.0,1,2,0.0,0.0,,,0.0,,,
SAM_edgesam__detstats,busi_5ea67a72a7,busi,,1,2,,,,,,,1.0,2.0
SAM_efficientvit-t,busi_5ea67a72a7,busi,0.0,1,2,0.0,0.0,,,0.0,,,
SAM_efficientvit-t__detstats,busi_5ea67a72a7,busi,,1,2,,,,,,,1.0,2.0
A_box,busi_328c7cf02a,busi,0.8377555012702942,1,1,0.9117159527914069,0.8377555061382399,13.45362404707371,7.044493233798085,0.09100867710225144,0.1888900983273466,,
A_box__detstats,busi_328c7cf02a,busi,,1,1,,,,,,,0.0,0.0
B_seg,busi_328c7cf02a,busi,0.9159894585609436,1,1,0.956152908117279,0.9159894351889476,8.0,3.1703221997682656,0.43409175098945235,0.05300968760204637,,
B_seg__detstats,busi_328c7cf02a,busi,,1,1,,,,,,,0.0,0.0
SAM_edgesam,busi_328c7cf02a,busi,0.0,1,1,0.0,0.0,,,0.0,,,
SAM_edgesam__detstats,busi_328c7cf02a,busi,,1,1,,,,,,,1.0,1.0
SAM_efficientvit-t,busi_328c7cf02a,busi,0.0,1,1,0.0,0.0,,,0.0,,,
SAM_efficientvit-t__detstats,busi_328c7cf02a,busi,,1,1,,,,,,,1.0,1.0
A_box,busi_884f21854c,busi,0.8788087964057922,1,1,0.935495721030218,0.8788087934560327,14.317821063276353,5.935800919189363,0.1785757760194766,0.023423423423423424,,
A_box__detstats,busi_884f21854c,busi,,1,1,,,,,,,0.0,0.0
B_seg,busi_884f21854c,busi,0.9274891018867493,1,1,0.962380638788278,0.9274890916303055,12.083045973594572,3.394240033276281,0.5010570824524312,0.03985478015328762,,
B_seg__detstats,busi_884f21854c,busi,,1,1,,,,,,,0.0,0.0
SAM_edgesam,busi_884f21854c,busi,0.0,1,1,0.0,0.0,,,0.0,,,
SAM_edgesam__detstats,busi_884f21854c,busi,,1,1,,,,,,,1.0,1.0
SAM_efficientvit-t,busi_884f21854c,busi,0.0,1,1,0.0,0.0,,,0.0,,,
SAM_efficientvit-t__detstats,busi_884f21854c,busi,,1,1,,,,,,,1.0,1.0
A_box,busi_702d535cb8,busi,0.862535834312439,1,1,0.9261951463405254,0.8625358166189112,9.219544457292887,3.8461560361359366,0.3487895878524946,0.03275740755218513,,
A_box__detstats,busi_702d535cb8,busi,,1,1,,,,,,,0.0,0.0
B_seg,busi_702d535cb8,busi,0.9324148297309875,1,1,0.9650255475898126,0.9324148488327593,5.0,1.796432043680511,0.6547067081794304,0.02619029004768978,,
B_seg__detstats,busi_702d535cb8,busi,,1,1,,,,,,,0.0,0.0
SAM_edgesam,busi_702d535cb8,busi,0.0,1,1,0.0,0.0,,,0.0,,,
SAM_edgesam__detstats,busi_702d535cb8,busi,,1,1,,,,,,,1.0,1.0
SAM_efficientvit-t,busi_702d535cb8,busi,0.0,1,1,0.0,0.0,,,0.0,,,
SAM_efficientvit-t__detstats,busi_702d535cb8,busi,,1,1,,,,,,,1.0,1.0
A_box,busi_7ad36ab93e,busi,0.8462786674499512,1,1,0.9167399221398971,0.8462786923255274,7.810249675906654,2.62311586448141,0.5452221973738858,0.16033640803038524,,
A_box__detstats,busi_7ad36ab93e,busi,,1,1,,,,,,,0.0,0.0
B_seg,busi_7ad36ab93e,busi,0.6854267716407776,1,1,0.8133569217160549,0.685426761088334,19.057767824081385,5.885106780417589,0.3358971125961417,0.4536082474226804,,
B_seg__detstats,busi_7ad36ab93e,busi,,1,1,,,,,,,0.0,0.0
SAM_edgesam,busi_7ad36ab93e,busi,0.8190991878509521,1,1,0.9005547287241239,0.8190991877922718,7.280109889280518,2.737495573316356,0.4974808108640032,0.005154639175257732,,
SAM_edgesam__detstats,busi_7ad36ab93e,busi,,1,1,,,,,,,0.0,0.0
SAM_efficientvit-t,busi_7ad36ab93e,busi,0.0,1,1,0.0,0.0,,,0.0,,,
SAM_efficientvit-t__detstats,busi_7ad36ab93e,busi,,1,1,,,,,,,1.0,1.0
A_box,busi_fb599a827f,busi,0.8743321299552917,1,1,0.9329532661029535,0.8743321510348853,11.0,4.9966971624220236,0.27916164863061765,0.03200867392636591,,
A_box__detstats,busi_fb599a827f,busi,,1,1,,,,,,,0.0,0.0
B_seg,busi_fb599a827f,busi,0.9215509295463562,1,1,0.9591740745966794,0.9215509060508834,8.0,2.994867478568696,0.4593648233408537,0.004525526799604016,,
B_seg__detstats,busi_fb599a827f,busi,,1,1,,,,,,,0.0,0.0
SAM_edgesam,busi_fb599a827f,busi,0.0,1,1,0.0,0.0,,,0.0,,,
SAM_edgesam__detstats,busi_fb599a827f,busi,,1,1,,,,,,,1.0,1.0
SAM_efficientvit-t,busi_fb599a827f,busi,0.0,1,1,0.0,0.0,,,0.0,,,
SAM_efficientvit-t__detstats,busi_fb599a827f,busi,,1,1,,,,,,,1.0,1.0
A_box,busi_26b35ce6c2,busi,0.8539325594902039,1,1,0.9212121212121213,0.8539325842696629,3.1622776601683795,1.4327736691406563,0.7338491007238988,0.0176678445229682,,
A_box__detstats,busi_26b35ce6c2,busi,,1,1,,,,,,,0.0,0.0
B_seg,busi_26b35ce6c2,busi,0.8558014631271362,1,1,0.9222985182508131,0.8558014755197854,3.0,1.4031493620608733,0.8118313404657016,0.04452296819787986,,
B_seg__detstats,busi_26b35ce6c2,busi,,1,1,,,,,,,0.0,0.0
SAM_edgesam,busi_26b35ce6c2,busi,0.8274428248405457,1,1,0.9055745164960182,0.8274428274428275,4.242640687119285,1.6719447462452908,0.6849377123442808,0.1363957597173145,,
SAM_edgesam__detstats,busi_26b35ce6c2,busi,,1,1,,,,,,,0.0,0.0
SAM_efficientvit-t,busi_26b35ce6c2,busi,0.0,1,1,0.0,0.0,,,0.0,,,
SAM_efficientvit-t__detstats,busi_26b35ce6c2,busi,,1,1,,,,,,,1.0,1.0
A_box,busi_4058304b16,busi,0.8702325820922852,1,1,0.9306142750559562,0.8702325581395349,3.605551275463989,1.481053773641443,0.752442996742671,0.05748792270531401,,
A_box__detstats,busi_4058304b16,busi,,1,1,,,,,,,0.0,0.0
B_seg,busi_4058304b16,busi,0.8983516693115234,1,1,0.9464544138929089,0.8983516483516484,3.1541637771599587,1.183706097193996,0.8205128205128206,0.002898550724637681,,
B_seg__detstats,busi_4058304b16,busi,,1,1,,,,,,,0.0,0.0
SAM_edgesam,busi_4058304b16,busi,0.894837498664856,1,1,0.9445005045408678,0.8948374760994264,2.8284271247461903,1.1839779739353833,0.8482142857142857,0.08502415458937199,,
SAM_edgesam__detstats,busi_4058304b16,busi,,1,1,,,,,,,0.0,0.0
SAM_efficientvit-t,busi_4058304b16,busi,0.0,1,1,0.0,0.0,,,0.0,,,
SAM_efficientvit-t__detstats,busi_4058304b16,busi,,1,1,,,,,,,1.0,1.0
A_box,busi_dc9eed528c,busi,0.8490724563598633,1,1,0.9183766153338012,0.8490724482784946,8.600029008178717,3.7956730575505113,0.35618503281725966,0.011710963455149501,,
A_box__detstats,busi_dc9eed528c,busi,,1,1,,,,,,,0.0,0.0
B_seg,busi_dc9eed528c,busi,0.8973478078842163,1,1,0.9458970148625321,0.8973478191404378,5.735198189901203,2.3910004135253473,0.5486840289205747,0.02732558139534884,,
B_seg__detstats,busi_dc9eed528c,busi,,1,1,,,,,,,0.0,0.0
SAM_edgesam,busi_dc9eed528c,busi,0.8461729884147644,1,1,0.9166778839682326,0.8461729622266402,8.0,3.561316346701129,0.38970700442545403,0.1489202657807309,,
SAM_edgesam__detstats,busi_dc9eed528c,busi,,1,1,,,,,,,0.0,0.0
SAM_efficientvit-t,busi_dc9eed528c,busi,0.0,1,1,0.0,0.0,,,0.0,,,
SAM_efficientvit-t__detstats,busi_dc9eed528c,busi,,1,1,,,,,,,1.0,1.0
A_box,busi_15283493c7,busi,0.0,1,1,0.0,0.0,,,0.0,,,
A_box__detstats,busi_15283493c7,busi,,1,1,,,,,,,1.0,1.0
B_seg,busi_15283493c7,busi,0.7188847661018372,1,1,0.8364548661135675,0.71888476153879,46.84175435784699,13.404932303142107,0.12107447679176897,0.06483048674154998,,
B_seg__detstats,busi_15283493c7,busi,,1,1,,,,,,,0.0,0.0
SAM_edgesam,busi_15283493c7,busi,0.0,1,1,0.0,0.0,,,0.0,,,
SAM_edgesam__detstats,busi_15283493c7,busi,,1,1,,,,,,,1.0,1.0
SAM_efficientvit-t,busi_15283493c7,busi,0.0,1,1,0.0,0.0,,,0.0,,,
SAM_efficientvit-t__detstats,busi_15283493c7,busi,,1,1,,,,,,,1.0,1.0
A_box,busi_de9fa69171,busi,0.7988228797912598,1,1,0.8881618002346932,0.7988228866593822,19.803793292058096,10.198585711835843,0.12950227901103592,0.1765431477192629,,
A_box__detstats,busi_de9fa69171,busi,,1,1,,,,,,,0.0,0.0
B_seg,busi_de9fa69171,busi,0.818745493888855,1,2,0.9003409221497248,0.8187455005689603,30.4138126514911,9.154234177705597,0.31092664321959523,0.02847145302587856,,
B_seg__detstats,busi_de9fa69171,busi,,1,2,,,,,,,0.0,1.0
SAM_edgesam,busi_de9fa69171,busi,0.7964510321617126,1,1,0.886693827350296,0.7964510115307603,27.51363298439521,10.114066728433713,0.12437251545135362,0.03509213573658242,,
SAM_edgesam__detstats,busi_de9fa69171,busi,,1,1,,,,,,,0.0,0.0
SAM_efficientvit-t,busi_de9fa69171,busi,0.0,1,1,0.0,0.0,,,0.0,,,
SAM_efficientvit-t__detstats,busi_de9fa69171,busi,,1,1,,,,,,,1.0,1.0
A_box,busi_1af81235cf,busi,0.8971185088157654,1,1,0.9457696121927032,0.8971185265867908,5.0,2.4562541557894755,0.42903650044197233,0.06259480230559207,,
A_box__detstats,busi_1af81235cf,busi,,1,1,,,,,,,0.0,0.0
B_seg,busi_1af81235cf,busi,0.9041018486022949,1,1,0.9496360124795721,0.9041018387553041,5.0,2.301047276979914,0.5542718585080588,0.041965820608757205,,
B_seg__detstats,busi_1af81235cf,busi,,1,1,,,,,,,0.0,0.0
SAM_edgesam,busi_1af81235cf,busi,0.8535611033439636,1,1,0.9209959042897176,0.8535610828089102,10.0,3.589403022338365,0.4439862542955327,0.12357164526241278,,
SAM_edgesam__detstats,busi_1af81235cf,busi,,1,1,,,,,,,0.0,0.0
SAM_efficientvit-t,busi_1af81235cf,busi,0.0,1,1,0.0,0.0,,,0.0,,,
SAM_efficientvit-t__detstats,busi_1af81235cf,busi,,1,1,,,,,,,1.0,1.0
A_box,busi_0e203e8363,busi,0.9153149724006653,1,1,0.9557853171922898,0.9153149567121106,10.324565414571685,4.825159917405482,0.16372097395882299,0.0354591107663414,,
A_box__detstats,busi_0e203e8363,busi,,1,1,,,,,,,0.0,0.0
B_seg,busi_0e203e8363,busi,0.8357639908790588,1,1,0.9105353190749099,0.8357639628131431,34.68637806438337,10.369984337423874,0.17748304188925915,0.11225656309966113,,
B_seg__detstats,busi_0e203e8363,busi,,1,1,,,,,,,0.0,0.0
SAM_edgesam,busi_0e203e8363,busi,0.7993513345718384,1,1,0.8884883351700693,0.7993513368175172,32.63125258614307,13.722180527176214,0.08843610465458651,0.18580819009512922,,
SAM_edgesam__detstats,busi_0e203e8363,busi,,1,1,,,,,,,0.0,0.0
SAM_efficientvit-t,busi_0e203e8363,busi,0.0,1,1,0.0,0.0,,,0.0,,,
SAM_efficientvit-t__detstats,busi_0e203e8363,busi,,1,1,,,,,,,1.0,1.0
A_box,busi_8c1f838d6c,busi,0.8791030049324036,1,1,0.9356624005534417,0.8791030224244394,6.324555320336759,2.4672342521904183,0.546447067606028,0.08638093662088367,,
A_box__detstats,busi_8c1f838d6c,busi,,1,1,,,,,,,0.0,0.0
B_seg,busi_8c1f838d6c,busi,0.9112067818641663,1,1,0.9535407456835433,0.9112067591264148,8.200222875501128,1.8651477015998772,0.7535306592067862,0.016051629985106734,,
B_seg__detstats,busi_8c1f838d6c,busi,,1,1,,,,,,,0.0,0.0
SAM_edgesam,busi_8c1f838d6c,busi,0.8831305503845215,1,1,0.9379387364390556,0.8831305392819588,6.312465680834816,2.462253436847589,0.5305762823866296,0.07446632467317557,,
SAM_edgesam__detstats,busi_8c1f838d6c,busi,,1,1,,,,,,,0.0,0.0
SAM_efficientvit-t,busi_8c1f838d6c,busi,0.0,1,1,0.0,0.0,,,0.0,,,
SAM_efficientvit-t__detstats,busi_8c1f838d6c,busi,,1,1,,,,,,,1.0,1.0
A_box,busi_cfd961e96d,busi,0.8735877871513367,1,1,0.932529335071708,0.873587786259542,6.057933771208752,1.8069904763310962,0.7061040521031926,0.013123359580052493,,
A_box__detstats,busi_cfd961e96d,busi,,1,1,,,,,,,0.0,0.0
B_seg,busi_cfd961e96d,busi,0.8739347457885742,1,1,0.9327269876117297,0.87393476344402,6.324555320336759,1.8773112760993915,0.7603960396039603,0.09219160104986876,,
B_seg__detstats,busi_cfd961e96d,busi,,1,1,,,,,,,0.0,0.0
SAM_edgesam,busi_cfd961e96d,busi,0.8747231960296631,1,1,0.9331758353020587,0.8747231888642835,4.0,1.672260076496344,0.6880647590361446,0.0557742782152231,,
SAM_edgesam__detstats,busi_cfd961e96d,busi,,1,1,,,,,,,0.0,0.0
SAM_efficientvit-t,busi_cfd961e96d,busi,0.0,1,1,0.0,0.0,,,0.0,,,
SAM_efficientvit-t__detstats,busi_cfd961e96d,busi,,1,1,,,,,,,1.0,1.0
A_box,busi_6d2d131466,busi,0.9145586490631104,1,1,0.9553728171486648,0.9145586414293295,3.605551275463989,1.5508371568575,0.7466869763899467,0.025261976047904193,,
A_box__detstats,busi_6d2d131466,busi,,1,1,,,,,,,0.0,0.0
B_seg,busi_6d2d131466,busi,0.8917393684387207,1,1,0.9427719012747491,0.8917393535146229,4.242640687119285,2.1227063262292933,0.5476743805440084,0.06979790419161677,,
B_seg__detstats,busi_6d2d131466,busi,,1,1,,,,,,,0.0,0.0
SAM_edgesam,busi_6d2d131466,busi,0.9021457433700562,1,1,0.9485558689098512,0.9021457639659638,4.7096747752497325,1.722568011757644,0.7195506735968369,0.07578592814371257,,
SAM_edgesam__detstats,busi_6d2d131466,busi,,1,1,,,,,,,0.0,0.0
SAM_efficientvit-t,busi_6d2d131466,busi,0.0,1,1,0.0,0.0,,,0.0,,,
SAM_efficientvit-t__detstats,busi_6d2d131466,busi,,1,1,,,,,,,1.0,1.0
A_box,busi_873f42e663,busi,0.901735782623291,1,1,0.9483292000102268,0.9017357903437545,8.06225774829855,3.548078356606063,0.32277685442534115,0.033957358294331774,,
A_box__detstats,busi_873f42e663,busi,,1,1,,,,,,,0.0,0.0
B_seg,busi_873f42e663,busi,0.9269793033599854,1,1,0.9621061232827741,0.9269792845544457,6.082762530298219,2.5812944517533936,0.5240715984652512,0.03650546021840874,,
B_seg__detstats,busi_873f42e663,busi,,1,1,,,,,,,0.0,0.0
SAM_edgesam,busi_873f42e663,busi,0.9087274670600891,1,1,0.9521814818844522,0.90872748040081,8.0,3.0407470047537126,0.41060723888670475,0.08819552782111284,,
SAM_edgesam__detstats,busi_873f42e663,busi,,1,1,,,,,,,0.0,0.0
SAM_efficientvit-t,busi_873f42e663,busi,0.0,1,1,0.0,0.0,,,0.0,,,
SAM_efficientvit-t__detstats,busi_873f42e663,busi,,1,1,,,,,,,1.0,1.0
A_box,busi_22d1a239ff,busi,0.8875809907913208,1,1,0.9404428035547351,0.8875809693991512,14.866068747318506,6.061044934114943,0.34099197665937275,0.012934114620551666,,
A_box__detstats,busi_22d1a239ff,busi,,1,1,,,,,,,0.0,0.0
B_seg,busi_22d1a239ff,busi,0.9166440963745117,1,1,0.9565094406336185,0.916644076985633,11.0,4.340752365123484,0.3003710682251182,0.021009003858796626,,
B_seg__detstats,busi_22d1a239ff,busi,,1,1,,,,,,,0.0,0.0
SAM_edgesam,busi_22d1a239ff,busi,0.9219435453414917,1,1,0.9593866999465145,0.9219435307017544,12.727922061357855,4.1673399218015446,0.37470504955167533,0.004073174217521795,,
SAM_edgesam__detstats,busi_22d1a239ff,busi,,1,1,,,,,,,0.0,0.0
SAM_efficientvit-t,busi_22d1a239ff,busi,0.0,1,1,0.0,0.0,,,0.0,,,
SAM_efficientvit-t__detstats,busi_22d1a239ff,busi,,1,1,,,,,,,1.0,1.0
A_box,busi_888dc0e64a,busi,0.6466180682182312,1,1,0.7853892560792307,0.6466180708594677,40.8827171453048,17.02911086896402,0.1417430150677671,0.2999509941192943,,
A_box__detstats,busi_888dc0e64a,busi,,1,1,,,,,,,0.0,0.0
B_seg,busi_888dc0e64a,busi,0.7247901558876038,1,2,0.840438634828559,0.7247901319170806,45.62181189799593,11.930055049146842,0.26389116538272417,0.23795855502660318,,
B_seg__detstats,busi_888dc0e64a,busi,,1,2,,,,,,,0.0,1.0
SAM_edgesam,busi_888dc0e64a,busi,0.598395586013794,1,1,0.748745294855709,0.5983955878666333,49.006120537705,20.06530904199402,0.07533874840169627,0.21450574068888267,,
SAM_edgesam__detstats,busi_888dc0e64a,busi,,1,1,,,,,,,0.0,0.0
SAM_efficientvit-t,busi_888dc0e64a,busi,0.0,1,1,0.0,0.0,,,0.0,,,
SAM_efficientvit-t__detstats,busi_888dc0e64a,busi,,1,1,,,,,,,1.0,1.0
A_box,busi_62445ce52f,busi,0.6181017160415649,1,1,0.763983777457198,0.6181017397049108,38.50452280046007,14.495274311863552,0.1371486911885653,0.4362732095490716,,
A_box__detstats,busi_62445ce52f,busi,,1,1,,,,,,,0.0,0.0
B_seg,busi_62445ce52f,busi,0.7213796973228455,1,1,0.8381412928686566,0.721379706262259,28.485477697880388,10.715968933221784,0.1553529571127366,0.3860742705570292,,
B_seg__detstats,busi_62445ce52f,busi,,1,1,,,,,,,0.0,0.0
SAM_edgesam,busi_62445ce52f,busi,0.6857170462608337,1,1,0.813561250319975,0.6857170254590785,33.60430468312626,8.4152630509036,0.27808950613174266,0.33149867374005304,,
SAM_edgesam__detstats,busi_62445ce52f,busi,,1,1,,,,,,,0.0,0.0
SAM_efficientvit-t,busi_62445ce52f,busi,0.0,1,1,0.0,0.0,,,0.0,,,
SAM_efficientvit-t__detstats,busi_62445ce52f,busi,,1,1,,,,,,,1.0,1.0
A_box,busi_31157c7321,busi,0.5589881539344788,1,1,0.7171166318813259,0.5589881743754811,54.635077063592384,21.045103233596556,0.0413747080413747,0.6932003626473254,,
A_box__detstats,busi_31157c7321,busi,,1,1,,,,,,,0.0,0.0
B_seg,busi_31157c7321,busi,0.0,1,1,0.0,0.0,,,0.0,,,
B_seg__detstats,busi_31157c7321,busi,,1,1,,,,,,,1.0,1.0
SAM_edgesam,busi_31157c7321,busi,0.0,1,1,0.0,0.0,,,0.0,,,
SAM_edgesam__detstats,busi_31157c7321,busi,,1,1,,,,,,,1.0,1.0
SAM_efficientvit-t,busi_31157c7321,busi,0.0,1,1,0.0,0.0,,,0.0,,,
SAM_efficientvit-t__detstats,busi_31157c7321,busi,,1,1,,,,,,,1.0,1.0
A_box,busi_31341a9960,busi,0.9014187455177307,1,1,0.9481538507091464,0.9014187591487445,13.408933484911488,5.005765681718657,0.3252644073673962,0.0408496238329758,,
A_box__detstats,busi_31341a9960,busi,,1,1,,,,,,,0.0,0.0
B_seg,busi_31341a9960,busi,0.9026715755462646,1,1,0.9488464529508338,0.9026715988491574,10.44030650891055,4.956071105117694,0.13716390500656625,0.09801492582409282,,
B_seg__detstats,busi_31341a9960,busi,,1,1,,,,,,,0.0,0.0
SAM_edgesam,busi_31341a9960,busi,0.9230011701583862,1,1,0.9599590437332258,0.9230011933174225,7.280109889280518,3.7106449967663298,0.30297507585391986,0.05242166963773152,,
SAM_edgesam__detstats,busi_31341a9960,busi,,1,1,,,,,,,0.0,0.0
SAM_efficientvit-t,busi_31341a9960,busi,0.0,1,1,0.0,0.0,,,0.0,,,
SAM_efficientvit-t__detstats,busi_31341a9960,busi,,1,1,,,,,,,1.0,1.0
A_box,busi_6e82f75987,busi,0.8181074857711792,1,1,0.8999550126310689,0.8181074619353215,11.180339887498949,6.083492568700597,0.08553639660957774,0.021837349397590362,,
A_box__detstats,busi_6e82f75987,busi,,1,1,,,,,,,0.0,0.0
B_seg,busi_6e82f75987,busi,0.8327440619468689,1,2,0.9087401497564006,0.8327440522562474,11.687581462308012,5.647553515434926,0.21873539427121585,0.09357886089813801,,
B_seg__detstats,busi_6e82f75987,busi,,1,2,,,,,,,0.0,1.0
SAM_edgesam,busi_6e82f75987,busi,0.812850832939148,1,1,0.896765263004517,0.8128508221620551,13.92838827718412,6.195696334151701,0.24253205197735206,0.12075575027382256,,
SAM_edgesam__detstats,busi_6e82f75987,busi,,1,1,,,,,,,0.0,0.0
SAM_efficientvit-t,busi_6e82f75987,busi,0.0,1,1,0.0,0.0,,,0.0,,,
SAM_efficientvit-t__detstats,busi_6e82f75987,busi,,1,1,,,,,,,1.0,1.0
A_box,busi_f5cba98f1d,busi,0.8717673420906067,1,1,0.9314911411995365,0.8717673545966229,33.83784863137726,12.276328039771679,0.1308609334305931,0.06586120524532194,,
A_box__detstats,busi_f5cba98f1d,busi,,1,1,,,,,,,0.0,0.0
B_seg,busi_f5cba98f1d,busi,0.9119725823402405,1,1,0.9539598830825382,0.9119725598036607,18.00138781886599,8.17348527994252,0.11230182971172585,0.0057230153621862226,,
B_seg__detstats,busi_f5cba98f1d,busi,,1,1,,,,,,,0.0,0.0
SAM_edgesam,busi_f5cba98f1d,busi,0.0,1,1,0.0,0.0,,,0.0,,,
SAM_edgesam__detstats,busi_f5cba98f1d,busi,,1,1,,,,,,,1.0,1.0
SAM_efficientvit-t,busi_f5cba98f1d,busi,0.0,1,1,0.0,0.0,,,0.0,,,
SAM_efficientvit-t__detstats,busi_f5cba98f1d,busi,,1,1,,,,,,,1.0,1.0
A_box,busi_70e63630b2,busi,0.9154455661773682,1,1,0.9558565337346375,0.9154455921210666,13.038404810405298,5.596309143466518,0.3327757725151862,0.0580900737084781,,
A_box__detstats,busi_70e63630b2,busi,,1,1,,,,,,,0.0,0.0
B_seg,busi_70e63630b2,busi,0.8626630306243896,1,1,0.9262684708490896,0.8626630081185822,45.896952834837045,10.845846328541972,0.1609631464849799,0.13809786667532553,,
B_seg__detstats,busi_70e63630b2,busi,,1,1,,,,,,,0.0,0.0
SAM_edgesam,busi_70e63630b2,busi,0.7358298897743225,1,1,0.84781334598532,0.7358298614475342,81.60819057547337,17.43312317611049,0.3675551096770695,0.2548137805630419,,
SAM_edgesam__detstats,busi_70e63630b2,busi,,1,1,,,,,,,0.0,0.0
SAM_efficientvit-t,busi_70e63630b2,busi,0.0,1,1,0.0,0.0,,,0.0,,,
SAM_efficientvit-t__detstats,busi_70e63630b2,busi,,1,1,,,,,,,1.0,1.0
A_box,busi_d6ece3a2e2,busi,0.9349038600921631,1,1,0.9663569023569023,0.9349038411424402,5.0,2.215588811108106,0.5199242838185935,0.0217935738263974,,
A_box__detstats,busi_d6ece3a2e2,busi,,1,1,,,,,,,0.0,0.0
B_seg,busi_d6ece3a2e2,busi,0.936942458152771,1,1,0.9674448149912657,0.9369424792371578,5.830951894845301,2.2532051965319564,0.5353640523983632,0.013214685351947567,,
B_seg__detstats,busi_d6ece3a2e2,busi,,1,1,,,,,,,0.0,0.0
SAM_edgesam,busi_d6ece3a2e2,busi,0.0,1,1,0.0,0.0,,,0.0,,,
SAM_edgesam__detstats,busi_d6ece3a2e2,busi,,1,1,,,,,,,1.0,1.0
SAM_efficientvit-t,busi_d6ece3a2e2,busi,0.0,1,1,0.0,0.0,,,0.0,,,
SAM_efficientvit-t__detstats,busi_d6ece3a2e2,busi,,1,1,,,,,,,1.0,1.0
A_box,busi_21ebb876bc,busi,0.8189129829406738,1,1,0.9004421814283801,0.81891299049476,10.198039027185569,2.8802968445259207,0.625659050966608,0.1393667414609823,,
A_box__detstats,busi_21ebb876bc,busi,,1,1,,,,,,,0.0,0.0
B_seg,busi_21ebb876bc,busi,0.0,1,1,0.0,0.0,,,0.0,,,
B_seg__detstats,busi_21ebb876bc,busi,,1,1,,,,,,,1.0,1.0
SAM_edgesam,busi_21ebb876bc,busi,0.8602833151817322,1,1,0.9248949579831933,0.8602833414753297,5.398749279252385,2.1819336171945576,0.5980602413495086,0.1012216404886562,,
SAM_edgesam__detstats,busi_21ebb876bc,busi,,1,1,,,,,,,0.0,0.0
SAM_efficientvit-t,busi_21ebb876bc,busi,0.0,1,1,0.0,0.0,,,0.0,,,
SAM_efficientvit-t__detstats,busi_21ebb876bc,busi,,1,1,,,,,,,1.0,1.0
A_box,busi_7a078fba05,busi,0.7486955523490906,1,1,0.8562903541381335,0.7486955777948849,15.524174696260024,6.326166280298342,0.2673848020692518,0.3035492957746479,,
A_box__detstats,busi_7a078fba05,busi,,1,1,,,,,,,0.0,0.0
B_seg,busi_7a078fba05,busi,0.7599760293960571,1,1,0.8636208825962146,0.7599760232916596,11.0,5.817237430078132,0.12810520078399198,0.31583098591549297,,
B_seg__detstats,busi_7a078fba05,busi,,1,1,,,,,,,0.0,0.0
SAM_edgesam,busi_7a078fba05,busi,0.8650546073913574,1,1,0.9276453366792137,0.8650546021840874,10.0,3.069652661149325,0.5892621664050235,0.15526760563380282,,
SAM_edgesam__detstats,busi_7a078fba05,busi,,1,1,,,,,,,0.0,0.0
SAM_efficientvit-t,busi_7a078fba05,busi,0.0,1,1,0.0,0.0,,,0.0,,,
SAM_efficientvit-t__detstats,busi_7a078fba05,busi,,1,1,,,,,,,1.0,1.0
A_box,busi_a262591d26,busi,0.9129926562309265,1,2,0.9545176671964788,0.9129926324406502,7.810249675906654,2.0978515267194506,0.6568939643497675,0.034324089043651286,,
A_box__detstats,busi_a262591d26,busi,,1,2,,,,,,,0.0,1.0
B_seg,busi_a262591d26,busi,0.8944488763809204,1,1,0.9442839951865223,0.8944488772369771,6.4031242374328485,2.5735155973207027,0.5904639739699028,0.06690710110682752,,
B_seg__detstats,busi_a262591d26,busi,,1,1,,,,,,,0.0,0.0
SAM_edgesam,busi_a262591d26,busi,0.8701329827308655,1,2,0.9305573516099832,0.8701330108827086,6.708203932499369,3.1115518774056152,0.31924425794157596,0.07660738714090287,,
SAM_edgesam__detstats,busi_a262591d26,busi,,1,2,,,,,,,0.0,1.0
SAM_efficientvit-t,busi_a262591d26,busi,0.0,1,2,0.0,0.0,,,0.0,,,
SAM_efficientvit-t__detstats,busi_a262591d26,busi,,1,2,,,,,,,1.0,2.0
A_box,busi_b7e3e20601,busi,0.9153059124946594,1,1,0.9557803796748892,0.9153059002830394,13.897835632609945,5.073715211621202,0.29582886350728843,0.016459977452085682,,
A_box__detstats,busi_b7e3e20601,busi,,1,1,,,,,,,0.0,0.0
B_seg,busi_b7e3e20601,busi,0.9583975076675415,1,1,0.978756884343037,0.9583975346687211,6.4031242374328485,2.3420928000264425,0.5611070032745326,0.00608793686583991,,
B_seg__detstats,busi_b7e3e20601,busi,,1,1,,,,,,,0.0,0.0
SAM_edgesam,busi_b7e3e20601,busi,0.870468020439148,1,1,0.9307488796501269,0.8704679957179503,17.46424919657298,7.884685664481153,0.11217641418983701,0.10177308598954597,,
SAM_edgesam__detstats,busi_b7e3e20601,busi,,1,1,,,,,,,0.0,0.0
SAM_efficientvit-t,busi_b7e3e20601,busi,0.0,1,1,0.0,0.0,,,0.0,,,
SAM_efficientvit-t__detstats,busi_b7e3e20601,busi,,1,1,,,,,,,1.0,1.0
A_box,busi_1e01f78c06,busi,0.7490333318710327,1,1,0.8565112117064955,0.7490333271957282,37.84147051431423,8.970617079215035,0.2471504730323438,0.10663743272872235,,
A_box__detstats,busi_1e01f78c06,busi,,1,1,,,,,,,0.0,0.0
B_seg,busi_1e01f78c06,busi,0.7789230942726135,1,1,0.8757243021563699,0.778923091405441,21.0,6.627106499646981,0.3295695213684476,0.11665337851305561,,
B_seg__detstats,busi_1e01f78c06,busi,,1,1,,,,,,,0.0,0.0
SAM_edgesam,busi_1e01f78c06,busi,0.8215394616127014,1,1,0.90202763786646,0.8215394749223676,21.099752959263387,5.782858602679486,0.4183849722835248,0.0708092485549133,,
SAM_edgesam__detstats,busi_1e01f78c06,busi,,1,1,,,,,,,0.0,0.0
SAM_efficientvit-t,busi_1e01f78c06,busi,0.0,1,1,0.0,0.0,,,0.0,,,
SAM_efficientvit-t__detstats,busi_1e01f78c06,busi,,1,1,,,,,,,1.0,1.0
A_box,busi_a0d580339e,busi,0.0,1,0,0.0,0.0,,,0.0,,,
A_box__detstats,busi_a0d580339e,busi,,1,0,,,,,,,1.0,0.0
B_seg,busi_a0d580339e,busi,0.7615253925323486,1,1,0.8646204095305892,0.7615254112266726,24.203304148035457,6.764755015981711,0.20349605234862214,0.0694107452339688,,
B_seg__detstats,busi_a0d580339e,busi,,1,1,,,,,,,0.0,0.0
SAM_edgesam,busi_a0d580339e,busi,0.0,1,0,0.0,0.0,,,0.0,,,
SAM_edgesam__detstats,busi_a0d580339e,busi,,1,0,,,,,,,1.0,0.0
SAM_efficientvit-t,busi_a0d580339e,busi,0.0,1,0,0.0,0.0,,,0.0,,,
SAM_efficientvit-t__detstats,busi_a0d580339e,busi,,1,0,,,,,,,1.0,0.0
A_box,busi_c9ddf3ff26,busi,0.8861767053604126,1,1,0.9396539540893581,0.8861766945925362,14.317821063276353,6.432601246404732,0.2419134798102843,0.03911399671410756,,
A_box__detstats,busi_c9ddf3ff26,busi,,1,1,,,,,,,0.0,0.0
B_seg,busi_c9ddf3ff26,busi,0.8800995349884033,1,1,0.9362265312403817,0.8800995312771251,23.380525678727462,7.2234206807481085,0.28401859004209234,0.07062689285219423,,
B_seg__detstats,busi_c9ddf3ff26,busi,,1,1,,,,,,,0.0,0.0
SAM_edgesam,busi_c9ddf3ff26,busi,0.0,1,1,0.0,0.0,,,0.0,,,
SAM_edgesam__detstats,busi_c9ddf3ff26,busi,,1,1,,,,,,,1.0,1.0
SAM_efficientvit-t,busi_c9ddf3ff26,busi,0.0,1,1,0.0,0.0,,,0.0,,,
SAM_efficientvit-t__detstats,busi_c9ddf3ff26,busi,,1,1,,,,,,,1.0,1.0
A_box,busi_086f5ac9a7,busi,0.5035629868507385,1,1,0.6698262734251174,0.5035630008644658,111.58221767809029,41.16738188380076,0.03706397306397306,0.4050855648768882,,
A_box__detstats,busi_086f5ac9a7,busi,,1,1,,,,,,,0.0,0.0
B_seg,busi_086f5ac9a7,busi,0.7766866683959961,1,2,0.8743091003413669,0.7766866558186639,67.87188299741311,19.118212278550672,0.13264646286238552,0.0651928772351578,,
B_seg__detstats,busi_086f5ac9a7,busi,,1,2,,,,,,,0.0,1.0
SAM_edgesam,busi_086f5ac9a7,busi,0.0,1,1,0.0,0.0,,,0.0,,,
SAM_edgesam__detstats,busi_086f5ac9a7,busi,,1,1,,,,,,,1.0,1.0
SAM_efficientvit-t,busi_086f5ac9a7,busi,0.0,1,1,0.0,0.0,,,0.0,,,
SAM_efficientvit-t__detstats,busi_086f5ac9a7,busi,,1,1,,,,,,,1.0,1.0
A_box,busi_55fa62f005,busi,0.7335202097892761,1,1,0.846278242387839,0.733520224269123,19.161020201586712,7.252970512111148,0.2135451991086135,0.24340556772989205,,
A_box__detstats,busi_55fa62f005,busi,,1,1,,,,,,,0.0,0.0
B_seg,busi_55fa62f005,busi,0.732663631439209,1,1,0.8457078735739667,0.7326636422553467,18.21162697096761,7.194134373170748,0.2021823180685626,0.2641019397776155,,
B_seg__detstats,busi_55fa62f005,busi,,1,1,,,,,,,0.0,0.0
SAM_edgesam,busi_55fa62f005,busi,0.6948288679122925,1,1,0.8199398366996132,0.6948288419519301,22.649492547739396,8.168010232960349,0.2155131747422333,0.3002191380569759,,
SAM_edgesam__detstats,busi_55fa62f005,busi,,1,1,,,,,,,0.0,0.0
SAM_efficientvit-t,busi_55fa62f005,busi,0.0,1,1,0.0,0.0,,,0.0,,,
SAM_efficientvit-t__detstats,busi_55fa62f005,busi,,1,1,,,,,,,1.0,1.0
A_box,busi_f8c677f4cb,busi,0.7294603586196899,1,1,0.8435699226985243,0.7294603791929996,10.816653826391969,4.685828185547955,0.15384615384615383,0.2696984435797665,,
A_box__detstats,busi_f8c677f4cb,busi,,1,1,,,,,,,0.0,0.0
B_seg,busi_f8c677f4cb,busi,0.8108237385749817,1,1,0.8955302829939169,0.810823754789272,8.764151235892408,3.250075956764502,0.41855826764175136,0.1609922178988327,,
B_seg__detstats,busi_f8c677f4cb,busi,,1,1,,,,,,,0.0,0.0
SAM_edgesam,busi_f8c677f4cb,busi,0.5159251093864441,1,1,0.6806736166800321,0.5159251154874788,25.059928172283335,10.147814078828734,0.08483708201488072,0.48370622568093385,,
SAM_edgesam__detstats,busi_f8c677f4cb,busi,,1,1,,,,,,,0.0,0.0
SAM_efficientvit-t,busi_f8c677f4cb,busi,0.0,1,1,0.0,0.0,,,0.0,,,
SAM_efficientvit-t__detstats,busi_f8c677f4cb,busi,,1,1,,,,,,,1.0,1.0
A_box,busi_60618b0cf0,busi,0.0,1,0,0.0,0.0,,,0.0,,,
A_box__detstats,busi_60618b0cf0,busi,,1,0,,,,,,,1.0,0.0
B_seg,busi_60618b0cf0,busi,0.7192129492759705,1,2,0.836676962156857,0.7192129227562591,62.433783874223494,15.234908628967766,0.17890198218099795,0.019646709030490293,,
B_seg__detstats,busi_60618b0cf0,busi,,1,2,,,,,,,0.0,1.0
SAM_edgesam,busi_60618b0cf0,busi,0.0,1,0,0.0,0.0,,,0.0,,,
SAM_edgesam__detstats,busi_60618b0cf0,busi,,1,0,,,,,,,1.0,0.0
SAM_efficientvit-t,busi_60618b0cf0,busi,0.0,1,0,0.0,0.0,,,0.0,,,
SAM_efficientvit-t__detstats,busi_60618b0cf0,busi,,1,0,,,,,,,1.0,0.0
A_box,busi_93193f654b,busi,0.8054655194282532,1,1,0.8922524558493867,0.8054655237656505,38.3275357934736,12.328135276731429,0.15802800573537937,0.10972542804974679,,
A_box__detstats,busi_93193f654b,busi,,1,1,,,,,,,0.0,0.0
B_seg,busi_93193f654b,busi,0.8944287896156311,1,1,0.9442728041668521,0.8944287955200971,19.005259518088085,6.161608350026623,0.31706299541093036,0.06533572191407999,,
B_seg__detstats,busi_93193f654b,busi,,1,1,,,,,,,0.0,0.0
SAM_edgesam,busi_93193f654b,busi,0.7991154789924622,1,1,0.8883426302354165,0.7991154958326246,35.84407500477479,11.260162981356004,0.2615416465392313,0.1780755848003583,,
SAM_edgesam__detstats,busi_93193f654b,busi,,1,1,,,,,,,0.0,0.0
SAM_efficientvit-t,busi_93193f654b,busi,0.0,1,1,0.0,0.0,,,0.0,,,
SAM_efficientvit-t__detstats,busi_93193f654b,busi,,1,1,,,,,,,1.0,1.0
A_box,busi_7dcb196d66,busi,0.8325680494308472,1,1,0.908635336266361,0.8325680374860702,35.70573664772802,16.28989613486202,0.07944585053949647,0.015477332868068277,,
A_box__detstats,busi_7dcb196d66,busi,,1,1,,,,,,,0.0,0.0
B_seg,busi_7dcb196d66,busi,0.8927891254425049,1,1,0.9433582424315364,0.892789098740888,40.0,9.838530554333452,0.17483379050629969,0.006651836343016662,,
B_seg__detstats,busi_7dcb196d66,busi,,1,1,,,,,,,0.0,0.0
SAM_edgesam,busi_7dcb196d66,busi,0.9139902591705322,1,1,0.9550626063324019,0.9139902659433529,30.80563749315668,7.874510564618285,0.294004016050329,0.00449998546046701,,
SAM_edgesam__detstats,busi_7dcb196d66,busi,,1,1,,,,,,,0.0,0.0
SAM_efficientvit-t,busi_7dcb196d66,busi,0.0,1,1,0.0,0.0,,,0.0,,,
SAM_efficientvit-t__detstats,busi_7dcb196d66,busi,,1,1,,,,,,,1.0,1.0
A_box,busi_9289e3083c,busi,0.6752609014511108,1,1,0.8061561011359473,0.6752608962553714,20.23980882101062,8.061761269731992,0.15009547190398254,0.29685874765966297,,
A_box__detstats,busi_9289e3083c,busi,,1,1,,,,,,,0.0,0.0
B_seg,busi_9289e3083c,busi,0.6763052940368652,1,1,0.8068999146653664,0.6763053029528967,16.83949263969194,8.140360787813538,0.06529370465714954,0.29353026835864365,,
B_seg__detstats,busi_9289e3083c,busi,,1,1,,,,,,,0.0,0.0
SAM_edgesam,busi_9289e3083c,busi,0.659359872341156,1,1,0.7947159223754968,0.6593598448108633,18.994733192202055,8.885340095202771,0.12874583795782463,0.22051175369253173,,
SAM_edgesam__detstats,busi_9289e3083c,busi,,1,1,,,,,,,0.0,0.0
SAM_efficientvit-t,busi_9289e3083c,busi,0.0,1,1,0.0,0.0,,,0.0,,,
SAM_efficientvit-t__detstats,busi_9289e3083c,busi,,1,1,,,,,,,1.0,1.0
A_box,busi_6ecd547c0d,busi,0.779627799987793,1,1,0.876169510181618,0.7796278158667973,29.0,10.7314113367956,0.15634837701616225,0.06526681024168461,,
A_box__detstats,busi_6ecd547c0d,busi,,1,1,,,,,,,0.0,0.0
B_seg,busi_6ecd547c0d,busi,0.8457425236701965,1,1,0.9164252424738633,0.8457425167102587,25.0,6.735649058442398,0.29334677419354843,0.10026322086623594,,
B_seg__detstats,busi_6ecd547c0d,busi,,1,1,,,,,,,0.0,0.0
SAM_edgesam,busi_6ecd547c0d,busi,0.696587324142456,1,1,0.8211629437401443,0.6965873183062987,39.20202380159926,16.37418971154251,0.1299920560410197,0.4089794209140943,,
SAM_edgesam__detstats,busi_6ecd547c0d,busi,,1,1,,,,,,,0.0,0.0
SAM_efficientvit-t,busi_6ecd547c0d,busi,0.0,1,1,0.0,0.0,,,0.0,,,
SAM_efficientvit-t__detstats,busi_6ecd547c0d,busi,,1,1,,,,,,,1.0,1.0
A_box,busi_074ac11fc4,busi,0.0,1,2,0.0,0.0,,,0.0,,,
A_box__detstats,busi_074ac11fc4,busi,,1,2,,,,,,,1.0,2.0
B_seg,busi_074ac11fc4,busi,0.0,1,0,0.0,0.0,,,0.0,,,
B_seg__detstats,busi_074ac11fc4,busi,,1,0,,,,,,,1.0,0.0
SAM_edgesam,busi_074ac11fc4,busi,0.0,1,2,0.0,0.0,,,0.0,,,
SAM_edgesam__detstats,busi_074ac11fc4,busi,,1,2,,,,,,,1.0,2.0
SAM_efficientvit-t,busi_074ac11fc4,busi,0.0,1,2,0.0,0.0,,,0.0,,,
SAM_efficientvit-t__detstats,busi_074ac11fc4,busi,,1,2,,,,,,,1.0,2.0
A_box,busi_a3204ccbe7,busi,0.7408096790313721,1,1,0.8511093117408907,0.7408096526838069,54.56189146281496,15.5153232737124,0.13761872271566325,0.001445647952358348,,
A_box__detstats,busi_a3204ccbe7,busi,,1,1,,,,,,,0.0,0.0
B_seg,busi_a3204ccbe7,busi,0.7715036273002625,1,1,0.87101555918141,0.7715035988891618,35.34402308718114,11.604039484258163,0.122179371219643,0.023281405083502352,,
B_seg__detstats,busi_a3204ccbe7,busi,,1,1,,,,,,,0.0,0.0
SAM_edgesam,busi_a3204ccbe7,busi,0.6972644329071045,1,1,0.8216332518337408,0.6972644578713233,63.7532478496566,19.01850639442425,0.1473530602123936,0.20623138997971777,,
SAM_edgesam__detstats,busi_a3204ccbe7,busi,,1,1,,,,,,,0.0,0.0
SAM_efficientvit-t,busi_a3204ccbe7,busi,0.0,1,1,0.0,0.0,,,0.0,,,
SAM_efficientvit-t__detstats,busi_a3204ccbe7,busi,,1,1,,,,,,,1.0,1.0
A_box,busi_e760baac79,busi,0.7991099953651428,1,2,0.888339222614841,0.7991099809281628,20.124228365658293,4.40445539635673,0.41852690087846617,0.050292800551153975,,
A_box__detstats,busi_e760baac79,busi,,1,2,,,,,,,0.0,1.0
B_seg,busi_e760baac79,busi,0.7704252004623413,1,3,0.870327868852459,0.7704251922797852,11.0,4.294057416995174,0.3689482470784641,0.10127454357561144,,
B_seg__detstats,busi_e760baac79,busi,,1,3,,,,,,,0.0,2.0
SAM_edgesam,busi_e760baac79,busi,0.797602117061615,1,2,0.8874067573497147,0.7976021454488089,16.486343241812904,4.222369269152183,0.3721088600822044,0.03737512917671375,,
SAM_edgesam__detstats,busi_e760baac79,busi,,1,2,,,,,,,0.0,1.0
SAM_efficientvit-t,busi_e760baac79,busi,0.0,1,2,0.0,0.0,,,0.0,,,
SAM_efficientvit-t__detstats,busi_e760baac79,busi,,1,2,,,,,,,1.0,2.0
A_box,busi_d7a8d6043b,busi,0.6810557842254639,1,1,0.8102714667461838,0.681055756921416,53.881318457076006,17.827190978007742,0.12698787235265466,0.3781638664630155,,
A_box__detstats,busi_d7a8d6043b,busi,,1,1,,,,,,,0.0,0.0
B_seg,busi_d7a8d6043b,busi,0.815435528755188,1,1,0.8983359955727168,0.8154355520036534,39.99123077517395,8.469580996991425,0.270864728918547,0.1685304385773511,,
B_seg__detstats,busi_d7a8d6043b,busi,,1,1,,,,,,,0.0,0.0
SAM_edgesam,busi_d7a8d6043b,busi,0.5700181126594543,1,1,0.7261293660281073,0.5700181373708698,60.07495318350236,25.200318676885747,0.11120141132628993,0.7151156447741654,,
SAM_edgesam__detstats,busi_d7a8d6043b,busi,,1,1,,,,,,,0.0,0.0
SAM_efficientvit-t,busi_d7a8d6043b,busi,0.0,1,1,0.0,0.0,,,0.0,,,
SAM_efficientvit-t__detstats,busi_d7a8d6043b,busi,,1,1,,,,,,,1.0,1.0
A_box,busi_bd0084d2eb,busi,0.0,1,0,0.0,0.0,,,0.0,,,
A_box__detstats,busi_bd0084d2eb,busi,,1,0,,,,,,,1.0,0.0
B_seg,busi_bd0084d2eb,busi,0.6977204084396362,1,2,0.8219497412466782,0.6977204369162577,22.80350850198276,7.524407023163938,0.20670028458734835,0.24073162729658792,,
B_seg__detstats,busi_bd0084d2eb,busi,,1,2,,,,,,,0.0,1.0
SAM_edgesam,busi_bd0084d2eb,busi,0.0,1,0,0.0,0.0,,,0.0,,,
SAM_edgesam__detstats,busi_bd0084d2eb,busi,,1,0,,,,,,,1.0,0.0
SAM_efficientvit-t,busi_bd0084d2eb,busi,0.0,1,0,0.0,0.0,,,0.0,,,
SAM_efficientvit-t__detstats,busi_bd0084d2eb,busi,,1,0,,,,,,,1.0,0.0
A_box,busi_1b904e1d39,busi,0.6492548584938049,1,1,0.7873311317922546,0.6492548398276972,39.60352640980056,12.49688867802838,0.12941891071067016,0.40522781428261967,,
A_box__detstats,busi_1b904e1d39,busi,,1,1,,,,,,,0.0,0.0
B_seg,busi_1b904e1d39,busi,0.770549476146698,1,1,0.870407181789035,0.7705495004541326,21.213203435596427,7.160468522379659,0.2379851478212134,0.2521481695429273,,
B_seg__detstats,busi_1b904e1d39,busi,,1,1,,,,,,,0.0,0.0
SAM_edgesam,busi_1b904e1d39,busi,0.5363582968711853,1,1,0.6982203325101204,0.5363583023665167,40.311288741492746,20.3875064241053,0.069416706838372,0.8360892483211785,,
SAM_edgesam__detstats,busi_1b904e1d39,busi,,1,1,,,,,,,0.0,0.0
SAM_efficientvit-t,busi_1b904e1d39,busi,0.0,1,1,0.0,0.0,,,0.0,,,
SAM_efficientvit-t__detstats,busi_1b904e1d39,busi,,1,1,,,,,,,1.0,1.0
A_box,busi_0cc200cd76,busi,0.5048094987869263,1,1,0.6709281279354824,0.5048095156007585,74.41102068914255,33.2560833720631,0.09451339360925479,0.8649163111256974,,
A_box__detstats,busi_0cc200cd76,busi,,1,1,,,,,,,0.0,0.0
B_seg,busi_0cc200cd76,busi,0.0,1,1,0.0,0.0,,,0.0,,,
B_seg__detstats,busi_0cc200cd76,busi,,1,1,,,,,,,1.0,1.0
SAM_edgesam,busi_0cc200cd76,busi,0.5034325122833252,1,1,0.6697108411892676,0.5034325332606511,72.20456294027214,32.22273034063782,0.06795917770564669,0.8964883491959305,,
SAM_edgesam__detstats,busi_0cc200cd76,busi,,1,1,,,,,,,0.0,0.0
SAM_efficientvit-t,busi_0cc200cd76,busi,0.0,1,1,0.0,0.0,,,0.0,,,
SAM_efficientvit-t__detstats,busi_0cc200cd76,busi,,1,1,,,,,,,1.0,1.0
A_box,busi_bad20acd54,busi,0.7932026386260986,1,1,0.8846770810197182,0.7932026375182546,17.762038374668908,7.820444246237321,0.18202114387024756,0.06434508455144741,,
A_box__detstats,busi_bad20acd54,busi,,1,1,,,,,,,0.0,0.0
B_seg,busi_bad20acd54,busi,0.8418232798576355,1,1,0.9141195055289486,0.8418233039301714,17.72004514666935,5.774289536629505,0.2975057944442523,0.09491735931976689,,
B_seg__detstats,busi_bad20acd54,busi,,1,1,,,,,,,0.0,0.0
SAM_edgesam,busi_bad20acd54,busi,0.7769274115562439,1,1,0.8744616078475589,0.7769273922102901,25.059928172283335,9.144750322428955,0.19294344272744013,0.11832425718926148,,
SAM_edgesam__detstats,busi_bad20acd54,busi,,1,1,,,,,,,0.0,0.0
SAM_efficientvit-t,busi_bad20acd54,busi,0.0,1,1,0.0,0.0,,,0.0,,,
SAM_efficientvit-t__detstats,busi_bad20acd54,busi,,1,1,,,,,,,1.0,1.0
A_box,busi_1cd1fff51b,busi,0.7105096578598022,1,1,0.8307578497451915,0.7105096660808435,22.47220505424423,7.995975171921939,0.22060672031515247,0.05767441860465116,,
A_box__detstats,busi_1cd1fff51b,busi,,1,1,,,,,,,0.0,0.0
B_seg,busi_1cd1fff51b,busi,0.7430970668792725,1,1,0.8526169674205928,0.7430970680330202,21.899728313394384,7.063366074045517,0.215425129781765,0.07137420718816068,,
B_seg__detstats,busi_1cd1fff51b,busi,,1,1,,,,,,,0.0,0.0
SAM_edgesam,busi_1cd1fff51b,busi,0.6022898554801941,1,1,0.7517863732429803,0.602289830144055,35.78336556509842,13.643531842962917,0.18355614206208046,0.520845665961945,,
SAM_edgesam__detstats,busi_1cd1fff51b,busi,,1,1,,,,,,,0.0,0.0
SAM_efficientvit-t,busi_1cd1fff51b,busi,0.0,1,1,0.0,0.0,,,0.0,,,
SAM_efficientvit-t__detstats,busi_1cd1fff51b,busi,,1,1,,,,,,,1.0,1.0
A_box,busi_daf74cbea5,busi,0.5881413817405701,1,1,0.7406662737893022,0.5881413785509799,123.74245830220687,38.590257779558385,0.08021080068110689,0.6173558003888528,,
A_box__detstats,busi_daf74cbea5,busi,,1,1,,,,,,,0.0,0.0
B_seg,busi_daf74cbea5,busi,0.6829996109008789,1,1,0.8116455937379266,0.6829996080806642,140.19268361372298,27.015343206213497,0.2027477295574248,0.44908619572261826,,
B_seg__detstats,busi_daf74cbea5,busi,,1,1,,,,,,,0.0,0.0
SAM_edgesam,busi_daf74cbea5,busi,0.5476480722427368,1,1,0.7077165412356414,0.5476480693425714,141.41074923781431,49.230000235976796,0.07439715373317365,0.8142320155541154,,
SAM_edgesam__detstats,busi_daf74cbea5,busi,,1,1,,,,,,,0.0,0.0
SAM_efficientvit-t,busi_daf74cbea5,busi,0.0,1,1,0.0,0.0,,,0.0,,,
SAM_efficientvit-t__detstats,busi_daf74cbea5,busi,,1,1,,,,,,,1.0,1.0
A_box,busi_d083e06533,busi,0.7356126308441162,1,1,0.8476691369830265,0.7356126301813203,31.324109033042586,9.91490862654999,0.17225340503198963,0.03605803089346918,,
A_box__detstats,busi_d083e06533,busi,,1,1,,,,,,,0.0,0.0
B_seg,busi_d083e06533,busi,0.7635979652404785,1,1,0.8659546956563383,0.7635979729729729,29.133290532544194,7.962179579796688,0.23339147194755308,0.039250669045495096,,
B_seg__detstats,busi_d083e06533,busi,,1,1,,,,,,,0.0,0.0
SAM_edgesam,busi_d083e06533,busi,0.7867777943611145,1,1,0.8806666224609332,0.7867777733896766,21.93171219946131,7.914406821734012,0.21867436840542812,0.12418423400159632,,
SAM_edgesam__detstats,busi_d083e06533,busi,,1,1,,,,,,,0.0,0.0
SAM_efficientvit-t,busi_d083e06533,busi,0.0,1,1,0.0,0.0,,,0.0,,,
SAM_efficientvit-t__detstats,busi_d083e06533,busi,,1,1,,,,,,,1.0,1.0
A_box,busi_1f6bafb28c,busi,0.0,1,1,0.0,0.0,,,0.0,,,
A_box__detstats,busi_1f6bafb28c,busi,,1,1,,,,,,,1.0,1.0
B_seg,busi_1f6bafb28c,busi,0.7362938523292542,1,2,0.8481212503946953,0.7362938596491229,60.0542253593198,13.545446649619906,0.24752252403249858,0.17822731412683956,,
B_seg__detstats,busi_1f6bafb28c,busi,,1,2,,,,,,,0.0,1.0
SAM_edgesam,busi_1f6bafb28c,busi,0.0,1,1,0.0,0.0,,,0.0,,,
SAM_edgesam__detstats,busi_1f6bafb28c,busi,,1,1,,,,,,,1.0,1.0
SAM_efficientvit-t,busi_1f6bafb28c,busi,0.0,1,1,0.0,0.0,,,0.0,,,
SAM_efficientvit-t__detstats,busi_1f6bafb28c,busi,,1,1,,,,,,,1.0,1.0
A_box,busi_ff6b3c8040,busi,0.6731293201446533,1,1,0.8046351525343564,0.6731293414226677,34.334989772576485,12.39398648405129,0.12571410634691443,0.1869848982897432,,
A_box__detstats,busi_ff6b3c8040,busi,,1,1,,,,,,,0.0,0.0
B_seg,busi_ff6b3c8040,busi,0.8193857669830322,1,1,0.9007278996264726,0.81938575473753,22.785806390562843,6.321685454182026,0.3278774294101125,0.010385403268067268,,
B_seg__detstats,busi_ff6b3c8040,busi,,1,1,,,,,,,0.0,0.0
SAM_edgesam,busi_ff6b3c8040,busi,0.0,1,1,0.0,0.0,,,0.0,,,
SAM_edgesam__detstats,busi_ff6b3c8040,busi,,1,1,,,,,,,1.0,1.0
SAM_efficientvit-t,busi_ff6b3c8040,busi,0.0,1,1,0.0,0.0,,,0.0,,,
SAM_efficientvit-t__detstats,busi_ff6b3c8040,busi,,1,1,,,,,,,1.0,1.0
A_box,busi_e0e8a1f5f7,busi,0.8859184980392456,1,1,0.9395087809834056,0.8859184914841849,15.023307464861029,5.4030086772159605,0.28969071396446205,0.030153221581980093,,
A_box__detstats,busi_e0e8a1f5f7,busi,,1,1,,,,,,,0.0,0.0
B_seg,busi_e0e8a1f5f7,busi,0.9365153908729553,1,1,0.9672170839184543,0.9365153788447111,7.615773105863909,2.756734745496641,0.48659798661267856,0.028319800942902044,,
B_seg__detstats,busi_e0e8a1f5f7,busi,,1,1,,,,,,,0.0,0.0
SAM_edgesam,busi_e0e8a1f5f7,busi,0.8999536037445068,1,1,0.9473427278940345,0.8999536249806771,18.060836059356124,4.320152181993938,0.4604417931685559,0.011982713462545836,,
SAM_edgesam__detstats,busi_e0e8a1f5f7,busi,,1,1,,,,,,,0.0,0.0
SAM_efficientvit-t,busi_e0e8a1f5f7,busi,0.0,1,1,0.0,0.0,,,0.0,,,
SAM_efficientvit-t__detstats,busi_e0e8a1f5f7,busi,,1,1,,,,,,,1.0,1.0
A_box,busi_e77460c93f,busi,0.8122013211250305,1,1,0.8963698740182782,0.8122013461900766,28.21426157373497,10.834003951914264,0.14053614947197401,0.05506244294676326,,
A_box__detstats,busi_e77460c93f,busi,,1,1,,,,,,,0.0,0.0
B_seg,busi_e77460c93f,busi,0.8210042715072632,1,1,0.9017049493188966,0.8210042909323025,36.64694917059598,9.93979928188808,0.22402581528382143,0.005302309320799425,,
B_seg__detstats,busi_e77460c93f,busi,,1,1,,,,,,,0.0,0.0
SAM_edgesam,busi_e77460c93f,busi,0.6941661834716797,1,1,0.8194782666711146,0.6941661839298077,55.89275230158448,19.348203959671466,0.07483782176458124,0.3288985569172801,,
SAM_edgesam__detstats,busi_e77460c93f,busi,,1,1,,,,,,,0.0,0.0
SAM_efficientvit-t,busi_e77460c93f,busi,0.0,1,1,0.0,0.0,,,0.0,,,
SAM_efficientvit-t__detstats,busi_e77460c93f,busi,,1,1,,,,,,,1.0,1.0
A_box,ddti_98ad2517b3,ddti,0.5757662057876587,1,2,0.7307761732851985,0.575766194979734,31.78049716414141,13.452106158302573,0.2210109758829239,0.49268841394825647,,
A_box__detstats,ddti_98ad2517b3,ddti,,1,2,,,,,,,0.0,1.0
B_seg,ddti_98ad2517b3,ddti,0.6850607991218567,1,2,0.8130991931656384,0.6850607805502239,29.0,8.940366001080374,0.3942514031033344,0.3700787401574803,,
B_seg__detstats,ddti_98ad2517b3,ddti,,1,2,,,,,,,0.0,1.0
SAM_edgesam,ddti_98ad2517b3,ddti,0.5046001672744751,1,2,0.6707432151889178,0.5046001817355747,43.829214001622255,18.18282326654942,0.20237367635562503,0.9800899887514061,,
SAM_edgesam__detstats,ddti_98ad2517b3,ddti,,1,2,,,,,,,0.0,1.0
SAM_efficientvit-t,ddti_98ad2517b3,ddti,0.0,1,2,0.0,0.0,,,0.0,,,
SAM_efficientvit-t__detstats,ddti_98ad2517b3,ddti,,1,2,,,,,,,1.0,2.0
A_box,ddti_56e6cc05a6,ddti,0.7589604258537292,1,1,0.862964751327861,0.7589604212671989,11.0,4.745778129558186,0.3906699044266714,0.13593234323432343,,
A_box__detstats,ddti_56e6cc05a6,ddti,,1,1,,,,,,,0.0,0.0
B_seg,ddti_56e6cc05a6,ddti,0.7195020914077759,1,1,0.8368725868725869,0.7195020746887967,14.560219778561036,5.718330178899584,0.36774048882577176,0.13696369636963696,,
B_seg__detstats,ddti_56e6cc05a6,ddti,,1,1,,,,,,,0.0,0.0
SAM_edgesam,ddti_56e6cc05a6,ddti,0.0,1,1,0.0,0.0,,,0.0,,,
SAM_edgesam__detstats,ddti_56e6cc05a6,ddti,,1,1,,,,,,,1.0,1.0
SAM_efficientvit-t,ddti_56e6cc05a6,ddti,0.0,1,1,0.0,0.0,,,0.0,,,
SAM_efficientvit-t__detstats,ddti_56e6cc05a6,ddti,,1,1,,,,,,,1.0,1.0
A_box,ddti_c835c6acf9,ddti,0.647186815738678,1,2,0.785808620482651,0.6471867892811233,36.804544985070656,13.635154464207217,0.06332464327648313,0.4240395809080326,,
A_box__detstats,ddti_c835c6acf9,ddti,,1,2,,,,,,,0.0,1.0
B_seg,ddti_c835c6acf9,ddti,0.7242427468299866,1,1,0.8400705283092798,0.7242427654543407,27.85677655436824,9.780359440994165,0.2905038353034436,0.22831781140861468,,
B_seg__detstats,ddti_c835c6acf9,ddti,,1,1,,,,,,,0.0,0.0
SAM_edgesam,ddti_c835c6acf9,ddti,0.5973253846168518,1,2,0.747906976744186,0.5973254086181278,84.28430021442134,21.085761812018113,0.05939141406731418,0.5811263096623981,,
SAM_edgesam__detstats,ddti_c835c6acf9,ddti,,1,2,,,,,,,0.0,1.0
SAM_efficientvit-t,ddti_c835c6acf9,ddti,0.0,1,2,0.0,0.0,,,0.0,,,
SAM_efficientvit-t__detstats,ddti_c835c6acf9,ddti,,1,2,,,,,,,1.0,2.0
A_box,ddti_d02b6359c9,ddti,0.859717607498169,1,1,0.9245679012345679,0.8597175984387556,8.54400374531753,3.3167807296044716,0.4038595629104769,0.014173815740395375,,
A_box__detstats,ddti_d02b6359c9,ddti,,1,1,,,,,,,0.0,0.0
B_seg,ddti_d02b6359c9,ddti,0.9225569367408752,1,1,0.9597187095182284,0.922556925996205,5.830951894845301,1.6902486125620082,0.7136776886808953,0.015541464627626508,,
B_seg__detstats,ddti_d02b6359c9,ddti,,1,1,,,,,,,0.0,0.0
SAM_edgesam,ddti_d02b6359c9,ddti,0.7646418809890747,1,1,0.8666255536244885,0.7646418678274634,19.52379611847652,6.211390360595074,0.2902284996166644,0.2177048365037921,,
SAM_edgesam__detstats,ddti_d02b6359c9,ddti,,1,1,,,,,,,0.0,0.0
SAM_efficientvit-t,ddti_d02b6359c9,ddti,0.0,1,1,0.0,0.0,,,0.0,,,
SAM_efficientvit-t__detstats,ddti_d02b6359c9,ddti,,1,1,,,,,,,1.0,1.0
A_box,ddti_c066535241,ddti,0.749210774898529,1,1,0.8566272168812689,0.7492107819329772,18.592975921580656,9.19135002641126,0.19398046290592275,0.11272679635815812,,
A_box__detstats,ddti_c066535241,ddti,,1,1,,,,,,,0.0,0.0
B_seg,ddti_c066535241,ddti,0.7556883692741394,1,1,0.8608456891817683,0.7556883918241419,21.93171219946131,8.772835593179028,0.2057922635314833,0.2108469247396345,,
B_seg__detstats,ddti_c066535241,ddti,,1,1,,,,,,,0.0,0.0
SAM_edgesam,ddti_c066535241,ddti,0.7951890230178833,1,1,0.8859111791730475,0.7951890034364261,19.0,6.984258881651103,0.28720109823452417,0.11803235737210978,,
SAM_edgesam__detstats,ddti_c066535241,ddti,,1,1,,,,,,,0.0,0.0
SAM_efficientvit-t,ddti_c066535241,ddti,0.0,1,1,0.0,0.0,,,0.0,,,
SAM_efficientvit-t__detstats,ddti_c066535241,ddti,,1,1,,,,,,,1.0,1.0
A_box,ddti_d9658bd3e1,ddti,0.5993607640266418,1,1,0.7495004114258845,0.5993607821018988,18.027756377319946,7.64530946572805,0.09569377990430623,0.004949328305444261,,
A_box__detstats,ddti_d9658bd3e1,ddti,,1,1,,,,,,,0.0,0.0
B_seg,ddti_d9658bd3e1,ddti,0.5579463243484497,1,1,0.7162587412587412,0.557946343456353,31.0,9.638561229927479,0.16975401069518714,0.6962055149658261,,
B_seg__detstats,ddti_d9658bd3e1,ddti,,1,1,,,,,,,0.0,0.0
SAM_edgesam,ddti_d9658bd3e1,ddti,0.631307065486908,1,1,0.7739892325556845,0.6313070432236956,14.866068747318506,7.5181558463024905,0.17404886756666296,0.23261843035588028,,
SAM_edgesam__detstats,ddti_d9658bd3e1,ddti,,1,1,,,,,,,0.0,0.0
SAM_efficientvit-t,ddti_d9658bd3e1,ddti,0.0,1,1,0.0,0.0,,,0.0,,,
SAM_efficientvit-t__detstats,ddti_d9658bd3e1,ddti,,1,1,,,,,,,1.0,1.0
A_box,ddti_b8dcef923d,ddti,0.8572185635566711,1,2,0.9231208217837926,0.857218563100916,15.0,3.664561966604281,0.5702870905492575,0.020258585193115373,,
A_box__detstats,ddti_b8dcef923d,ddti,,1,2,,,,,,,0.0,1.0
B_seg,ddti_b8dcef923d,ddti,0.5796148180961609,1,1,0.7338685398896136,0.579614805421257,53.0,11.854454051058555,0.21912720519962858,0.35872519146833565,,
B_seg__detstats,ddti_b8dcef923d,ddti,,1,1,,,,,,,0.0,0.0
SAM_edgesam,ddti_b8dcef923d,ddti,0.7001219987869263,1,2,0.8236138157220457,0.7001219724690713,16.278820596099706,9.250408922352591,0.03398776955262311,0.41052458206374043,,
SAM_edgesam__detstats,ddti_b8dcef923d,ddti,,1,2,,,,,,,0.0,1.0
SAM_efficientvit-t,ddti_b8dcef923d,ddti,0.0,1,2,0.0,0.0,,,0.0,,,
SAM_efficientvit-t__detstats,ddti_b8dcef923d,ddti,,1,2,,,,,,,1.0,2.0
A_box,ddti_22ffb08a0b,ddti,0.7325760126113892,1,2,0.8456494772284247,0.7325759901750076,20.711427124416407,6.556278965533785,0.2550123863159068,0.13776992044450057,,
A_box__detstats,ddti_22ffb08a0b,ddti,,1,2,,,,,,,0.0,1.0
B_seg,ddti_22ffb08a0b,ddti,0.7446768283843994,1,2,0.8536558906487307,0.7446768240749503,24.041630560342615,6.710018702567348,0.3167550855018081,0.3280717262280591,,
B_seg__detstats,ddti_22ffb08a0b,ddti,,1,2,,,,,,,0.0,1.0
SAM_edgesam,ddti_22ffb08a0b,ddti,0.6385651230812073,1,2,0.7794198687440509,0.6385650960433427,40.0,10.741470234320511,0.1748115108796841,0.5206465462810961,,
SAM_edgesam__detstats,ddti_22ffb08a0b,ddti,,1,2,,,,,,,0.0,1.0
SAM_efficientvit-t,ddti_22ffb08a0b,ddti,0.0,1,2,0.0,0.0,,,0.0,,,
SAM_efficientvit-t__detstats,ddti_22ffb08a0b,ddti,,1,2,,,,,,,1.0,2.0
A_box,ddti_a517b62f3e,ddti,0.8729636669158936,1,1,0.9321736221460233,0.8729636591478697,15.264337522473747,4.464197086905157,0.4555256782300791,0.06270252754374595,,
A_box__detstats,ddti_a517b62f3e,ddti,,1,1,,,,,,,0.0,0.0
B_seg,ddti_a517b62f3e,ddti,0.8955332636833191,1,1,0.9448879378926288,0.8955332536009568,7.211102550927978,3.474055357016062,0.31030743414387035,0.031270252754374596,,
B_seg__detstats,ddti_a517b62f3e,ddti,,1,1,,,,,,,0.0,0.0
SAM_edgesam,ddti_a517b62f3e,ddti,0.8281909823417664,1,1,0.9060223840824303,0.8281909710945112,15.231546211727817,6.252853947691035,0.22255468946442042,0.12805141499243897,,
SAM_edgesam__detstats,ddti_a517b62f3e,ddti,,1,1,,,,,,,0.0,0.0
SAM_efficientvit-t,ddti_a517b62f3e,ddti,0.0,1,1,0.0,0.0,,,0.0,,,
SAM_efficientvit-t__detstats,ddti_a517b62f3e,ddti,,1,1,,,,,,,1.0,1.0
A_box,ddti_1b0bfd8a9f,ddti,0.748129665851593,1,1,0.8559201141226819,0.7481296758104738,14.662037672720144,5.812124304265165,0.26548672566371684,0.13119124456292972,,
A_box__detstats,ddti_1b0bfd8a9f,ddti,,1,1,,,,,,,0.0,0.0
B_seg,ddti_1b0bfd8a9f,ddti,0.6982734799385071,1,1,0.8223333871228014,0.6982734995889285,20.785789574845438,6.7317486534933835,0.31062335381913964,0.26097937421074785,,
B_seg__detstats,ddti_1b0bfd8a9f,ddti,,1,1,,,,,,,0.0,0.0
SAM_edgesam,ddti_1b0bfd8a9f,ddti,0.691182017326355,1,1,0.8173951630796539,0.6911819887429643,22.169773466176586,7.121494360173449,0.26252461168234525,0.10284832327767644,,
SAM_edgesam__detstats,ddti_1b0bfd8a9f,ddti,,1,1,,,,,,,0.0,0.0
SAM_efficientvit-t,ddti_1b0bfd8a9f,ddti,0.0,1,1,0.0,0.0,,,0.0,,,
SAM_efficientvit-t__detstats,ddti_1b0bfd8a9f,ddti,,1,1,,,,,,,1.0,1.0
A_box,ddti_cfa286754f,ddti,0.8248686790466309,1,1,0.9040307101727447,0.8248686514886164,5.0,1.8056899275263416,0.6737691129849684,0.10430563978168587,,
A_box__detstats,ddti_cfa286754f,ddti,,1,1,,,,,,,0.0,0.0
B_seg,ddti_cfa286754f,ddti,0.88285231590271,1,1,0.9377817853922452,0.8828522920203735,3.0,1.2093132473767798,0.8458244111349036,0.01758641600970285,,
B_seg__detstats,ddti_cfa286754f,ddti,,1,1,,,,,,,0.0,0.0
SAM_edgesam,ddti_cfa286754f,ddti,0.778725802898407,1,1,0.8755996162456028,0.7787258248009101,6.143210727807855,2.264931156153994,0.5585106382978723,0.10369921164342026,,
SAM_edgesam__detstats,ddti_cfa286754f,ddti,,1,1,,,,,,,0.0,0.0
SAM_efficientvit-t,ddti_cfa286754f,ddti,0.0,1,1,0.0,0.0,,,0.0,,,
SAM_efficientvit-t__detstats,ddti_cfa286754f,ddti,,1,1,,,,,,,1.0,1.0
A_box,ddti_9a98bb878f,ddti,0.8238658905029297,1,2,0.9034281388558452,0.8238658777120316,8.602325267042627,3.958053714473449,0.2872517444981213,0.011529258211877311,,
A_box__detstats,ddti_9a98bb878f,ddti,,1,2,,,,,,,0.0,1.0
B_seg,ddti_9a98bb878f,ddti,0.8499549031257629,1,1,0.9188925610879342,0.8499548962614012,10.0,3.22560148456282,0.47676009289600096,0.007504894496410702,,
B_seg__detstats,ddti_9a98bb878f,ddti,,1,1,,,,,,,0.0,0.0
SAM_edgesam,ddti_9a98bb878f,ddti,0.7456424236297607,1,2,0.8542899788975243,0.7456424079065589,14.866068747318506,5.9794394269909485,0.3164366569974704,0.11322601696758755,,
SAM_edgesam__detstats,ddti_9a98bb878f,ddti,,1,2,,,,,,,0.0,1.0
SAM_efficientvit-t,ddti_9a98bb878f,ddti,0.0,1,2,0.0,0.0,,,0.0,,,
SAM_efficientvit-t__detstats,ddti_9a98bb878f,ddti,,1,2,,,,,,,1.0,2.0
A_box,ddti_ade13232ad,ddti,0.8695073127746582,1,1,0.9301994301994302,0.8695073235685752,3.0,1.2148906029328956,0.8433734939759037,0.10141987829614604,,
A_box__detstats,ddti_ade13232ad,ddti,,1,1,,,,,,,0.0,0.0
B_seg,ddti_ade13232ad,ddti,0.859455943107605,1,1,0.9244165795889934,0.8594559585492227,3.0,1.3380859378380379,0.8016686315407636,0.058823529411764705,,
B_seg__detstats,ddti_ade13232ad,ddti,,1,1,,,,,,,0.0,0.0
SAM_edgesam,ddti_ade13232ad,ddti,0.809084951877594,1,1,0.8944687045123726,0.8090849242922976,4.123105625617661,1.7867027976021475,0.707631318136769,0.14198782961460446,,
SAM_edgesam__detstats,ddti_ade13232ad,ddti,,1,1,,,,,,,0.0,0.0
SAM_efficientvit-t,ddti_ade13232ad,ddti,0.0,1,1,0.0,0.0,,,0.0,,,
SAM_efficientvit-t__detstats,ddti_ade13232ad,ddti,,1,1,,,,,,,1.0,1.0
A_box,ddti_7c4903c6a3,ddti,0.5331875681877136,1,1,0.6955281483345919,0.5331875482377154,33.81838972182316,12.19417761233969,0.12353731056972951,0.43767204089657885,,
A_box__detstats,ddti_7c4903c6a3,ddti,,1,1,,,,,,,0.0,0.0
B_seg,ddti_7c4903c6a3,ddti,0.0,1,1,0.0,0.0,,,0.0,,,
B_seg__detstats,ddti_7c4903c6a3,ddti,,1,1,,,,,,,1.0,1.0
SAM_edgesam,ddti_7c4903c6a3,ddti,0.6074317693710327,1,1,0.7557792105676994,0.6074317492416582,33.83784863137726,9.778690056110205,0.2462882096069869,0.33294009699829596,,
SAM_edgesam__detstats,ddti_7c4903c6a3,ddti,,1,1,,,,,,,0.0,0.0
SAM_efficientvit-t,ddti_7c4903c6a3,ddti,0.0,1,1,0.0,0.0,,,0.0,,,
SAM_efficientvit-t__detstats,ddti_7c4903c6a3,ddti,,1,1,,,,,,,1.0,1.0
A_box,ddti_8c5641ea57,ddti,0.7542556524276733,1,1,0.8599153334432899,0.754255678256257,20.518284528683193,9.509349032874532,0.1276811349434217,0.07341122827016244,,
A_box__detstats,ddti_8c5641ea57,ddti,,1,1,,,,,,,0.0,0.0
B_seg,ddti_8c5641ea57,ddti,0.8727788329124451,1,1,0.9320682228301996,0.8727788073694538,15.0,4.157805442037484,0.43393326074425154,0.041721288116272445,,
B_seg__detstats,ddti_8c5641ea57,ddti,,1,1,,,,,,,0.0,0.0
SAM_edgesam,ddti_8c5641ea57,ddti,0.7254638075828552,1,1,0.8408913508749842,0.7254637876352261,24.041630560342615,11.169233139008266,0.11541511620813763,0.2636078654887432,,
SAM_edgesam__detstats,ddti_8c5641ea57,ddti,,1,1,,,,,,,0.0,0.0
SAM_efficientvit-t,ddti_8c5641ea57,ddti,0.0,1,1,0.0,0.0,,,0.0,,,
SAM_efficientvit-t__detstats,ddti_8c5641ea57,ddti,,1,1,,,,,,,1.0,1.0
A_box,ddti_54dd2b4e84,ddti,0.7383296489715576,1,1,0.8494702472179649,0.7383296652380401,13.45362404707371,6.556619365139429,0.1652029249042442,0.2529685681024447,,
A_box__detstats,ddti_54dd2b4e84,ddti,,1,1,,,,,,,0.0,0.0
B_seg,ddti_54dd2b4e84,ddti,0.7747758030891418,1,1,0.8730971043596554,0.7747758105311566,14.0,5.545107541980053,0.35062439961575403,0.2029103608847497,,
B_seg__detstats,ddti_54dd2b4e84,ddti,,1,1,,,,,,,0.0,0.0
SAM_edgesam,ddti_54dd2b4e84,ddti,0.7356155514717102,1,1,0.847671056858336,0.7356155218554862,14.0,6.539899570570215,0.30359212050984935,0.1880093131548312,,
SAM_edgesam__detstats,ddti_54dd2b4e84,ddti,,1,1,,,,,,,0.0,0.0
SAM_efficientvit-t,ddti_54dd2b4e84,ddti,0.0,1,1,0.0,0.0,,,0.0,,,
SAM_efficientvit-t__detstats,ddti_54dd2b4e84,ddti,,1,1,,,,,,,1.0,1.0
A_box,ddti_6410446b09,ddti,0.8695945143699646,1,1,0.9302493349564904,0.8695945376380342,10.295630140987,3.670379339532395,0.38924558587479935,0.0949149630647655,,
A_box__detstats,ddti_6410446b09,ddti,,1,1,,,,,,,0.0,0.0
B_seg,ddti_6410446b09,ddti,0.9326243996620178,1,1,0.9651377762126948,0.9326244151424925,4.47213595499958,1.8541085691616992,0.6452887858347386,0.04861707610376224,,
B_seg__detstats,ddti_6410446b09,ddti,,1,1,,,,,,,0.0,0.0
SAM_edgesam,ddti_6410446b09,ddti,0.8822224140167236,1,1,0.9374263132614297,0.8822224048656201,8.06225774829855,3.340234141484021,0.40852575488454707,0.03289812746950696,,
SAM_edgesam__detstats,ddti_6410446b09,ddti,,1,1,,,,,,,0.0,0.0
SAM_efficientvit-t,ddti_6410446b09,ddti,0.0,1,1,0.0,0.0,,,0.0,,,
SAM_efficientvit-t__detstats,ddti_6410446b09,ddti,,1,1,,,,,,,1.0,1.0
A_box,ddti_3ab69060ab,ddti,0.628824770450592,1,2,0.7721208239940228,0.6288247566063978,17.0,6.865871102625164,0.111088504577823,0.15676795580110497,,
A_box__detstats,ddti_3ab69060ab,ddti,,1,2,,,,,,,0.0,1.0
B_seg,ddti_3ab69060ab,ddti,0.7024579644203186,1,2,0.8252279635258358,0.702457956015524,27.892651361962706,7.305185208457312,0.154314118258031,0.42357274401473294,,
B_seg__detstats,ddti_3ab69060ab,ddti,,1,2,,,,,,,0.0,1.0
SAM_edgesam,ddti_3ab69060ab,ddti,0.6275262832641602,1,2,0.7711412151067324,0.6275263069984968,20.841034483696138,7.162465207381649,0.1820721769499418,0.2430939226519337,,
SAM_edgesam__detstats,ddti_3ab69060ab,ddti,,1,2,,,,,,,0.0,1.0
SAM_efficientvit-t,ddti_3ab69060ab,ddti,0.0,1,2,0.0,0.0,,,0.0,,,
SAM_efficientvit-t__detstats,ddti_3ab69060ab,ddti,,1,2,,,,,,,1.0,2.0
A_box,ddti_57c3f20a3d,ddti,0.8503747582435608,1,1,0.9191378562129322,0.8503747323340471,6.0,2.103514138781639,0.639156011131072,0.03743000294724433,,
A_box__detstats,ddti_57c3f20a3d,ddti,,1,1,,,,,,,0.0,0.0
B_seg,ddti_57c3f20a3d,ddti,0.0,1,0,0.0,0.0,,,0.0,,,
B_seg__detstats,ddti_57c3f20a3d,ddti,,1,0,,,,,,,1.0,0.0
SAM_edgesam,ddti_57c3f20a3d,ddti,0.793350875377655,1,1,0.8847692718058149,0.7933508729968907,9.219544457292887,3.466260072204131,0.4647525076574154,0.20984379605069262,,
SAM_edgesam__detstats,ddti_57c3f20a3d,ddti,,1,1,,,,,,,0.0,0.0
SAM_efficientvit-t,ddti_57c3f20a3d,ddti,0.0,1,1,0.0,0.0,,,0.0,,,
SAM_efficientvit-t__detstats,ddti_57c3f20a3d,ddti,,1,1,,,,,,,1.0,1.0
A_box,ddti_7506b6edef,ddti,0.0,1,2,0.0,0.0,,,0.0,,,
A_box__detstats,ddti_7506b6edef,ddti,,1,2,,,,,,,1.0,2.0
B_seg,ddti_7506b6edef,ddti,0.0,1,1,0.0,0.0,,,0.0,,,
B_seg__detstats,ddti_7506b6edef,ddti,,1,1,,,,,,,1.0,1.0
SAM_edgesam,ddti_7506b6edef,ddti,0.0,1,2,0.0,0.0,,,0.0,,,
SAM_edgesam__detstats,ddti_7506b6edef,ddti,,1,2,,,,,,,1.0,2.0
SAM_efficientvit-t,ddti_7506b6edef,ddti,0.0,1,2,0.0,0.0,,,0.0,,,
SAM_efficientvit-t__detstats,ddti_7506b6edef,ddti,,1,2,,,,,,,1.0,2.0
A_box,ddti_91d165a82a,ddti,0.835401177406311,1,2,0.9103199639477242,0.8354011579818031,3.073024947075769,1.2425047400272564,0.7983084373507946,0.08044982698961937,,
A_box__detstats,ddti_91d165a82a,ddti,,1,2,,,,,,,0.0,1.0
B_seg,ddti_91d165a82a,ddti,0.7921390533447266,1,2,0.8840151834668916,0.7921390778533636,5.0,1.815079959614854,0.6686166053690886,0.05103806228373702,,
B_seg__detstats,ddti_91d165a82a,ddti,,1,2,,,,,,,0.0,1.0
SAM_edgesam,ddti_91d165a82a,ddti,0.7888198494911194,1,2,0.8819444444444444,0.7888198757763976,4.0,1.8378486333401396,0.6487985212569316,0.006920415224913495,,
SAM_edgesam__detstats,ddti_91d165a82a,ddti,,1,2,,,,,,,0.0,1.0
SAM_efficientvit-t,ddti_91d165a82a,ddti,0.0,1,2,0.0,0.0,,,0.0,,,
SAM_efficientvit-t__detstats,ddti_91d165a82a,ddti,,1,2,,,,,,,1.0,2.0
A_box,ddti_33e18d0483,ddti,0.8314220309257507,1,1,0.9079524107701941,0.8314220183486238,7.280109889280518,2.776283271960948,0.5378330963033707,0.011703187250996016,,
A_box__detstats,ddti_33e18d0483,ddti,,1,1,,,,,,,0.0,0.0
B_seg,ddti_33e18d0483,ddti,0.8861218094825745,1,1,0.9396230944664506,0.8861218021281413,6.0,1.7631828795862279,0.778655489279381,0.07445219123505976,,
B_seg__detstats,ddti_33e18d0483,ddti,,1,1,,,,,,,0.0,0.0
SAM_edgesam,ddti_33e18d0483,ddti,0.8469502329826355,1,1,0.9171338045332683,0.8469502588341211,9.579187966465438,2.50414756503483,0.5998582188746123,0.04332669322709164,,
SAM_edgesam__detstats,ddti_33e18d0483,ddti,,1,1,,,,,,,0.0,0.0
SAM_efficientvit-t,ddti_33e18d0483,ddti,0.0,1,1,0.0,0.0,,,0.0,,,
SAM_efficientvit-t__detstats,ddti_33e18d0483,ddti,,1,1,,,,,,,1.0,1.0
A_box,ddti_1f952975a3,ddti,0.7260880470275879,1,1,0.841310562193066,0.726088056680162,13.527445451240744,5.874821357268467,0.17830159272068755,0.056275822766775896,,
A_box__detstats,ddti_1f952975a3,ddti,,1,1,,,,,,,0.0,0.0
B_seg,ddti_1f952975a3,ddti,0.7007802128791809,1,1,0.824069118434131,0.700780234070221,20.0,5.876950593762679,0.34584772488361615,0.13662914945148882,,
B_seg__detstats,ddti_1f952975a3,ddti,,1,1,,,,,,,0.0,0.0
SAM_edgesam,ddti_1f952975a3,ddti,0.7277851700782776,1,1,0.8424486662828632,0.7277851458885941,22.41086615065874,6.214105138434695,0.39175977653631283,0.2272403476278672,,
SAM_edgesam__detstats,ddti_1f952975a3,ddti,,1,1,,,,,,,0.0,0.0
SAM_efficientvit-t,ddti_1f952975a3,ddti,0.0,1,1,0.0,0.0,,,0.0,,,
SAM_efficientvit-t__detstats,ddti_1f952975a3,ddti,,1,1,,,,,,,1.0,1.0
A_box,ddti_8afc9502ef,ddti,0.8238062262535095,1,1,0.9033922907370572,0.8238062555152466,9.93198601080824,4.064674267823267,0.3152140118146958,0.036234263820470715,,
A_box__detstats,ddti_8afc9502ef,ddti,,1,1,,,,,,,0.0,0.0
B_seg,ddti_8afc9502ef,ddti,0.8750240206718445,1,1,0.9333469847445479,0.8750239969283932,10.0,2.8337802886188745,0.5187313977095777,0.13836891078270389,,
B_seg__detstats,ddti_8afc9502ef,ddti,,1,1,,,,,,,0.0,0.0
SAM_edgesam,ddti_8afc9502ef,ddti,0.7705653309822083,1,1,0.8704172840686392,0.7705653351387949,14.078174593052017,6.049083378969826,0.24167959522565857,0.2902025177887247,,
SAM_edgesam__detstats,ddti_8afc9502ef,ddti,,1,1,,,,,,,0.0,0.0
SAM_efficientvit-t,ddti_8afc9502ef,ddti,0.0,1,1,0.0,0.0,,,0.0,,,
SAM_efficientvit-t__detstats,ddti_8afc9502ef,ddti,,1,1,,,,,,,1.0,1.0
A_box,ddti_221272fd42,ddti,0.8587896227836609,1,1,0.924031007751938,0.8587896253602305,5.0990195135927845,2.3699849328723195,0.5083278688524591,0.03629976580796253,,
A_box__detstats,ddti_221272fd42,ddti,,1,1,,,,,,,0.0,0.0
B_seg,ddti_221272fd42,ddti,0.834682285785675,1,1,0.9098930186390206,0.8346823148522865,7.259407687774751,3.1227971650033974,0.4446369526226528,0.1234192037470726,,
B_seg__detstats,ddti_221272fd42,ddti,,1,1,,,,,,,0.0,0.0
SAM_edgesam,ddti_221272fd42,ddti,0.8429427742958069,1,1,0.9147790984525679,0.8429427567679273,7.211102550927978,2.8454117038102327,0.4492088796347507,0.08852459016393442,,
SAM_edgesam__detstats,ddti_221272fd42,ddti,,1,1,,,,,,,0.0,0.0
SAM_efficientvit-t,ddti_221272fd42,ddti,0.0,1,1,0.0,0.0,,,0.0,,,
SAM_efficientvit-t__detstats,ddti_221272fd42,ddti,,1,1,,,,,,,1.0,1.0
A_box,ddti_8de5d92d9d,ddti,0.7580372095108032,1,1,0.8623676612127045,0.7580372250423012,12.173731171623889,6.516162323990035,0.08333072664143389,0.31645901639344265,,
A_box__detstats,ddti_8de5d92d9d,ddti,,1,1,,,,,,,0.0,0.0
B_seg,ddti_8de5d92d9d,ddti,0.8275974988937378,1,1,0.9056671449067432,0.8275975090134382,8.94427190999916,4.367346652811911,0.25026874416736566,0.1938360655737705,,
B_seg__detstats,ddti_8de5d92d9d,ddti,,1,1,,,,,,,0.0,0.0
SAM_edgesam,ddti_8de5d92d9d,ddti,0.7036729454994202,1,1,0.8260657602513407,0.703672942045035,22.444323734432647,9.12831449221109,0.11116937598321971,0.42111475409836063,,
SAM_edgesam__detstats,ddti_8de5d92d9d,ddti,,1,1,,,,,,,0.0,0.0
SAM_efficientvit-t,ddti_8de5d92d9d,ddti,0.0,1,1,0.0,0.0,,,0.0,,,
SAM_efficientvit-t__detstats,ddti_8de5d92d9d,ddti,,1,1,,,,,,,1.0,1.0
A_box,ddti_2fdfab30c9,ddti,0.7372742295265198,1,2,0.8487712665406427,0.7372742200328407,9.063593104095183,4.231874137029492,0.3193548387096774,0.280874653526332,,
A_box__detstats,ddti_2fdfab30c9,ddti,,1,2,,,,,,,0.0,1.0
B_seg,ddti_2fdfab30c9,ddti,0.0,1,0,0.0,0.0,,,0.0,,,
B_seg__detstats,ddti_2fdfab30c9,ddti,,1,0,,,,,,,1.0,0.0
SAM_edgesam,ddti_2fdfab30c9,ddti,0.7150812149047852,1,2,0.8338744588744589,0.7150812064965197,13.630567856806886,4.811741251153813,0.3325188443141262,0.27656298121342776,,
SAM_edgesam__detstats,ddti_2fdfab30c9,ddti,,1,2,,,,,,,0.0,1.0
SAM_efficientvit-t,ddti_2fdfab30c9,ddti,0.0,1,2,0.0,0.0,,,0.0,,,
SAM_efficientvit-t__detstats,ddti_2fdfab30c9,ddti,,1,2,,,,,,,1.0,2.0
A_box,ddti_65ec60d09d,ddti,0.682003378868103,1,1,0.8109417583526799,0.6820033955857385,15.556349186104045,6.6178472029069475,0.208955223880597,0.45953326713008935,,
A_box__detstats,ddti_65ec60d09d,ddti,,1,1,,,,,,,0.0,0.0
B_seg,ddti_65ec60d09d,ddti,0.784520149230957,1,1,0.8792505204718946,0.7845201238390093,13.0,3.787916008830067,0.4488346686088857,0.1464746772591857,,
B_seg__detstats,ddti_65ec60d09d,ddti,,1,1,,,,,,,0.0,0.0
SAM_edgesam,ddti_65ec60d09d,ddti,0.5505740642547607,1,1,0.7101551480959097,0.5505740841990159,22.500272891930994,11.413939931567553,0.03911342894393742,0.8162859980139027,,
SAM_edgesam__detstats,ddti_65ec60d09d,ddti,,1,1,,,,,,,0.0,0.0
SAM_efficientvit-t,ddti_65ec60d09d,ddti,0.0,1,1,0.0,0.0,,,0.0,,,
SAM_efficientvit-t__detstats,ddti_65ec60d09d,ddti,,1,1,,,,,,,1.0,1.0
A_box,ddti_489a74d797,ddti,0.8668593764305115,1,1,0.9286820293287185,0.866859377656861,8.388225099390834,2.4985255861946087,0.61579618667626,0.007863935625457206,,
A_box__detstats,ddti_489a74d797,ddti,,1,1,,,,,,,0.0,0.0
B_seg,ddti_489a74d797,ddti,0.7893776297569275,1,2,0.8822929416564668,0.7893776236539515,11.0,3.989126616323346,0.47388306781443534,0.20702267739575714,,
B_seg__detstats,ddti_489a74d797,ddti,,1,2,,,,,,,0.0,1.0
SAM_edgesam,ddti_489a74d797,ddti,0.7394046187400818,1,1,0.8501812663350476,0.7394046047807596,18.282409770883554,5.497987701151834,0.3267630212994451,0.16916605705925383,,
SAM_edgesam__detstats,ddti_489a74d797,ddti,,1,1,,,,,,,0.0,0.0
SAM_efficientvit-t,ddti_489a74d797,ddti,0.0,1,1,0.0,0.0,,,0.0,,,
SAM_efficientvit-t__detstats,ddti_489a74d797,ddti,,1,1,,,,,,,1.0,1.0
A_box,ddti_b40cf90f18,ddti,0.5279601812362671,1,1,0.6910653430137799,0.5279601539506452,22.481087383355504,8.577086123220592,0.3552459730082717,0.7137112987535182,,
A_box__detstats,ddti_b40cf90f18,ddti,,1,1,,,,,,,0.0,0.0
B_seg,ddti_b40cf90f18,ddti,0.8278375267982483,1,2,0.9058108621344474,0.8278375564040263,7.545179782593586,2.1668775009251133,0.7428169737003604,0.11741053478086047,,
B_seg__detstats,ddti_b40cf90f18,ddti,,1,2,,,,,,,0.0,1.0
SAM_edgesam,ddti_b40cf90f18,ddti,0.0,1,1,0.0,0.0,,,0.0,,,
SAM_edgesam__detstats,ddti_b40cf90f18,ddti,,1,1,,,,,,,1.0,1.0
SAM_efficientvit-t,ddti_b40cf90f18,ddti,0.0,1,1,0.0,0.0,,,0.0,,,
SAM_efficientvit-t__detstats,ddti_b40cf90f18,ddti,,1,1,,,,,,,1.0,1.0
A_box,ddti_7c62604dba,ddti,0.8078617453575134,1,1,0.8937207023491088,0.8078617255577899,15.0,7.368407406618228,0.14512025509684862,0.03728283155282184,,
A_box__detstats,ddti_7c62604dba,ddti,,1,1,,,,,,,0.0,0.0
B_seg,ddti_7c62604dba,ddti,0.8632283806800842,1,1,0.926594276488816,0.8632283731987773,14.0,5.187630606986467,0.2865411681914145,0.0720297831013273,,
B_seg__detstats,ddti_7c62604dba,ddti,,1,1,,,,,,,0.0,0.0
SAM_edgesam,ddti_7c62604dba,ddti,0.7741686105728149,1,1,0.8727114210985178,0.774168600154679,62.64982043070834,12.956939808993816,0.2941785904292554,0.22790547102622208,,
SAM_edgesam__detstats,ddti_7c62604dba,ddti,,1,1,,,,,,,0.0,0.0
SAM_efficientvit-t,ddti_7c62604dba,ddti,0.0,1,1,0.0,0.0,,,0.0,,,
SAM_efficientvit-t__detstats,ddti_7c62604dba,ddti,,1,1,,,,,,,1.0,1.0
A_box,ddti_4b8d19d7a1,ddti,0.8389039039611816,1,1,0.9123955862637929,0.8389039017683592,18.67349504681628,6.549542058285006,0.18473825852938625,0.08235357277070919,,
A_box__detstats,ddti_4b8d19d7a1,ddti,,1,1,,,,,,,0.0,0.0
B_seg,ddti_4b8d19d7a1,ddti,0.9180442094802856,1,1,0.9572711697211983,0.9180442142999402,11.0,3.059400533359214,0.5696794901614178,0.06807322703602298,,
B_seg__detstats,ddti_4b8d19d7a1,ddti,,1,1,,,,,,,0.0,0.0
SAM_edgesam,ddti_4b8d19d7a1,ddti,0.7855387926101685,1,1,0.8798899247977605,0.7855388004066418,30.846367012229862,9.339219236959945,0.39940432249673236,0.2630053148655178,,
SAM_edgesam__detstats,ddti_4b8d19d7a1,ddti,,1,1,,,,,,,0.0,0.0
SAM_efficientvit-t,ddti_4b8d19d7a1,ddti,0.0,1,1,0.0,0.0,,,0.0,,,
SAM_efficientvit-t__detstats,ddti_4b8d19d7a1,ddti,,1,1,,,,,,,1.0,1.0
A_box,ddti_6ee55d72ab,ddti,0.0,1,1,0.0,0.0,,,0.0,,,
A_box__detstats,ddti_6ee55d72ab,ddti,,1,1,,,,,,,1.0,1.0
B_seg,ddti_6ee55d72ab,ddti,0.6015936136245728,1,1,0.7512437810945274,0.601593625498008,15.365193387422845,5.524338408418744,0.4003491416933372,0.15511702615878845,,
B_seg__detstats,ddti_6ee55d72ab,ddti,,1,1,,,,,,,0.0,0.0
SAM_edgesam,ddti_6ee55d72ab,ddti,0.0,1,1,0.0,0.0,,,0.0,,,
SAM_edgesam__detstats,ddti_6ee55d72ab,ddti,,1,1,,,,,,,1.0,1.0
SAM_efficientvit-t,ddti_6ee55d72ab,ddti,0.0,1,1,0.0,0.0,,,0.0,,,
SAM_efficientvit-t__detstats,ddti_6ee55d72ab,ddti,,1,1,,,,,,,1.0,1.0
A_box,ddti_8dad71b90d,ddti,0.5888143181800842,1,1,0.7411996620670234,0.5888143176733781,18.98946638440411,7.7454973077968265,0.1683642658722171,0.44222833562585967,,
A_box__detstats,ddti_8dad71b90d,ddti,,1,1,,,,,,,0.0,0.0
B_seg,ddti_8dad71b90d,ddti,0.5803461074829102,1,1,0.7344544387954635,0.5803461063040791,22.0,8.238464281221525,0.1843821739605728,0.6378954607977991,,
B_seg__detstats,ddti_8dad71b90d,ddti,,1,1,,,,,,,0.0,0.0
SAM_edgesam,ddti_8dad71b90d,ddti,0.5548559427261353,1,1,0.7137072033378329,0.5548559435222286,24.547879907556588,9.143727816609589,0.0,0.8022696011004127,,
SAM_edgesam__detstats,ddti_8dad71b90d,ddti,,1,1,,,,,,,0.0,0.0
SAM_efficientvit-t,ddti_8dad71b90d,ddti,0.0,1,1,0.0,0.0,,,0.0,,,
SAM_efficientvit-t__detstats,ddti_8dad71b90d,ddti,,1,1,,,,,,,1.0,1.0
A_box,ddti_a8736f35aa,ddti,0.7209964394569397,1,1,0.8378825475599669,0.7209964412811388,8.0,2.635280382390448,0.6086956521739131,0.06869009584664537,,
A_box__detstats,ddti_a8736f35aa,ddti,,1,1,,,,,,,0.0,0.0
B_seg,ddti_a8736f35aa,ddti,0.7452554702758789,1,2,0.8540359682141363,0.7452554744525547,5.0,2.309319777028452,0.5239529154119901,0.0902555910543131,,
B_seg__detstats,ddti_a8736f35aa,ddti,,1,2,,,,,,,0.0,1.0
SAM_edgesam,ddti_a8736f35aa,ddti,0.734034538269043,1,1,0.8466204506065858,0.7340345604808415,7.0,2.3273291689344022,0.5747883349012229,0.15654952076677317,,
SAM_edgesam__detstats,ddti_a8736f35aa,ddti,,1,1,,,,,,,0.0,0.0
SAM_efficientvit-t,ddti_a8736f35aa,ddti,0.0,1,1,0.0,0.0,,,0.0,,,
SAM_efficientvit-t__detstats,ddti_a8736f35aa,ddti,,1,1,,,,,,,1.0,1.0
A_box,ddti_feb395b080,ddti,0.0,1,2,0.0,0.0,,,0.0,,,
A_box__detstats,ddti_feb395b080,ddti,,1,2,,,,,,,1.0,2.0
B_seg,ddti_feb395b080,ddti,0.0,1,2,0.0,0.0,,,0.0,,,
B_seg__detstats,ddti_feb395b080,ddti,,1,2,,,,,,,1.0,2.0
SAM_edgesam,ddti_feb395b080,ddti,0.0,1,2,0.0,0.0,,,0.0,,,
SAM_edgesam__detstats,ddti_feb395b080,ddti,,1,2,,,,,,,1.0,2.0
SAM_efficientvit-t,ddti_feb395b080,ddti,0.0,1,2,0.0,0.0,,,0.0,,,
SAM_efficientvit-t__detstats,ddti_feb395b080,ddti,,1,2,,,,,,,1.0,2.0
A_box,ddti_5dfcfa97df,ddti,0.7496063113212585,1,1,0.8568856885688569,0.7496062992125985,22.02271554554524,9.076108119829417,0.22888169572935158,0.22404991491775383,,
A_box__detstats,ddti_5dfcfa97df,ddti,,1,1,,,,,,,0.0,0.0
B_seg,ddti_5dfcfa97df,ddti,0.9226394295692444,1,1,0.9597633445901725,0.9226394201731427,9.294597293460168,2.7056490530946293,0.5690788618942446,0.030268653637910585,,
B_seg__detstats,ddti_5dfcfa97df,ddti,,1,1,,,,,,,0.0,0.0
SAM_edgesam,ddti_5dfcfa97df,ddti,0.7569247484207153,1,1,0.8616473281648369,0.7569247646037115,27.0,9.641056452625062,0.33160791114965144,0.017944619192492135,,
SAM_edgesam__detstats,ddti_5dfcfa97df,ddti,,1,1,,,,,,,0.0,0.0
SAM_efficientvit-t,ddti_5dfcfa97df,ddti,0.0,1,1,0.0,0.0,,,0.0,,,
SAM_efficientvit-t__detstats,ddti_5dfcfa97df,ddti,,1,1,,,,,,,1.0,1.0
A_box,ddti_29ec7eabab,ddti,0.0,1,0,0.0,0.0,,,0.0,,,
A_box__detstats,ddti_29ec7eabab,ddti,,1,0,,,,,,,1.0,0.0
B_seg,ddti_29ec7eabab,ddti,0.0,1,2,0.0,0.0,,,0.0,,,
B_seg__detstats,ddti_29ec7eabab,ddti,,1,2,,,,,,,1.0,2.0
SAM_edgesam,ddti_29ec7eabab,ddti,0.0,1,0,0.0,0.0,,,0.0,,,
SAM_edgesam__detstats,ddti_29ec7eabab,ddti,,1,0,,,,,,,1.0,0.0
SAM_efficientvit-t,ddti_29ec7eabab,ddti,0.0,1,0,0.0,0.0,,,0.0,,,
SAM_efficientvit-t__detstats,ddti_29ec7eabab,ddti,,1,0,,,,,,,1.0,0.0
A_box,ddti_ad3b19cbcd,ddti,0.8456973433494568,1,1,0.9163987138263665,0.8456973293768546,10.63014581273465,4.076878647929426,0.30252016466414544,0.16951517265434252,,
A_box__detstats,ddti_ad3b19cbcd,ddti,,1,1,,,,,,,0.0,0.0
B_seg,ddti_ad3b19cbcd,ddti,0.8996495604515076,1,1,0.9471742411537817,0.8996495699267283,5.0,2.4117816958490503,0.49622835687547356,0.07987443320544123,,
B_seg__detstats,ddti_ad3b19cbcd,ddti,,1,1,,,,,,,0.0,0.0
SAM_edgesam,ddti_ad3b19cbcd,ddti,0.763052225112915,1,1,0.8656036446469249,0.7630522088353414,15.811388300841896,6.772824262564404,0.17683617124506154,0.29682595047087545,,
SAM_edgesam__detstats,ddti_ad3b19cbcd,ddti,,1,1,,,,,,,0.0,0.0
SAM_efficientvit-t,ddti_ad3b19cbcd,ddti,0.0,1,1,0.0,0.0,,,0.0,,,
SAM_efficientvit-t__detstats,ddti_ad3b19cbcd,ddti,,1,1,,,,,,,1.0,1.0
A_box,ddti_e9be59c1a3,ddti,0.7870451211929321,1,1,0.8808340799869675,0.7870451237263464,18.883817818647753,6.236741025881207,0.23906083244397008,0.16315743106334243,,
A_box__detstats,ddti_e9be59c1a3,ddti,,1,1,,,,,,,0.0,0.0
B_seg,ddti_e9be59c1a3,ddti,0.8878154158592224,1,1,0.9405743771940955,0.8878153944426701,9.0,2.879864207521482,0.5072601714608306,0.08290018500572637,,
B_seg__detstats,ddti_e9be59c1a3,ddti,,1,1,,,,,,,0.0,0.0
SAM_edgesam,ddti_e9be59c1a3,ddti,0.656370222568512,1,1,0.7925404644616467,0.6563702063177527,39.6326851417644,11.438933792179135,0.1481248347664069,0.5037441635098229,,
SAM_edgesam__detstats,ddti_e9be59c1a3,ddti,,1,1,,,,,,,0.0,0.0
SAM_efficientvit-t,ddti_e9be59c1a3,ddti,0.0,1,1,0.0,0.0,,,0.0,,,
SAM_efficientvit-t__detstats,ddti_e9be59c1a3,ddti,,1,1,,,,,,,1.0,1.0
A_box,ddti_3db3d34949,ddti,0.8377193212509155,1,1,0.9116945107398569,0.8377192982456141,7.615773105863909,2.5247833473889236,0.6006431873506488,0.036896046852122985,,
A_box__detstats,ddti_3db3d34949,ddti,,1,1,,,,,,,0.0,0.0
B_seg,ddti_3db3d34949,ddti,0.8808615207672119,1,1,0.9366574865922598,0.8808615049073064,5.453087167723973,1.7589778599288386,0.7212185363928308,0.02020497803806735,,
B_seg__detstats,ddti_3db3d34949,ddti,,1,1,,,,,,,0.0,0.0
SAM_edgesam,ddti_3db3d34949,ddti,0.8050758838653564,1,1,0.8920133352659806,0.8050758765044479,8.0,2.9294280695748887,0.4812608293180793,0.02020497803806735,,
SAM_edgesam__detstats,ddti_3db3d34949,ddti,,1,1,,,,,,,0.0,0.0
SAM_efficientvit-t,ddti_3db3d34949,ddti,0.0,1,1,0.0,0.0,,,0.0,,,
SAM_efficientvit-t__detstats,ddti_3db3d34949,ddti,,1,1,,,,,,,1.0,1.0
A_box,ddti_fd470c1032,ddti,0.8602355122566223,1,1,0.9248673029479927,0.8602354904505841,12.806248474865697,5.149996400959498,0.2956703167446159,0.04153245485602733,,
A_box__detstats,ddti_fd470c1032,ddti,,1,1,,,,,,,0.0,0.0
B_seg,ddti_fd470c1032,ddti,0.823347806930542,1,1,0.9031165764441177,0.8233478207888216,18.384776310850235,7.2047251466019855,0.3307314593227274,0.19077598828696926,,
B_seg__detstats,ddti_fd470c1032,ddti,,1,1,,,,,,,0.0,0.0
SAM_edgesam,ddti_fd470c1032,ddti,0.7833313941955566,1,1,0.8785034402409267,0.7833313732408169,24.413111231467404,9.002045878701768,0.23061153901313516,0.2201561737432894,,
SAM_edgesam__detstats,ddti_fd470c1032,ddti,,1,1,,,,,,,0.0,0.0
SAM_efficientvit-t,ddti_fd470c1032,ddti,0.0,1,1,0.0,0.0,,,0.0,,,
SAM_efficientvit-t__detstats,ddti_fd470c1032,ddti,,1,1,,,,,,,1.0,1.0
A_box,ddti_640c4f6df2,ddti,0.7721965312957764,1,1,0.8714569768801903,0.7721965038347267,21.23203871154557,7.1297709786746655,0.21445714026958088,0.11112747625009205,,
A_box__detstats,ddti_640c4f6df2,ddti,,1,1,,,,,,,0.0,0.0
B_seg,ddti_640c4f6df2,ddti,0.8585157990455627,1,1,0.9238724727838258,0.8585157887130573,19.234905936870973,4.311706119795861,0.4646357441388952,0.10589881434568083,,
B_seg__detstats,ddti_640c4f6df2,ddti,,1,1,,,,,,,0.0,0.0
SAM_edgesam,ddti_640c4f6df2,ddti,0.7941120266914368,1,1,0.8852424080980288,0.7941120244695087,25.435366610763182,6.520073412874096,0.4104515902758383,0.07342219603799985,,
SAM_edgesam__detstats,ddti_640c4f6df2,ddti,,1,1,,,,,,,0.0,0.0
SAM_efficientvit-t,ddti_640c4f6df2,ddti,0.0,1,1,0.0,0.0,,,0.0,,,
SAM_efficientvit-t__detstats,ddti_640c4f6df2,ddti,,1,1,,,,,,,1.0,1.0
A_box,ddti_c9d3b7aed1,ddti,0.8175753355026245,1,1,0.8996329433356275,0.8175753153340978,17.08800749063506,6.491007849539638,0.23826581872314012,0.17596405840509172,,
A_box__detstats,ddti_c9d3b7aed1,ddti,,1,1,,,,,,,0.0,0.0
B_seg,ddti_c9d3b7aed1,ddti,0.9029585719108582,1,2,0.9490049751243781,0.9029585798816568,10.770329614269007,3.005653561598385,0.4971925707737455,0.0067390490453013855,,
B_seg__detstats,ddti_c9d3b7aed1,ddti,,1,2,,,,,,,0.0,1.0
SAM_edgesam,ddti_c9d3b7aed1,ddti,0.7781544327735901,1,1,0.8752382849176317,0.7781544065567135,25.625165552553167,7.356903592869021,0.22981501632208923,0.19312367402970174,,
SAM_edgesam__detstats,ddti_c9d3b7aed1,ddti,,1,1,,,,,,,0.0,0.0
SAM_efficientvit-t,ddti_c9d3b7aed1,ddti,0.0,1,1,0.0,0.0,,,0.0,,,
SAM_efficientvit-t__detstats,ddti_c9d3b7aed1,ddti,,1,1,,,,,,,1.0,1.0
A_box,ddti_7ddf6c0f99,ddti,0.7860293984413147,1,1,0.8801976121860848,0.7860294117647059,14.0,5.646854403199582,0.23111962437805134,0.13981877674301535,,
A_box__detstats,ddti_7ddf6c0f99,ddti,,1,1,,,,,,,0.0,0.0
B_seg,ddti_7ddf6c0f99,ddti,0.8098989129066467,1,2,0.8949658980188373,0.8098988948977193,12.0,4.526548274916344,0.33957553058676654,0.06254719355650643,,
B_seg__detstats,ddti_7ddf6c0f99,ddti,,1,2,,,,,,,0.0,1.0
SAM_edgesam,ddti_7ddf6c0f99,ddti,0.7218530774116516,1,1,0.8384607139028835,0.7218530823181986,18.879812809634675,7.990961228021348,0.2540277257399775,0.3480996727913416,,
SAM_edgesam__detstats,ddti_7ddf6c0f99,ddti,,1,1,,,,,,,0.0,0.0
SAM_efficientvit-t,ddti_7ddf6c0f99,ddti,0.0,1,1,0.0,0.0,,,0.0,,,
SAM_efficientvit-t__detstats,ddti_7ddf6c0f99,ddti,,1,1,,,,,,,1.0,1.0
A_box,ddti_7fdea6c059,ddti,0.5490769743919373,1,1,0.7089085699400886,0.5490769696358317,30.364452901377952,11.645076503394673,0.07586206896551724,0.7406746385864715,,
A_box__detstats,ddti_7fdea6c059,ddti,,1,1,,,,,,,0.0,0.0
B_seg,ddti_7fdea6c059,ddti,0.5987600684165955,1,1,0.7490305462956663,0.5987600609092887,34.39544083134956,9.892977363148976,0.21729490022172948,0.6234160271283241,,
B_seg__detstats,ddti_7fdea6c059,ddti,,1,1,,,,,,,0.0,0.0
SAM_edgesam,ddti_7fdea6c059,ddti,0.0,1,1,0.0,0.0,,,0.0,,,
SAM_edgesam__detstats,ddti_7fdea6c059,ddti,,1,1,,,,,,,1.0,1.0
SAM_efficientvit-t,ddti_7fdea6c059,ddti,0.0,1,1,0.0,0.0,,,0.0,,,
SAM_efficientvit-t__detstats,ddti_7fdea6c059,ddti,,1,1,,,,,,,1.0,1.0
A_box,ddti_a24384ffc8,ddti,0.8327836990356445,1,1,0.9087637454181939,0.8327836814461952,11.0,3.9779021339625866,0.3870280869185579,0.014160931709899417,,
A_box__detstats,ddti_a24384ffc8,ddti,,1,1,,,,,,,0.0,0.0
B_seg,ddti_a24384ffc8,ddti,0.8210784196853638,1,1,0.901749663526245,0.821078431372549,12.041594578792296,4.425613325417582,0.2861163227016886,0.1633139227104288,,
B_seg__detstats,ddti_a24384ffc8,ddti,,1,1,,,,,,,0.0,0.0
SAM_edgesam,ddti_a24384ffc8,ddti,0.6923852562904358,1,1,0.8182359629649684,0.6923852286264088,22.311044008402398,8.783738366144663,0.08953520113159788,0.44428268925357334,,
SAM_edgesam__detstats,ddti_a24384ffc8,ddti,,1,1,,,,,,,0.0,0.0
SAM_efficientvit-t,ddti_a24384ffc8,ddti,0.0,1,1,0.0,0.0,,,0.0,,,
SAM_efficientvit-t__detstats,ddti_a24384ffc8,ddti,,1,1,,,,,,,1.0,1.0
A_box,ddti_2678dc79df,ddti,0.8762102127075195,1,1,0.9340213785477331,0.876210235131397,6.324555320336759,2.2894910184680564,0.6136940653760711,0.09010911650827173,,
A_box__detstats,ddti_2678dc79df,ddti,,1,1,,,,,,,0.0,0.0
B_seg,ddti_2678dc79df,ddti,0.8903546333312988,1,1,0.9419974623889795,0.8903546342299127,7.0,2.025742421351507,0.6651072966521525,0.05807814149947202,,
B_seg__detstats,ddti_2678dc79df,ddti,,1,1,,,,,,,0.0,0.0
SAM_edgesam,ddti_2678dc79df,ddti,0.8210326433181763,1,1,0.9017220664797757,0.8210326721120187,13.0,3.9442563402614743,0.5362907653453387,0.19728968673002464,,
SAM_edgesam__detstats,ddti_2678dc79df,ddti,,1,1,,,,,,,0.0,0.0
SAM_efficientvit-t,ddti_2678dc79df,ddti,0.0,1,1,0.0,0.0,,,0.0,,,
SAM_efficientvit-t__detstats,ddti_2678dc79df,ddti,,1,1,,,,,,,1.0,1.0
A_box,ddti_3cb770272f,ddti,0.7936784625053406,1,1,0.8849729429721105,0.7936784469885515,6.324555320336759,3.33798596341396,0.333447789096181,0.11433804290947149,,
A_box__detstats,ddti_3cb770272f,ddti,,1,1,,,,,,,0.0,0.0
B_seg,ddti_3cb770272f,ddti,0.8787503242492676,1,1,0.9354625841362016,0.8787503099429705,4.158966144068143,1.8413469752758957,0.6260252929753543,0.017530088958660386,,
B_seg__detstats,ddti_3cb770272f,ddti,,1,1,,,,,,,0.0,0.0
SAM_edgesam,ddti_3cb770272f,ddti,0.8046085238456726,1,1,0.8917263843648209,0.8046085116388432,8.0,3.2974937366446357,0.4509616093139784,0.008110936682365254,,
SAM_edgesam__detstats,ddti_3cb770272f,ddti,,1,1,,,,,,,0.0,0.0
SAM_efficientvit-t,ddti_3cb770272f,ddti,0.0,1,1,0.0,0.0,,,0.0,,,
SAM_efficientvit-t__detstats,ddti_3cb770272f,ddti,,1,1,,,,,,,1.0,1.0
A_box,ddti_97dac9ec47,ddti,0.0,1,1,0.0,0.0,,,0.0,,,
A_box__detstats,ddti_97dac9ec47,ddti,,1,1,,,,,,,1.0,1.0
B_seg,ddti_97dac9ec47,ddti,0.0,1,1,0.0,0.0,,,0.0,,,
B_seg__detstats,ddti_97dac9ec47,ddti,,1,1,,,,,,,1.0,1.0
SAM_edgesam,ddti_97dac9ec47,ddti,0.0,1,1,0.0,0.0,,,0.0,,,
SAM_edgesam__detstats,ddti_97dac9ec47,ddti,,1,1,,,,,,,1.0,1.0
SAM_efficientvit-t,ddti_97dac9ec47,ddti,0.0,1,1,0.0,0.0,,,0.0,,,
SAM_efficientvit-t__detstats,ddti_97dac9ec47,ddti,,1,1,,,,,,,1.0,1.0
A_box,ddti_12d95b37a4,ddti,0.7744874954223633,1,1,0.8729139922978177,0.7744874715261959,5.957737973711325,1.9870347839681304,0.6350618162412168,0.007731958762886598,,
A_box__detstats,ddti_12d95b37a4,ddti,,1,1,,,,,,,0.0,0.0
B_seg,ddti_12d95b37a4,ddti,0.7562326788902283,1,1,0.861198738170347,0.7562326869806094,5.0,2.3207088750906815,0.5377643504531723,0.17869415807560138,,
B_seg__detstats,ddti_12d95b37a4,ddti,,1,1,,,,,,,0.0,0.0
SAM_edgesam,ddti_12d95b37a4,ddti,0.6658146977424622,1,1,0.7993862677406981,0.665814696485623,10.0448880590088,3.5054079421898727,0.3994721382657188,0.23969072164948454,,
SAM_edgesam__detstats,ddti_12d95b37a4,ddti,,1,1,,,,,,,0.0,0.0
SAM_efficientvit-t,ddti_12d95b37a4,ddti,0.0,1,1,0.0,0.0,,,0.0,,,
SAM_efficientvit-t__detstats,ddti_12d95b37a4,ddti,,1,1,,,,,,,1.0,1.0
A_box,ddti_b1ee2d97ca,ddti,0.7667081952095032,1,1,0.8679511278195489,0.7667081776670818,6.4031242374328485,2.811662292686334,0.47567300568041493,0.17417417417417416,,
A_box__detstats,ddti_b1ee2d97ca,ddti,,1,1,,,,,,,0.0,0.0
B_seg,ddti_b1ee2d97ca,ddti,0.8154142498970032,1,1,0.8983230736573976,0.8154142581888246,6.0,2.3208970673457543,0.5905904270096253,0.021021021021021023,,
B_seg__detstats,ddti_b1ee2d97ca,ddti,,1,1,,,,,,,0.0,0.0
SAM_edgesam,ddti_b1ee2d97ca,ddti,0.8222914934158325,1,1,0.9024807527801539,0.8222915042868277,6.0,2.1573487253962087,0.6062015960422863,0.006006006006006006,,
SAM_edgesam__detstats,ddti_b1ee2d97ca,ddti,,1,1,,,,,,,0.0,0.0
SAM_efficientvit-t,ddti_b1ee2d97ca,ddti,0.0,1,1,0.0,0.0,,,0.0,,,
SAM_efficientvit-t__detstats,ddti_b1ee2d97ca,ddti,,1,1,,,,,,,1.0,1.0
A_box,ddti_be9223a0e9,ddti,0.7053611278533936,1,2,0.8272278513899715,0.7053610988037218,7.0710678118654755,3.5790524980958582,0.3274403246887253,0.37739345274861025,,
A_box__detstats,ddti_be9223a0e9,ddti,,1,2,,,,,,,0.0,1.0
B_seg,ddti_be9223a0e9,ddti,0.5905916690826416,1,1,0.7426062846580407,0.5905916942300625,17.0,5.726891456925596,0.27784318342359315,0.6732550957381099,,
B_seg__detstats,ddti_be9223a0e9,ddti,,1,1,,,,,,,0.0,0.0
SAM_edgesam,ddti_be9223a0e9,ddti,0.0,1,2,0.0,0.0,,,0.0,,,
SAM_edgesam__detstats,ddti_be9223a0e9,ddti,,1,2,,,,,,,1.0,2.0
SAM_efficientvit-t,ddti_be9223a0e9,ddti,0.0,1,2,0.0,0.0,,,0.0,,,
SAM_efficientvit-t__detstats,ddti_be9223a0e9,ddti,,1,2,,,,,,,1.0,2.0
A_box,ddti_2a1acce5a7,ddti,0.7208829522132874,1,2,0.8378059071729957,0.7208829509148998,12.0,6.212232787531353,0.14325842696629212,0.16557017543859648,,
A_box__detstats,ddti_2a1acce5a7,ddti,,1,2,,,,,,,0.0,1.0
B_seg,ddti_2a1acce5a7,ddti,0.8508653044700623,1,1,0.9194243285360711,0.8508652867322701,5.0990195135927845,2.795410939093073,0.4322766570605187,0.006396198830409356,,
B_seg__detstats,ddti_2a1acce5a7,ddti,,1,1,,,,,,,0.0,0.0
SAM_edgesam,ddti_2a1acce5a7,ddti,0.7702639102935791,1,2,0.8702249669166299,0.7702639387786975,12.751419985410203,4.586458703934612,0.26028691693153505,0.0714546783625731,,
SAM_edgesam__detstats,ddti_2a1acce5a7,ddti,,1,2,,,,,,,0.0,1.0
SAM_efficientvit-t,ddti_2a1acce5a7,ddti,0.0,1,2,0.0,0.0,,,0.0,,,
SAM_efficientvit-t__detstats,ddti_2a1acce5a7,ddti,,1,2,,,,,,,1.0,2.0
A_box,ddti_e045a21668,ddti,0.8160278797149658,1,1,0.898695318495779,0.8160278745644599,11.702560104668171,4.504780309650068,0.31495293741897906,0.004339502233567326,,
A_box__detstats,ddti_e045a21668,ddti,,1,1,,,,,,,0.0,0.0
B_seg,ddti_e045a21668,ddti,0.8631336688995361,1,1,0.9265396982438783,0.8631336405529954,9.219544457292887,3.2526164159090047,0.4997561825148032,0.06407147415443523,,
B_seg__detstats,ddti_e045a21668,ddti,,1,1,,,,,,,0.0,0.0
SAM_edgesam,ddti_e045a21668,ddti,0.8221142292022705,1,1,0.9023739837398373,0.8221142450817729,10.0,4.13510573746035,0.3428383646765352,0.03765156349712827,,
SAM_edgesam__detstats,ddti_e045a21668,ddti,,1,1,,,,,,,0.0,0.0
SAM_efficientvit-t,ddti_e045a21668,ddti,0.0,1,1,0.0,0.0,,,0.0,,,
SAM_efficientvit-t__detstats,ddti_e045a21668,ddti,,1,1,,,,,,,1.0,1.0
A_box,ddti_1c55c900ff,ddti,0.0,1,1,0.0,0.0,,,0.0,,,
A_box__detstats,ddti_1c55c900ff,ddti,,1,1,,,,,,,1.0,1.0
B_seg,ddti_1c55c900ff,ddti,0.6480031609535217,1,2,0.7864100736516988,0.6480031323414253,43.41658669218482,17.87393364481848,0.06477352734099975,0.16013405216377677,,
B_seg__detstats,ddti_1c55c900ff,ddti,,1,2,,,,,,,0.0,1.0
SAM_edgesam,ddti_1c55c900ff,ddti,0.0,1,1,0.0,0.0,,,0.0,,,
SAM_edgesam__detstats,ddti_1c55c900ff,ddti,,1,1,,,,,,,1.0,1.0
SAM_efficientvit-t,ddti_1c55c900ff,ddti,0.0,1,1,0.0,0.0,,,0.0,,,
SAM_efficientvit-t__detstats,ddti_1c55c900ff,ddti,,1,1,,,,,,,1.0,1.0
A_box,ddti_a76252d2b4,ddti,0.7084603905677795,1,1,0.8293553424046397,0.7084603658536586,7.0,3.7676478831602545,0.2366236162361624,0.11262959472196042,,
A_box__detstats,ddti_a76252d2b4,ddti,,1,1,,,,,,,0.0,0.0
B_seg,ddti_a76252d2b4,ddti,0.7239218354225159,1,1,0.8398546076544794,0.7239218577220788,8.94427190999916,3.5928099467682912,0.3328528661714159,0.20405278039585298,,
B_seg__detstats,ddti_a76252d2b4,ddti,,1,1,,,,,,,0.0,0.0
SAM_edgesam,ddti_a76252d2b4,ddti,0.7297393679618835,1,1,0.8437564499484004,0.7297393787932881,8.003112887414925,3.5200190514544234,0.3595726122982991,0.2832233741753063,,
SAM_edgesam__detstats,ddti_a76252d2b4,ddti,,1,1,,,,,,,0.0,0.0
SAM_efficientvit-t,ddti_a76252d2b4,ddti,0.0,1,1,0.0,0.0,,,0.0,,,
SAM_efficientvit-t__detstats,ddti_a76252d2b4,ddti,,1,1,,,,,,,1.0,1.0
A_box,ddti_187f4dab10,ddti,0.6610720157623291,1,1,0.7959582790091264,0.6610720086626962,7.615773105863909,3.7444811401958606,0.30771951543018833,0.3124312431243124,,
A_box__detstats,ddti_187f4dab10,ddti,,1,1,,,,,,,0.0,0.0
B_seg,ddti_187f4dab10,ddti,0.0,1,0,0.0,0.0,,,0.0,,,
B_seg__detstats,ddti_187f4dab10,ddti,,1,0,,,,,,,1.0,0.0
SAM_edgesam,ddti_187f4dab10,ddti,0.7623814344406128,1,1,0.8651718983557548,0.7623814541622761,6.0,2.604996075489596,0.5041180697584434,0.16006600660066006,,
SAM_edgesam__detstats,ddti_187f4dab10,ddti,,1,1,,,,,,,0.0,0.0
SAM_efficientvit-t,ddti_187f4dab10,ddti,0.0,1,1,0.0,0.0,,,0.0,,,
SAM_efficientvit-t__detstats,ddti_187f4dab10,ddti,,1,1,,,,,,,1.0,1.0
A_box,ddti_4016772991,ddti,0.6184840202331543,1,2,0.7642757118406721,0.6184840090657265,19.0,6.630641438438859,0.1285444234404537,0.61685667752443,,
A_box__detstats,ddti_4016772991,ddti,,1,2,,,,,,,0.0,1.0
B_seg,ddti_4016772991,ddti,0.5895450115203857,1,1,0.7417783191230207,0.5895450145208132,14.203625527571846,6.959560585589217,0.18824430670659517,0.6742671009771987,,
B_seg__detstats,ddti_4016772991,ddti,,1,1,,,,,,,0.0,0.0
SAM_edgesam,ddti_4016772991,ddti,0.0,1,2,0.0,0.0,,,0.0,,,
SAM_edgesam__detstats,ddti_4016772991,ddti,,1,2,,,,,,,1.0,2.0
SAM_efficientvit-t,ddti_4016772991,ddti,0.0,1,2,0.0,0.0,,,0.0,,,
SAM_efficientvit-t__detstats,ddti_4016772991,ddti,,1,2,,,,,,,1.0,2.0
A_box,ddti_dc43010854,ddti,0.0,1,2,0.0,0.0,,,0.0,,,
A_box__detstats,ddti_dc43010854,ddti,,1,2,,,,,,,1.0,2.0
B_seg,ddti_dc43010854,ddti,0.0,1,1,0.0,0.0,,,0.0,,,
B_seg__detstats,ddti_dc43010854,ddti,,1,1,,,,,,,1.0,1.0
SAM_edgesam,ddti_dc43010854,ddti,0.0,1,2,0.0,0.0,,,0.0,,,
SAM_edgesam__detstats,ddti_dc43010854,ddti,,1,2,,,,,,,1.0,2.0
SAM_efficientvit-t,ddti_dc43010854,ddti,0.0,1,2,0.0,0.0,,,0.0,,,
SAM_efficientvit-t__detstats,ddti_dc43010854,ddti,,1,2,,,,,,,1.0,2.0
A_box,ddti_043379d4b4,ddti,0.0,1,0,0.0,0.0,,,0.0,,,
A_box__detstats,ddti_043379d4b4,ddti,,1,0,,,,,,,1.0,0.0
B_seg,ddti_043379d4b4,ddti,0.6159090995788574,1,1,0.7623066104078763,0.615909090909091,14.0,3.530367856866569,0.48685843203609697,0.034101382488479264,,
B_seg__detstats,ddti_043379d4b4,ddti,,1,1,,,,,,,0.0,0.0
SAM_edgesam,ddti_043379d4b4,ddti,0.0,1,0,0.0,0.0,,,0.0,,,
SAM_edgesam__detstats,ddti_043379d4b4,ddti,,1,0,,,,,,,1.0,0.0
SAM_efficientvit-t,ddti_043379d4b4,ddti,0.0,1,0,0.0,0.0,,,0.0,,,
SAM_efficientvit-t__detstats,ddti_043379d4b4,ddti,,1,0,,,,,,,1.0,0.0
A_box,ddti_9c90160b14,ddti,0.0,1,1,0.0,0.0,,,0.0,,,
A_box__detstats,ddti_9c90160b14,ddti,,1,1,,,,,,,1.0,1.0
B_seg,ddti_9c90160b14,ddti,0.0,1,1,0.0,0.0,,,0.0,,,
B_seg__detstats,ddti_9c90160b14,ddti,,1,1,,,,,,,1.0,1.0
SAM_edgesam,ddti_9c90160b14,ddti,0.0,1,1,0.0,0.0,,,0.0,,,
SAM_edgesam__detstats,ddti_9c90160b14,ddti,,1,1,,,,,,,1.0,1.0
SAM_efficientvit-t,ddti_9c90160b14,ddti,0.0,1,1,0.0,0.0,,,0.0,,,
SAM_efficientvit-t__detstats,ddti_9c90160b14,ddti,,1,1,,,,,,,1.0,1.0
A_box,ddti_787c8b3c4b,ddti,0.796629011631012,1,1,0.8868041237113402,0.796629005371365,7.664392248374595,3.764078756968046,0.2441439179251713,0.051817634063064874,,
A_box__detstats,ddti_787c8b3c4b,ddti,,1,1,,,,,,,0.0,0.0
B_seg,ddti_787c8b3c4b,ddti,0.7791978120803833,1,1,0.8758978892695325,0.7791977978765238,13.987392590922859,4.020781733926052,0.5681632653061226,0.18256678047800765,,
B_seg__detstats,ddti_787c8b3c4b,ddti,,1,1,,,,,,,0.0,0.0
SAM_edgesam,ddti_787c8b3c4b,ddti,0.7734280228614807,1,1,0.8722406720062512,0.7734280270223454,13.0,4.7535250519334635,0.42786174418270745,0.056236192006426995,,
SAM_edgesam__detstats,ddti_787c8b3c4b,ddti,,1,1,,,,,,,0.0,0.0
SAM_efficientvit-t,ddti_787c8b3c4b,ddti,0.0,1,1,0.0,0.0,,,0.0,,,
SAM_efficientvit-t__detstats,ddti_787c8b3c4b,ddti,,1,1,,,,,,,1.0,1.0
A_box,ddti_233bdfbf21,ddti,0.9183585047721863,1,1,0.9574420175636118,0.9183585313174946,2.8284271247461903,0.9473685026828722,0.8749221045134871,0.004044943820224719,,
A_box__detstats,ddti_233bdfbf21,ddti,,1,1,,,,,,,0.0,0.0
B_seg,ddti_233bdfbf21,ddti,0.9334493279457092,1,1,0.9655793025871766,0.9334493257938234,2.0,0.7635555722661893,0.9713602139187952,0.0022471910112359553,,
B_seg__detstats,ddti_233bdfbf21,ddti,,1,1,,,,,,,0.0,0.0
SAM_edgesam,ddti_233bdfbf21,ddti,0.8376681804656982,1,1,0.9116642264519278,0.8376681614349776,5.830951894845301,1.9632047192017872,0.7389687535214668,0.15820224719101122,,
SAM_edgesam__detstats,ddti_233bdfbf21,ddti,,1,1,,,,,,,0.0,0.0
SAM_efficientvit-t,ddti_233bdfbf21,ddti,0.0,1,1,0.0,0.0,,,0.0,,,
SAM_efficientvit-t__detstats,ddti_233bdfbf21,ddti,,1,1,,,,,,,1.0,1.0
A_box,ddti_ac743820ef,ddti,0.7475284934043884,1,1,0.855526544821584,0.7475285171102661,5.0,2.2628137354423066,0.5396825396825397,0.03421727972626176,,
A_box__detstats,ddti_ac743820ef,ddti,,1,1,,,,,,,0.0,0.0
B_seg,ddti_ac743820ef,ddti,0.7598944306373596,1,1,0.863568215892054,0.7598944591029023,7.0,2.3876462216494083,0.5757575757575758,0.2822925577416595,,
B_seg__detstats,ddti_ac743820ef,ddti,,1,1,,,,,,,0.0,0.0
SAM_edgesam,ddti_ac743820ef,ddti,0.8684807419776917,1,1,0.9296116504854369,0.8684807256235828,4.141035884842902,1.167402559262666,0.8458409314069294,0.1146278870829769,,
SAM_edgesam__detstats,ddti_ac743820ef,ddti,,1,1,,,,,,,0.0,0.0
SAM_efficientvit-t,ddti_ac743820ef,ddti,0.0,1,1,0.0,0.0,,,0.0,,,
SAM_efficientvit-t__detstats,ddti_ac743820ef,ddti,,1,1,,,,,,,1.0,1.0
A_box,ddti_7599103e43,ddti,0.8015866279602051,1,1,0.8898674197099506,0.8015866172285936,12.041594578792296,5.475643821590691,0.15270413573700956,0.2343064912843546,,
A_box__detstats,ddti_7599103e43,ddti,,1,1,,,,,,,0.0,0.0
B_seg,ddti_7599103e43,ddti,0.7980522513389587,1,1,0.8876852907639681,0.7980522808815992,14.142135623730951,5.684473391331244,0.1925449565320948,0.25088225858196983,,
B_seg__detstats,ddti_7599103e43,ddti,,1,1,,,,,,,0.0,0.0
SAM_edgesam,ddti_7599103e43,ddti,0.7833203673362732,1,1,0.8784965034965035,0.7833203429462198,13.0,6.023465932531529,0.21048165469360203,0.20211742059672763,,
SAM_edgesam__detstats,ddti_7599103e43,ddti,,1,1,,,,,,,0.0,0.0
SAM_efficientvit-t,ddti_7599103e43,ddti,0.0,1,1,0.0,0.0,,,0.0,,,
SAM_efficientvit-t__detstats,ddti_7599103e43,ddti,,1,1,,,,,,,1.0,1.0
A_box,ddti_6c5aa6a01f,ddti,0.8015866279602051,1,1,0.8898674197099506,0.8015866172285936,12.041594578792296,5.475643821590691,0.15270413573700956,0.2343064912843546,,
A_box__detstats,ddti_6c5aa6a01f,ddti,,1,1,,,,,,,0.0,0.0
B_seg,ddti_6c5aa6a01f,ddti,0.7980522513389587,1,1,0.8876852907639681,0.7980522808815992,14.142135623730951,5.684473391331244,0.1925449565320948,0.25088225858196983,,
B_seg__detstats,ddti_6c5aa6a01f,ddti,,1,1,,,,,,,0.0,0.0
SAM_edgesam,ddti_6c5aa6a01f,ddti,0.7833203673362732,1,1,0.8784965034965035,0.7833203429462198,13.0,6.023465932531529,0.21048165469360203,0.20211742059672763,,
SAM_edgesam__detstats,ddti_6c5aa6a01f,ddti,,1,1,,,,,,,0.0,0.0
SAM_efficientvit-t,ddti_6c5aa6a01f,ddti,0.0,1,1,0.0,0.0,,,0.0,,,
SAM_efficientvit-t__detstats,ddti_6c5aa6a01f,ddti,,1,1,,,,,,,1.0,1.0
A_box,ddti_a94de71ed0,ddti,0.5173913240432739,1,1,0.6819484240687679,0.5173913043478261,20.615528128088304,9.83831410270517,0.09366502165374156,0.7670961347869177,,
A_box__detstats,ddti_a94de71ed0,ddti,,1,1,,,,,,,0.0,0.0
B_seg,ddti_a94de71ed0,ddti,0.5925999283790588,1,1,0.7441918250714374,0.5925999208547685,18.0,7.337899501077471,0.1757549887952193,0.6590683845391476,,
B_seg__detstats,ddti_a94de71ed0,ddti,,1,1,,,,,,,0.0,0.0
SAM_edgesam,ddti_a94de71ed0,ddti,0.0,1,1,0.0,0.0,,,0.0,,,
SAM_edgesam__detstats,ddti_a94de71ed0,ddti,,1,1,,,,,,,1.0,1.0
SAM_efficientvit-t,ddti_a94de71ed0,ddti,0.0,1,1,0.0,0.0,,,0.0,,,
SAM_efficientvit-t__detstats,ddti_a94de71ed0,ddti,,1,1,,,,,,,1.0,1.0
A_box,ddti_e217109e28,ddti,0.5942184329032898,1,2,0.7454667562122229,0.5942184154175589,14.524990489369193,4.821316538077724,0.4426666666666667,0.5518423307626392,,
A_box__detstats,ddti_e217109e28,ddti,,1,2,,,,,,,0.0,1.0
B_seg,ddti_e217109e28,ddti,0.5065104365348816,1,2,0.672428694900605,0.5065104166666666,15.0,6.970952855443986,0.13249211356466878,0.974293059125964,,
B_seg__detstats,ddti_e217109e28,ddti,,1,2,,,,,,,0.0,1.0
SAM_edgesam,ddti_e217109e28,ddti,0.5563076734542847,1,2,0.7149070778964017,0.5563076923076923,12.0,4.947400907275513,0.3485714285714286,0.16709511568123395,,
SAM_edgesam__detstats,ddti_e217109e28,ddti,,1,2,,,,,,,0.0,1.0
SAM_efficientvit-t,ddti_e217109e28,ddti,0.0,1,2,0.0,0.0,,,0.0,,,
SAM_efficientvit-t__detstats,ddti_e217109e28,ddti,,1,2,,,,,,,1.0,2.0
A_box,ddti_27df9b9068,ddti,0.7426900863647461,1,2,0.8523489932885906,0.7426900584795322,7.0,1.9301018046401808,0.7273191055182382,0.1784841075794621,,
A_box__detstats,ddti_27df9b9068,ddti,,1,2,,,,,,,0.0,1.0
B_seg,ddti_27df9b9068,ddti,0.5818867683410645,1,2,0.7356870229007634,0.5818867924528301,14.32994099904059,4.017764365969828,0.5266666666666667,0.5623471882640587,,
B_seg__detstats,ddti_27df9b9068,ddti,,1,2,,,,,,,0.0,1.0
SAM_edgesam,ddti_27df9b9068,ddti,0.6843602061271667,1,2,0.8126055149127743,0.6843601895734597,8.54400374531753,2.6281502651579265,0.6148867313915857,0.17237163814180928,,
SAM_edgesam__detstats,ddti_27df9b9068,ddti,,1,2,,,,,,,0.0,1.0
SAM_efficientvit-t,ddti_27df9b9068,ddti,0.0,1,2,0.0,0.0,,,0.0,,,
SAM_efficientvit-t__detstats,ddti_27df9b9068,ddti,,1,2,,,,,,,1.0,2.0
A_box,ddti_4d1fb97d3c,ddti,0.0,1,1,0.0,0.0,,,0.0,,,
A_box__detstats,ddti_4d1fb97d3c,ddti,,1,1,,,,,,,1.0,1.0
B_seg,ddti_4d1fb97d3c,ddti,0.0,1,1,0.0,0.0,,,0.0,,,
B_seg__detstats,ddti_4d1fb97d3c,ddti,,1,1,,,,,,,1.0,1.0
SAM_edgesam,ddti_4d1fb97d3c,ddti,0.0,1,1,0.0,0.0,,,0.0,,,
SAM_edgesam__detstats,ddti_4d1fb97d3c,ddti,,1,1,,,,,,,1.0,1.0
SAM_efficientvit-t,ddti_4d1fb97d3c,ddti,0.0,1,1,0.0,0.0,,,0.0,,,
SAM_efficientvit-t__detstats,ddti_4d1fb97d3c,ddti,,1,1,,,,,,,1.0,1.0
A_box,ddti_f242f7bf6e,ddti,0.6288478970527649,1,1,0.7721382900469643,0.6288479262672811,31.78049716414141,10.764972861725415,0.055442616891517284,0.28865578865578867,,
A_box__detstats,ddti_f242f7bf6e,ddti,,1,1,,,,,,,0.0,0.0
B_seg,ddti_f242f7bf6e,ddti,0.8286420702934265,1,1,0.9062922650866233,0.828642091626428,9.848857801796104,4.211697675294273,0.3352303573768651,0.01074851074851075,,
B_seg__detstats,ddti_f242f7bf6e,ddti,,1,1,,,,,,,0.0,0.0
SAM_edgesam,ddti_f242f7bf6e,ddti,0.680944561958313,1,1,0.8101927474681476,0.6809445359692476,34.00735135169495,9.160369184638363,0.3274788066132734,0.37839937839937837,,
SAM_edgesam__detstats,ddti_f242f7bf6e,ddti,,1,1,,,,,,,0.0,0.0
SAM_efficientvit-t,ddti_f242f7bf6e,ddti,0.0,1,1,0.0,0.0,,,0.0,,,
SAM_efficientvit-t__detstats,ddti_f242f7bf6e,ddti,,1,1,,,,,,,1.0,1.0
A_box,ddti_90696b2b43,ddti,0.6715566515922546,1,2,0.80351048269137,0.6715566422167889,8.523450915439893,2.9483834449620088,0.5451244011744707,0.21029668411867364,,
A_box__detstats,ddti_90696b2b43,ddti,,1,2,,,,,,,0.0,1.0
B_seg,ddti_90696b2b43,ddti,0.842615008354187,1,2,0.9145860709592641,0.8426150121065376,2.23606797749979,1.2705182365284629,0.8866931346745773,0.007853403141361256,,
B_seg__detstats,ddti_90696b2b43,ddti,,1,2,,,,,,,0.0,1.0
SAM_edgesam,ddti_90696b2b43,ddti,0.7133182883262634,1,2,0.8326745718050066,0.7133182844243793,7.0,2.6580944264363917,0.45063744128830246,0.013089005235602094,,
SAM_edgesam__detstats,ddti_90696b2b43,ddti,,1,2,,,,,,,0.0,1.0
SAM_efficientvit-t,ddti_90696b2b43,ddti,0.0,1,2,0.0,0.0,,,0.0,,,
SAM_efficientvit-t__detstats,ddti_90696b2b43,ddti,,1,2,,,,,,,1.0,2.0
A_box,ddti_ba1514aeb9,ddti,0.8394469618797302,1,1,0.9127166929324767,0.8394469840561936,7.615773105863909,3.7614109605754873,0.28382319946152124,0.005802006527257343,,
A_box__detstats,ddti_ba1514aeb9,ddti,,1,1,,,,,,,0.0,0.0
B_seg,ddti_ba1514aeb9,ddti,0.8375207781791687,1,1,0.9115769252500141,0.8375207641196013,12.449111968539675,4.125076265096915,0.35901624736388754,0.13936903179016077,,
B_seg__detstats,ddti_ba1514aeb9,ddti,,1,1,,,,,,,0.0,0.0
SAM_edgesam,ddti_ba1514aeb9,ddti,0.8089132308959961,1,1,0.8943637818680691,0.8089132457863716,14.780109889280517,4.869266385082863,0.35230465964853414,0.11458962891333253,,
SAM_edgesam__detstats,ddti_ba1514aeb9,ddti,,1,1,,,,,,,0.0,0.0
SAM_efficientvit-t,ddti_ba1514aeb9,ddti,0.0,1,1,0.0,0.0,,,0.0,,,
SAM_efficientvit-t__detstats,ddti_ba1514aeb9,ddti,,1,1,,,,,,,1.0,1.0
A_box,ddti_c8fbd8e3a2,ddti,0.8204994201660156,1,1,0.9014003531682477,0.8204994019138756,15.0,5.4342753058649835,0.2375082440878113,0.08621502672115687,,
A_box__detstats,ddti_c8fbd8e3a2,ddti,,1,1,,,,,,,0.0,0.0
B_seg,ddti_c8fbd8e3a2,ddti,0.8760207891464233,1,1,0.9339137316976652,0.8760207869339273,14.422205101855956,3.673534032478406,0.42581888246628136,0.013989311537252436,,
B_seg__detstats,ddti_c8fbd8e3a2,ddti,,1,1,,,,,,,0.0,0.0
SAM_edgesam,ddti_c8fbd8e3a2,ddti,0.7333333492279053,1,1,0.8461538461538461,0.7333333333333333,21.77822306332428,9.009738514890643,0.22804212257578182,0.17415906947500787,,
SAM_edgesam__detstats,ddti_c8fbd8e3a2,ddti,,1,1,,,,,,,0.0,0.0
SAM_efficientvit-t,ddti_c8fbd8e3a2,ddti,0.0,1,1,0.0,0.0,,,0.0,,,
SAM_efficientvit-t__detstats,ddti_c8fbd8e3a2,ddti,,1,1,,,,,,,1.0,1.0
A_box,ddti_e33a37bf51,ddti,0.7240533232688904,1,1,0.8399430547081553,0.7240532959326789,9.219544457292887,3.7565698792724267,0.27766599597585506,0.0410958904109589,,
A_box__detstats,ddti_e33a37bf51,ddti,,1,1,,,,,,,0.0,0.0
B_seg,ddti_e33a37bf51,ddti,0.7955953478813171,1,1,0.8861632809505557,0.7955953200275292,7.0710678118654755,2.82696554877847,0.47926464300983324,0.16604400166044,,
B_seg__detstats,ddti_e33a37bf51,ddti,,1,1,,,,,,,0.0,0.0
SAM_edgesam,ddti_e33a37bf51,ddti,0.620998740196228,1,1,0.7661927330173776,0.6209987195902689,12.79841583351491,5.867620310500159,0.1579199234327644,0.10211706102117062,,
SAM_edgesam__detstats,ddti_e33a37bf51,ddti,,1,1,,,,,,,0.0,0.0
SAM_efficientvit-t,ddti_e33a37bf51,ddti,0.0,1,1,0.0,0.0,,,0.0,,,
SAM_efficientvit-t__detstats,ddti_e33a37bf51,ddti,,1,1,,,,,,,1.0,1.0
A_box,ddti_33e5e1f317,ddti,0.8138462901115417,1,1,0.8973707237801575,0.8138462701231955,10.353500688156402,5.262221969198553,0.23063233211055822,0.16090401584728975,,
A_box__detstats,ddti_33e5e1f317,ddti,,1,1,,,,,,,0.0,0.0
B_seg,ddti_33e5e1f317,ddti,0.8758307099342346,1,1,0.9338057224863217,0.8758307394632792,10.0,3.1436967789127497,0.544841970158832,0.0077435620385377275,,
B_seg__detstats,ddti_33e5e1f317,ddti,,1,1,,,,,,,0.0,0.0
SAM_edgesam,ddti_33e5e1f317,ddti,0.7581626772880554,1,1,0.8624488245473346,0.7581626595428911,20.628782372574932,7.685388972930329,0.3024648896531958,0.13335134161714388,,
SAM_edgesam__detstats,ddti_33e5e1f317,ddti,,1,1,,,,,,,0.0,0.0
SAM_efficientvit-t,ddti_33e5e1f317,ddti,0.0,1,1,0.0,0.0,,,0.0,,,
SAM_efficientvit-t__detstats,ddti_33e5e1f317,ddti,,1,1,,,,,,,1.0,1.0
A_box,ddti_cd5c4e3c0d,ddti,0.812020480632782,1,1,0.8962597035991532,0.8120204603580563,3.1622776601683795,1.3181063882331037,0.8506329113924052,0.14528795811518325,,
A_box__detstats,ddti_cd5c4e3c0d,ddti,,1,1,,,,,,,0.0,0.0
B_seg,ddti_cd5c4e3c0d,ddti,0.8483353853225708,1,1,0.9179452968645764,0.8483353884093712,4.123105625617661,1.1002310586952642,0.8352272727272728,0.03795811518324607,,
B_seg__detstats,ddti_cd5c4e3c0d,ddti,,1,1,,,,,,,0.0,0.0
SAM_edgesam,ddti_cd5c4e3c0d,ddti,0.717277467250824,1,1,0.8353658536585366,0.7172774869109948,3.7041634565979917,1.9969363028272649,0.6657660091867063,0.28272251308900526,,
SAM_edgesam__detstats,ddti_cd5c4e3c0d,ddti,,1,1,,,,,,,0.0,0.0
SAM_efficientvit-t,ddti_cd5c4e3c0d,ddti,0.0,1,1,0.0,0.0,,,0.0,,,
SAM_efficientvit-t__detstats,ddti_cd5c4e3c0d,ddti,,1,1,,,,,,,1.0,1.0
A_box,ddti_939c619c88,ddti,0.806374192237854,1,1,0.892809693362385,0.8063741960257271,12.643153312946918,5.187648667177502,0.17647058823529413,0.1214205186020293,,
A_box__detstats,ddti_939c619c88,ddti,,1,1,,,,,,,0.0,0.0
B_seg,ddti_939c619c88,ddti,0.807129442691803,1,1,0.8932724252491694,0.8071294559099437,11.187008318073234,5.340120554186116,0.20655134515219573,0.171815107102593,,
B_seg__detstats,ddti_939c619c88,ddti,,1,1,,,,,,,0.0,0.0
SAM_edgesam,ddti_939c619c88,ddti,0.6784868240356445,1,1,0.8084505716839976,0.6784868109303428,20.518284528683193,10.446165444398599,0.0372128141516557,0.39605411499436305,,
SAM_edgesam__detstats,ddti_939c619c88,ddti,,1,1,,,,,,,0.0,0.0
SAM_efficientvit-t,ddti_939c619c88,ddti,0.0,1,1,0.0,0.0,,,0.0,,,
SAM_efficientvit-t__detstats,ddti_939c619c88,ddti,,1,1,,,,,,,1.0,1.0
A_box,ddti_a0e522ad71,ddti,0.7837062478065491,1,1,0.8787391444194275,0.7837062535857716,14.0,4.808077077180615,0.3716489166360632,0.14277180406212664,,
A_box__detstats,ddti_a0e522ad71,ddti,,1,1,,,,,,,0.0,0.0
B_seg,ddti_a0e522ad71,ddti,0.7753973007202148,1,1,0.8734915793661319,0.7753972925250148,19.849433241279208,5.182067776625684,0.5214105793450882,0.252389486260454,,
B_seg__detstats,ddti_a0e522ad71,ddti,,1,1,,,,,,,0.0,0.0
SAM_edgesam,ddti_a0e522ad71,ddti,0.909284770488739,1,1,0.9524873398868037,0.9092848002274989,5.656854249492381,1.866267647164701,0.7205417835392819,0.005376344086021506,,
SAM_edgesam__detstats,ddti_a0e522ad71,ddti,,1,1,,,,,,,0.0,0.0
SAM_efficientvit-t,ddti_a0e522ad71,ddti,0.0,1,1,0.0,0.0,,,0.0,,,
SAM_efficientvit-t__detstats,ddti_a0e522ad71,ddti,,1,1,,,,,,,1.0,1.0
A_box,ddti_37e3d077d2,ddti,0.7704029679298401,1,1,0.8703136694563517,0.7704029392278504,17.589405445582603,8.271896189905302,0.15989497866754185,0.2295970607721496,,
A_box__detstats,ddti_37e3d077d2,ddti,,1,1,,,,,,,0.0,0.0
B_seg,ddti_37e3d077d2,ddti,0.918554961681366,1,1,0.957548774077853,0.9185549887293867,7.683839905378852,2.744123954786767,0.5959780621572213,0.0519785580919111,,
B_seg__detstats,ddti_37e3d077d2,ddti,,1,1,,,,,,,0.0,0.0
SAM_edgesam,ddti_37e3d077d2,ddti,0.8448210954666138,1,1,0.9158840223529068,0.8448210719490473,13.0,5.573885999609807,0.2370109749515223,0.05860386677106547,,
SAM_edgesam__detstats,ddti_37e3d077d2,ddti,,1,1,,,,,,,0.0,0.0
SAM_efficientvit-t,ddti_37e3d077d2,ddti,0.0,1,1,0.0,0.0,,,0.0,,,
SAM_efficientvit-t__detstats,ddti_37e3d077d2,ddti,,1,1,,,,,,,1.0,1.0
A_box,ddti_4c301e1cf4,ddti,0.6436327695846558,1,1,0.7831831831831831,0.6436327739387957,16.278820596099706,6.861823707631716,0.2591812161348585,0.3029045643153527,,
A_box__detstats,ddti_4c301e1cf4,ddti,,1,1,,,,,,,0.0,0.0
B_seg,ddti_4c301e1cf4,ddti,0.0,1,1,0.0,0.0,,,0.0,,,
B_seg__detstats,ddti_4c301e1cf4,ddti,,1,1,,,,,,,1.0,1.0
SAM_edgesam,ddti_4c301e1cf4,ddti,0.6416455507278442,1,1,0.7817102137767221,0.6416455449405342,21.013038841881432,6.709301158758077,0.21612480446454999,0.32918395573997233,,
SAM_edgesam__detstats,ddti_4c301e1cf4,ddti,,1,1,,,,,,,0.0,0.0
SAM_efficientvit-t,ddti_4c301e1cf4,ddti,0.0,1,1,0.0,0.0,,,0.0,,,
SAM_efficientvit-t__detstats,ddti_4c301e1cf4,ddti,,1,1,,,,,,,1.0,1.0
A_box,ddti_1113200ee2,ddti,0.5776375532150269,1,1,0.7322817151744057,0.5776375744830003,30.217511415394014,13.22507966099202,0.13794224413501655,0.5187465025181869,,
A_box__detstats,ddti_1113200ee2,ddti,,1,1,,,,,,,0.0,0.0
B_seg,ddti_1113200ee2,ddti,0.0,1,1,0.0,0.0,,,0.0,,,
B_seg__detstats,ddti_1113200ee2,ddti,,1,1,,,,,,,1.0,1.0
SAM_edgesam,ddti_1113200ee2,ddti,0.5507481098175049,1,1,0.7102998955587606,0.5507481104426963,39.3401514243584,14.693258185229944,0.2386679696309103,0.8129546726357023,,
SAM_edgesam__detstats,ddti_1113200ee2,ddti,,1,1,,,,,,,0.0,0.0
SAM_efficientvit-t,ddti_1113200ee2,ddti,0.0,1,1,0.0,0.0,,,0.0,,,
SAM_efficientvit-t__detstats,ddti_1113200ee2,ddti,,1,1,,,,,,,1.0,1.0
A_box,ddti_9c9f67679d,ddti,0.7270446419715881,1,1,0.841952353282975,0.7270446562970396,8.05914486088362,3.3719782113019514,0.3979057591623037,0.06954570947840717,,
A_box__detstats,ddti_9c9f67679d,ddti,,1,1,,,,,,,0.0,0.0
B_seg,ddti_9c9f67679d,ddti,0.5743556022644043,1,1,0.7296389588581025,0.5743555849306015,17.403777388090703,6.785349423190459,0.34451901565995524,0.6719012899607403,,
B_seg__detstats,ddti_9c9f67679d,ddti,,1,1,,,,,,,0.0,0.0
SAM_edgesam,ddti_9c9f67679d,ddti,0.6831517219543457,1,1,0.8117529880478087,0.683151718357083,10.302863959383172,4.359634890894308,0.35225742433907437,0.2523836231071228,,
SAM_edgesam__detstats,ddti_9c9f67679d,ddti,,1,1,,,,,,,0.0,0.0
SAM_efficientvit-t,ddti_9c9f67679d,ddti,0.0,1,1,0.0,0.0,,,0.0,,,
SAM_efficientvit-t__detstats,ddti_9c9f67679d,ddti,,1,1,,,,,,,1.0,1.0
A_box,ddti_6ec5864d97,ddti,0.856645405292511,1,1,0.9227883713660519,0.8566453859547302,3.605551275463989,1.438299128262662,0.7828073089700996,0.04017857142857143,,
A_box__detstats,ddti_6ec5864d97,ddti,,1,1,,,,,,,0.0,0.0
B_seg,ddti_6ec5864d97,ddti,0.8218298554420471,1,2,0.9022026431718062,0.8218298555377207,5.0,2.020811940938796,0.579179810725552,0.17155612244897958,,
B_seg__detstats,ddti_6ec5864d97,ddti,,1,2,,,,,,,0.0,1.0
SAM_edgesam,ddti_6ec5864d97,ddti,0.757393479347229,1,1,0.8619509412435824,0.7573934837092732,7.7118298293979315,2.991625337315581,0.47717622080679406,0.23596938775510204,,
SAM_edgesam__detstats,ddti_6ec5864d97,ddti,,1,1,,,,,,,0.0,0.0
SAM_efficientvit-t,ddti_6ec5864d97,ddti,0.0,1,1,0.0,0.0,,,0.0,,,
SAM_efficientvit-t__detstats,ddti_6ec5864d97,ddti,,1,1,,,,,,,1.0,1.0
A_box,ddti_06d0f20618,ddti,0.8224694132804871,1,1,0.902587890625,0.8224694104560623,5.830951894845301,2.7880588709376797,0.43211291255857226,0.13555787278415016,,
A_box__detstats,ddti_06d0f20618,ddti,,1,1,,,,,,,0.0,0.0
B_seg,ddti_06d0f20618,ddti,0.8090766668319702,1,1,0.8944636678200693,0.809076682316119,7.0710678118654755,3.0357923916206953,0.3793661808928985,0.10948905109489052,,
B_seg__detstats,ddti_06d0f20618,ddti,,1,1,,,,,,,0.0,0.0
SAM_edgesam,ddti_06d0f20618,ddti,0.8099846243858337,1,1,0.8950182260024301,0.8099846052342203,8.06225774829855,3.154653173176854,0.43471509586821494,0.1454640250260688,,
SAM_edgesam__detstats,ddti_06d0f20618,ddti,,1,1,,,,,,,0.0,0.0
SAM_efficientvit-t,ddti_06d0f20618,ddti,0.0,1,1,0.0,0.0,,,0.0,,,
SAM_efficientvit-t__detstats,ddti_06d0f20618,ddti,,1,1,,,,,,,1.0,1.0
A_box,ddti_1ab2f73c47,ddti,0.6479681134223938,1,1,0.786384303444886,0.6479681382476036,24.698178070456937,12.062916728642513,0.1355121249754886,0.4789805036555646,,
A_box__detstats,ddti_1ab2f73c47,ddti,,1,1,,,,,,,0.0,0.0
B_seg,ddti_1ab2f73c47,ddti,0.6690322160720825,1,1,0.8017007795239485,0.6690322131774855,18.681541692269406,11.165257775406477,0.08748203871185868,0.43592607636068237,,
B_seg__detstats,ddti_1ab2f73c47,ddti,,1,1,,,,,,,0.0,0.0
SAM_edgesam,ddti_1ab2f73c47,ddti,0.5579534769058228,1,1,0.7162646374348934,0.5579534990791897,34.87474431310956,17.009007197530494,0.12423020878758548,0.7488830219333875,,
SAM_edgesam__detstats,ddti_1ab2f73c47,ddti,,1,1,,,,,,,0.0,0.0
SAM_efficientvit-t,ddti_1ab2f73c47,ddti,0.0,1,1,0.0,0.0,,,0.0,,,
SAM_efficientvit-t__detstats,ddti_1ab2f73c47,ddti,,1,1,,,,,,,1.0,1.0
A_box,ddti_0021c0606c,ddti,0.8167298436164856,1,1,0.8991208463716287,0.8167298321602598,5.385164807134504,2.855389692160313,0.38756855575868376,0.0831191088260497,,
A_box__detstats,ddti_0021c0606c,ddti,,1,1,,,,,,,0.0,0.0
B_seg,ddti_0021c0606c,ddti,0.837285578250885,1,1,0.9114375943979129,0.8372855701311807,6.082762530298219,2.6543161670311166,0.47996446763918005,0.08026278206226792,,
B_seg__detstats,ddti_0021c0606c,ddti,,1,1,,,,,,,0.0,0.0
SAM_edgesam,ddti_0021c0606c,ddti,0.7758460640907288,1,1,0.8737762694165253,0.7758460825220214,12.0,4.160245353138582,0.3762524300882309,0.1882319337332191,,
SAM_edgesam__detstats,ddti_0021c0606c,ddti,,1,1,,,,,,,0.0,0.0
SAM_efficientvit-t,ddti_0021c0606c,ddti,0.0,1,1,0.0,0.0,,,0.0,,,
SAM_efficientvit-t__detstats,ddti_0021c0606c,ddti,,1,1,,,,,,,1.0,1.0
A_box,ddti_7e1535d854,ddti,0.7589274048805237,1,1,0.8629433962264151,0.7589273861675295,17.0,5.747160225361638,0.24639783386519679,0.2580095432856169,,
A_box__detstats,ddti_7e1535d854,ddti,,1,1,,,,,,,0.0,0.0
B_seg,ddti_7e1535d854,ddti,0.8047232627868652,1,1,0.8917968430522614,0.8047232472324723,9.369650129627473,4.251978869933287,0.22967831200276723,0.08367416496250853,,
B_seg__detstats,ddti_7e1535d854,ddti,,1,1,,,,,,,0.0,0.0
SAM_edgesam,ddti_7e1535d854,ddti,0.7864540815353394,1,1,0.880463803493783,0.7864540746797493,17.0,4.972625443626848,0.3823524135827937,0.2339809134287662,,
SAM_edgesam__detstats,ddti_7e1535d854,ddti,,1,1,,,,,,,0.0,0.0
SAM_efficientvit-t,ddti_7e1535d854,ddti,0.0,1,1,0.0,0.0,,,0.0,,,
SAM_efficientvit-t__detstats,ddti_7e1535d854,ddti,,1,1,,,,,,,1.0,1.0
A_box,ddti_7d9bfb7978,ddti,0.7899008393287659,1,1,0.8826196473551637,0.7899008115419297,5.0,1.8262159880977986,0.6410653453081449,0.24547511312217193,,
A_box__detstats,ddti_7d9bfb7978,ddti,,1,1,,,,,,,0.0,0.0
B_seg,ddti_7d9bfb7978,ddti,0.8203356266021729,1,1,0.9013015184381779,0.8203356367226061,2.871320343559643,1.43671924848557,0.7826466246141458,0.08597285067873303,,
B_seg__detstats,ddti_7d9bfb7978,ddti,,1,1,,,,,,,0.0,0.0
SAM_edgesam,ddti_7d9bfb7978,ddti,0.7712177038192749,1,1,0.8708333333333333,0.7712177121771218,5.656854249492381,1.9291876166245658,0.6619217081850534,0.17194570135746606,,
SAM_edgesam__detstats,ddti_7d9bfb7978,ddti,,1,1,,,,,,,0.0,0.0
SAM_efficientvit-t,ddti_7d9bfb7978,ddti,0.0,1,1,0.0,0.0,,,0.0,,,
SAM_efficientvit-t__detstats,ddti_7d9bfb7978,ddti,,1,1,,,,,,,1.0,1.0
A_box,tn3k_ba14c8a36b,tn3k,0.8997276425361633,1,1,0.9472175097369239,0.8997276441216523,8.06225774829855,3.8827545713064118,0.364559949715869,0.02477817632622239,,
A_box__detstats,tn3k_ba14c8a36b,tn3k,,1,1,,,,,,,0.0,0.0
B_seg,tn3k_ba14c8a36b,tn3k,0.9392929673194885,1,1,0.9686962983605034,0.9392929520378294,6.082762530298219,2.285424454737398,0.5802040645646902,0.03237681706626392,,
B_seg__detstats,tn3k_ba14c8a36b,tn3k,,1,1,,,,,,,0.0,0.0
SAM_edgesam,tn3k_ba14c8a36b,tn3k,0.8817627429962158,1,1,0.93716675859533,0.8817627470483934,18.439088914585774,4.551153493654625,0.49411764705882355,0.05361525391731169,,
SAM_edgesam__detstats,tn3k_ba14c8a36b,tn3k,,1,1,,,,,,,0.0,0.0
SAM_efficientvit-t,tn3k_ba14c8a36b,tn3k,0.0,1,1,0.0,0.0,,,0.0,,,
SAM_efficientvit-t__detstats,tn3k_ba14c8a36b,tn3k,,1,1,,,,,,,1.0,1.0
A_box,tn3k_e432497cb7,tn3k,0.0,1,0,0.0,0.0,,,0.0,,,
A_box__detstats,tn3k_e432497cb7,tn3k,,1,0,,,,,,,1.0,0.0
B_seg,tn3k_e432497cb7,tn3k,0.0,1,1,0.0,0.0,,,0.0,,,
B_seg__detstats,tn3k_e432497cb7,tn3k,,1,1,,,,,,,1.0,1.0
SAM_edgesam,tn3k_e432497cb7,tn3k,0.0,1,0,0.0,0.0,,,0.0,,,
SAM_edgesam__detstats,tn3k_e432497cb7,tn3k,,1,0,,,,,,,1.0,0.0
SAM_efficientvit-t,tn3k_e432497cb7,tn3k,0.0,1,0,0.0,0.0,,,0.0,,,
SAM_efficientvit-t__detstats,tn3k_e432497cb7,tn3k,,1,0,,,,,,,1.0,0.0
A_box,tn3k_e12b0ef506,tn3k,0.914094865322113,1,1,0.9551196971931377,0.9140948438088069,9.219544457292887,3.246322404905734,0.46198804340827254,0.05848722489248672,,
A_box__detstats,tn3k_e12b0ef506,tn3k,,1,1,,,,,,,0.0,0.0
B_seg,tn3k_e12b0ef506,tn3k,0.8884922862052917,1,1,0.9409541126369683,0.8884922965707315,9.899494936611665,4.4675232085409995,0.38964467749624143,0.11474829243612446,,
B_seg__detstats,tn3k_e12b0ef506,tn3k,,1,1,,,,,,,0.0,0.0
SAM_edgesam,tn3k_e12b0ef506,tn3k,0.0,1,1,0.0,0.0,,,0.0,,,
SAM_edgesam__detstats,tn3k_e12b0ef506,tn3k,,1,1,,,,,,,1.0,1.0
SAM_efficientvit-t,tn3k_e12b0ef506,tn3k,0.0,1,1,0.0,0.0,,,0.0,,,
SAM_efficientvit-t__detstats,tn3k_e12b0ef506,tn3k,,1,1,,,,,,,1.0,1.0
A_box,tn3k_a984c41da4,tn3k,0.0,2,1,0.0,0.0,,,0.0,,,
A_box__detstats,tn3k_a984c41da4,tn3k,,2,1,,,,,,,2.0,1.0
B_seg,tn3k_a984c41da4,tn3k,0.5721668601036072,2,1,0.7278703921108242,0.5721668512366187,27.171673254871042,8.976251291963699,0.34767025089605735,0.5633463737586518,,
B_seg__detstats,tn3k_a984c41da4,tn3k,,2,1,,,,,,,1.0,0.0
SAM_edgesam,tn3k_a984c41da4,tn3k,0.0,2,1,0.0,0.0,,,0.0,,,
SAM_edgesam__detstats,tn3k_a984c41da4,tn3k,,2,1,,,,,,,2.0,1.0
SAM_efficientvit-t,tn3k_a984c41da4,tn3k,0.0,2,1,0.0,0.0,,,0.0,,,
SAM_efficientvit-t__detstats,tn3k_a984c41da4,tn3k,,2,1,,,,,,,2.0,1.0
A_box,tn3k_be4c155142,tn3k,0.796640157699585,1,1,0.8868110236220472,0.7966401414677277,9.219544457292887,3.2116142303805395,0.496356115816427,0.171017101710171,,
A_box__detstats,tn3k_be4c155142,tn3k,,1,1,,,,,,,0.0,0.0
B_seg,tn3k_be4c155142,tn3k,0.7418056130409241,1,1,0.8517662594915814,0.7418056354226567,13.028803607803974,4.283130454291529,0.4444444444444444,0.18241824182418243,,
B_seg__detstats,tn3k_be4c155142,tn3k,,1,1,,,,,,,0.0,0.0
SAM_edgesam,tn3k_be4c155142,tn3k,0.831800639629364,1,1,0.9081781376518219,0.8318006526253338,9.393281997380845,2.5637402493834767,0.641635669774407,0.1473147314731473,,
SAM_edgesam__detstats,tn3k_be4c155142,tn3k,,1,1,,,,,,,0.0,0.0
SAM_efficientvit-t,tn3k_be4c155142,tn3k,0.0,1,1,0.0,0.0,,,0.0,,,
SAM_efficientvit-t__detstats,tn3k_be4c155142,tn3k,,1,1,,,,,,,1.0,1.0
A_box,tn3k_8b669ded91,tn3k,0.8199121356010437,1,1,0.9010458567980691,0.8199121522693997,4.920820393249919,1.6466693310824514,0.7749458767959064,0.21964285714285714,,
A_box__detstats,tn3k_8b669ded91,tn3k,,1,1,,,,,,,0.0,0.0
B_seg,tn3k_8b669ded91,tn3k,0.7794015407562256,1,2,0.8760265936644506,0.7794015309672929,4.164942897143225,2.178975622351742,0.5577834487787096,0.2830357142857143,,
B_seg__detstats,tn3k_8b669ded91,tn3k,,1,2,,,,,,,0.0,1.0
SAM_edgesam,tn3k_8b669ded91,tn3k,0.6295671463012695,1,1,0.7726802345636427,0.6295671725688589,9.219544457292887,4.461896608510194,0.19850794680506,0.5883928571428572,,
SAM_edgesam__detstats,tn3k_8b669ded91,tn3k,,1,1,,,,,,,0.0,0.0
SAM_efficientvit-t,tn3k_8b669ded91,tn3k,0.0,1,1,0.0,0.0,,,0.0,,,
SAM_efficientvit-t__detstats,tn3k_8b669ded91,tn3k,,1,1,,,,,,,1.0,1.0
A_box,tn3k_33814ec0d8,tn3k,0.5565184950828552,1,1,0.7150811038974091,0.5565184744861246,102.00367638224976,23.932900677262264,0.20056899004267423,0.43160682197913053,,
A_box__detstats,tn3k_33814ec0d8,tn3k,,1,1,,,,,,,0.0,0.0
B_seg,tn3k_33814ec0d8,tn3k,0.5683174729347229,1,1,0.7247479778459577,0.5683174503983752,101.7582047474635,23.08782818093482,0.3561253561253561,0.4176413101730715,,
B_seg__detstats,tn3k_33814ec0d8,tn3k,,1,1,,,,,,,0.0,0.0
SAM_edgesam,tn3k_33814ec0d8,tn3k,0.0,1,1,0.0,0.0,,,0.0,,,
SAM_edgesam__detstats,tn3k_33814ec0d8,tn3k,,1,1,,,,,,,1.0,1.0
SAM_efficientvit-t,tn3k_33814ec0d8,tn3k,0.0,1,1,0.0,0.0,,,0.0,,,
SAM_efficientvit-t__detstats,tn3k_33814ec0d8,tn3k,,1,1,,,,,,,1.0,1.0
A_box,tn3k_07164549ce,tn3k,0.8984000086784363,1,1,0.9464812473662031,0.8984,2.0,0.8343151829739787,0.962099724585851,0.043693322341302555,,
A_box__detstats,tn3k_07164549ce,tn3k,,1,1,,,,,,,0.0,0.0
B_seg,tn3k_07164549ce,tn3k,0.8952879309654236,1,2,0.9447513812154696,0.8952879581151832,2.23606797749979,0.9291071579274264,0.9407104839707885,0.08903544929925804,,
B_seg__detstats,tn3k_07164549ce,tn3k,,1,2,,,,,,,0.0,1.0
SAM_edgesam,tn3k_07164549ce,tn3k,0.8187808990478516,1,1,0.9003623188405797,0.8187808896210873,3.605551275463989,1.5810377374601128,0.6978329825393532,0.179719703215169,,
SAM_edgesam__detstats,tn3k_07164549ce,tn3k,,1,1,,,,,,,0.0,0.0
SAM_efficientvit-t,tn3k_07164549ce,tn3k,0.0,1,1,0.0,0.0,,,0.0,,,
SAM_efficientvit-t__detstats,tn3k_07164549ce,tn3k,,1,1,,,,,,,1.0,1.0
A_box,tn3k_242c29b639,tn3k,0.901142954826355,1,1,0.9480012727546765,0.90114298449489,12.004159457879226,4.6073068365046606,0.345842757622365,0.08354194749342063,,
A_box__detstats,tn3k_242c29b639,tn3k,,1,1,,,,,,,0.0,0.0
B_seg,tn3k_242c29b639,tn3k,0.9309114217758179,1,1,0.9642197157968521,0.9309114399089483,11.0,3.1688429113307346,0.5471540277893138,0.014635085692278067,,
B_seg__detstats,tn3k_242c29b639,tn3k,,1,1,,,,,,,0.0,0.0
SAM_edgesam,tn3k_242c29b639,tn3k,0.8806130290031433,1,1,0.9365169964485033,0.8806130359592105,17.0,5.246150670191741,0.4256739225024051,0.024263431542461005,,
SAM_edgesam__detstats,tn3k_242c29b639,tn3k,,1,1,,,,,,,0.0,0.0
SAM_efficientvit-t,tn3k_242c29b639,tn3k,0.0,1,1,0.0,0.0,,,0.0,,,
SAM_efficientvit-t__detstats,tn3k_242c29b639,tn3k,,1,1,,,,,,,1.0,1.0
A_box,tn3k_4501e10e3f,tn3k,0.822880744934082,1,1,0.902835538752363,0.822880771881461,5.830951894845301,3.0062895070710867,0.3887852791247047,0.1716589861751152,,
A_box__detstats,tn3k_4501e10e3f,tn3k,,1,1,,,,,,,0.0,0.0
B_seg,tn3k_4501e10e3f,tn3k,0.9203284382820129,1,1,0.9585114989021148,0.9203284509542832,3.1622776601683795,1.2646828684110334,0.7657826462957625,0.006221198156682027,,
B_seg__detstats,tn3k_4501e10e3f,tn3k,,1,1,,,,,,,0.0,0.0
SAM_edgesam,tn3k_4501e10e3f,tn3k,0.8301158547401428,1,1,0.9071729957805907,0.8301158301158301,7.615773105863909,2.820508784962187,0.4077416863748251,0.14331797235023042,,
SAM_edgesam__detstats,tn3k_4501e10e3f,tn3k,,1,1,,,,,,,0.0,0.0
SAM_efficientvit-t,tn3k_4501e10e3f,tn3k,0.0,1,1,0.0,0.0,,,0.0,,,
SAM_efficientvit-t__detstats,tn3k_4501e10e3f,tn3k,,1,1,,,,,,,1.0,1.0
A_box,tn3k_398c97384e,tn3k,0.6942250728607178,1,1,0.8195193072369003,0.6942250832740746,46.93608329051593,13.99452559995116,0.10774198629597544,0.26857907821763244,,
A_box__detstats,tn3k_398c97384e,tn3k,,1,1,,,,,,,0.0,0.0
B_seg,tn3k_398c97384e,tn3k,0.939801812171936,1,1,0.9689668465690054,0.9398018321181529,7.565423623376369,2.5743063108335713,0.574438202247191,0.015681774717919296,,
B_seg__detstats,tn3k_398c97384e,tn3k,,1,1,,,,,,,0.0,0.0
SAM_edgesam,tn3k_398c97384e,tn3k,0.743895947933197,1,1,0.8531425696221916,0.7438959255302915,45.70065140189875,11.002770531962828,0.3385644768856448,0.25163511187607573,,
SAM_edgesam__detstats,tn3k_398c97384e,tn3k,,1,1,,,,,,,0.0,0.0
SAM_efficientvit-t,tn3k_398c97384e,tn3k,0.0,1,1,0.0,0.0,,,0.0,,,
SAM_efficientvit-t__detstats,tn3k_398c97384e,tn3k,,1,1,,,,,,,1.0,1.0
A_box,tn3k_2e8606665e,tn3k,0.8272040486335754,1,1,0.9054314860766474,0.8272040302267003,4.0,1.9194501494812646,0.5656565656565656,0.16725618999494693,,
A_box__detstats,tn3k_2e8606665e,tn3k,,1,1,,,,,,,0.0,0.0
B_seg,tn3k_2e8606665e,tn3k,0.8399440050125122,1,1,0.9130103981739792,0.8399440037330844,5.0,1.7522427019588847,0.6730164339989397,0.007579585649317837,,
B_seg__detstats,tn3k_2e8606665e,tn3k,,1,1,,,,,,,0.0,0.0
SAM_edgesam,tn3k_2e8606665e,tn3k,0.0,1,1,0.0,0.0,,,0.0,,,
SAM_edgesam__detstats,tn3k_2e8606665e,tn3k,,1,1,,,,,,,1.0,1.0
SAM_efficientvit-t,tn3k_2e8606665e,tn3k,0.0,1,1,0.0,0.0,,,0.0,,,
SAM_efficientvit-t__detstats,tn3k_2e8606665e,tn3k,,1,1,,,,,,,1.0,1.0
A_box,tn3k_e82f9f01a7,tn3k,0.8829452395439148,1,1,0.9378342245989305,0.8829452485840151,3.0,1.074750943598901,0.8956916099773242,0.017229953611663355,,
A_box__detstats,tn3k_e82f9f01a7,tn3k,,1,1,,,,,,,0.0,0.0
B_seg,tn3k_e82f9f01a7,tn3k,0.9032869935035706,1,1,0.9491863168382597,0.9032869785082175,2.23606797749979,0.9270117179549007,0.9195053156866999,0.004638833664678595,,
B_seg__detstats,tn3k_e82f9f01a7,tn3k,,1,1,,,,,,,0.0,0.0
SAM_edgesam,tn3k_e82f9f01a7,tn3k,0.0,1,1,0.0,0.0,,,0.0,,,
SAM_edgesam__detstats,tn3k_e82f9f01a7,tn3k,,1,1,,,,,,,1.0,1.0
SAM_efficientvit-t,tn3k_e82f9f01a7,tn3k,0.0,1,1,0.0,0.0,,,0.0,,,
SAM_efficientvit-t__detstats,tn3k_e82f9f01a7,tn3k,,1,1,,,,,,,1.0,1.0
A_box,tn3k_c1be980a7c,tn3k,0.8100436925888062,2,2,0.8950542822677925,0.8100436681222707,3.0,1.3959833285621928,0.8026867554829852,0.14541387024608501,,
A_box,tn3k_c1be980a7c,tn3k,0.7913278937339783,2,2,0.8835098335854765,0.7913279132791328,4.123105625617661,2.020595431567471,0.5872251050160614,0.2255892255892256,,
A_box__detstats,tn3k_c1be980a7c,tn3k,,2,2,,,,,,,0.0,0.0
B_seg,tn3k_c1be980a7c,tn3k,0.8362919092178345,2,2,0.9108485499462943,0.8362919132149902,4.152989390993067,1.2129115292197268,0.850670365233472,0.08277404921700224,,
B_seg,tn3k_c1be980a7c,tn3k,0.8271257877349854,2,2,0.9053846153846153,0.8271257905832747,3.605551275463989,1.607009301010224,0.6827237099934682,0.18855218855218855,,
B_seg__detstats,tn3k_c1be980a7c,tn3k,,2,2,,,,,,,0.0,0.0
SAM_edgesam,tn3k_c1be980a7c,tn3k,0.8737254738807678,2,2,0.9326077856843867,0.8737254901960785,2.23606797749979,1.0646335152208173,0.8708842363413416,0.010942760942760943,,
SAM_edgesam,tn3k_c1be980a7c,tn3k,0.7873931527137756,2,2,0.8810520023909145,0.7873931623931624,4.47213595499958,1.571801392182923,0.775623268698061,0.12863534675615212,,
SAM_edgesam__detstats,tn3k_c1be980a7c,tn3k,,2,2,,,,,,,0.0,0.0
SAM_efficientvit-t,tn3k_c1be980a7c,tn3k,0.0,2,2,0.0,0.0,,,0.0,,,
SAM_efficientvit-t__detstats,tn3k_c1be980a7c,tn3k,,2,2,,,,,,,2.0,2.0
A_box,tn3k_75f6fec10b,tn3k,0.8669467568397522,1,1,0.9287321830457614,0.8669467787114846,3.605551275463989,1.2405954677330713,0.8175448779072176,0.04919292851652575,,
A_box__detstats,tn3k_75f6fec10b,tn3k,,1,1,,,,,,,0.0,0.0
B_seg,tn3k_75f6fec10b,tn3k,0.854125440120697,1,1,0.9213243147027412,0.8541254125412542,4.0,1.442687073576454,0.7174847990508676,0.15910837817063797,,
B_seg__detstats,tn3k_75f6fec10b,tn3k,,1,1,,,,,,,0.0,0.0
SAM_edgesam,tn3k_75f6fec10b,tn3k,0.0,1,1,0.0,0.0,,,0.0,,,
SAM_edgesam__detstats,tn3k_75f6fec10b,tn3k,,1,1,,,,,,,1.0,1.0
SAM_efficientvit-t,tn3k_75f6fec10b,tn3k,0.0,1,1,0.0,0.0,,,0.0,,,
SAM_efficientvit-t__detstats,tn3k_75f6fec10b,tn3k,,1,1,,,,,,,1.0,1.0
A_box,tn3k_a66f54501a,tn3k,0.8899887204170227,1,1,0.941792618629174,0.8899887065701189,7.053300858899107,3.4634121738780514,0.35729062001300316,0.05642847383522339,,
A_box__detstats,tn3k_a66f54501a,tn3k,,1,1,,,,,,,0.0,0.0
B_seg,tn3k_a66f54501a,tn3k,0.936011016368866,1,1,0.9669480321366826,0.9360110257924789,7.19009734006859,1.9896259077675031,0.7066508656819956,0.015234321628637791,,
B_seg__detstats,tn3k_a66f54501a,tn3k,,1,1,,,,,,,0.0,0.0
SAM_edgesam,tn3k_a66f54501a,tn3k,0.866976261138916,1,1,0.9287490855888808,0.8669762360010926,8.06225774829855,4.125374196358992,0.14388489208633093,0.13225850526028146,,
SAM_edgesam__detstats,tn3k_a66f54501a,tn3k,,1,1,,,,,,,0.0,0.0
SAM_efficientvit-t,tn3k_a66f54501a,tn3k,0.0,1,1,0.0,0.0,,,0.0,,,
SAM_efficientvit-t__detstats,tn3k_a66f54501a,tn3k,,1,1,,,,,,,1.0,1.0
A_box,tn3k_be632d42a2,tn3k,0.7927072644233704,1,1,0.8843689049874617,0.7927072927072927,13.026883367283705,3.582156122536479,0.46706045125585355,0.09821689564454837,,
A_box__detstats,tn3k_be632d42a2,tn3k,,1,1,,,,,,,0.0,0.0
B_seg,tn3k_be632d42a2,tn3k,0.903943657875061,1,1,0.9495487498150614,0.903943661971831,7.945256015572991,1.8971631655394376,0.8176970175785108,0.024261911721718796,,
B_seg__detstats,tn3k_be632d42a2,tn3k,,1,1,,,,,,,0.0,0.0
SAM_edgesam,tn3k_be632d42a2,tn3k,0.8251670598983765,1,1,0.9042098840756558,0.8251670378619154,6.324555320336759,2.637066644309786,0.4124601124449172,0.08360128617363344,,
SAM_edgesam__detstats,tn3k_be632d42a2,tn3k,,1,1,,,,,,,0.0,0.0
SAM_efficientvit-t,tn3k_be632d42a2,tn3k,0.0,1,1,0.0,0.0,,,0.0,,,
SAM_efficientvit-t__detstats,tn3k_be632d42a2,tn3k,,1,1,,,,,,,1.0,1.0
A_box,tn3k_123cbf01bd,tn3k,0.8997150659561157,2,2,0.9472105232792938,0.8997150372643578,6.708203932499369,2.4280883838253606,0.5242240105107571,0.06320676109986906,,
A_box,tn3k_123cbf01bd,tn3k,0.7774674296379089,2,2,0.8748035620743845,0.7774674115456238,6.0486832980505065,2.525184893710697,0.5146908020865842,0.10126582278481013,,
A_box__detstats,tn3k_123cbf01bd,tn3k,,2,2,,,,,,,0.0,0.0
B_seg,tn3k_123cbf01bd,tn3k,0.8928914070129395,2,3,0.9434153482348967,0.8928913993392306,8.94427190999916,2.5523984470679704,0.5469107551487414,0.11415307701464111,,
B_seg,tn3k_123cbf01bd,tn3k,0.7745013236999512,2,3,0.8729227761485826,0.7745013009540329,7.625496934366037,2.755721599209981,0.5273708558211258,0.25206384149697303,,
B_seg__detstats,tn3k_123cbf01bd,tn3k,,2,3,,,,,,,0.0,1.0
SAM_edgesam,tn3k_123cbf01bd,tn3k,0.768649697303772,2,2,0.8691938067271756,0.7686496694995278,21.2602916254693,6.5254901265310945,0.4092675373243346,0.22949648851327223,,
SAM_edgesam,tn3k_123cbf01bd,tn3k,0.6780114769935608,2,2,0.8081130355515042,0.6780114722753346,12.310197807834427,4.283529871370542,0.3044982698961938,0.4149697303247111,,
SAM_edgesam__detstats,tn3k_123cbf01bd,tn3k,,2,2,,,,,,,0.0,0.0
SAM_efficientvit-t,tn3k_123cbf01bd,tn3k,0.0,2,2,0.0,0.0,,,0.0,,,
SAM_efficientvit-t__detstats,tn3k_123cbf01bd,tn3k,,2,2,,,,,,,2.0,2.0
A_box,tn3k_e050c0f8dd,tn3k,0.0,1,0,0.0,0.0,,,0.0,,,
A_box__detstats,tn3k_e050c0f8dd,tn3k,,1,0,,,,,,,1.0,0.0
B_seg,tn3k_e050c0f8dd,tn3k,0.0,1,0,0.0,0.0,,,0.0,,,
B_seg__detstats,tn3k_e050c0f8dd,tn3k,,1,0,,,,,,,1.0,0.0
SAM_edgesam,tn3k_e050c0f8dd,tn3k,0.0,1,0,0.0,0.0,,,0.0,,,
SAM_edgesam__detstats,tn3k_e050c0f8dd,tn3k,,1,0,,,,,,,1.0,0.0
SAM_efficientvit-t,tn3k_e050c0f8dd,tn3k,0.0,1,0,0.0,0.0,,,0.0,,,
SAM_efficientvit-t__detstats,tn3k_e050c0f8dd,tn3k,,1,0,,,,,,,1.0,0.0
A_box,tn3k_8f32288f9c,tn3k,0.7886756062507629,1,1,0.8818542762098938,0.7886756238003839,9.433981132056603,4.017348538538287,0.3169538740606375,0.20512326656394453,,
A_box__detstats,tn3k_8f32288f9c,tn3k,,1,1,,,,,,,0.0,0.0
B_seg,tn3k_8f32288f9c,tn3k,0.8297906517982483,1,1,0.9069787754389029,0.829790634489372,8.06225774829855,3.4892602213817936,0.41493919591465794,0.20512326656394453,,
B_seg__detstats,tn3k_8f32288f9c,tn3k,,1,1,,,,,,,0.0,0.0
SAM_edgesam,tn3k_8f32288f9c,tn3k,0.7957022190093994,1,1,0.8862295922728438,0.7957022256331543,12.0,4.358158843555195,0.2940069341258048,0.2532742681047766,,
SAM_edgesam__detstats,tn3k_8f32288f9c,tn3k,,1,1,,,,,,,0.0,0.0
SAM_efficientvit-t,tn3k_8f32288f9c,tn3k,0.0,1,1,0.0,0.0,,,0.0,,,
SAM_efficientvit-t__detstats,tn3k_8f32288f9c,tn3k,,1,1,,,,,,,1.0,1.0
